customerID,gender,SeniorCitizen,Partner,Dependents,tenure,PhoneService,MultipleLines,InternetService,OnlineSecurity,OnlineBackup,DeviceProtection,TechSupport,StreamingTV,StreamingMovies,Contract,PaperlessBilling,PaymentMethod,MonthlyCharges,TotalCharges,Churn
0001-GTOKH,Male,1,No,Yes,47,No,No phone service,Fiber optic,No,No,Yes,No,No,No,Month-to-month,No,Electronic check,56.76,2698.28,No
0002-UGZSW,Male,0,Yes,No,27,Yes,No,DSL,Yes,No,Yes,No,No,Yes,One year,Yes,Electronic check,59.15,1600.93,No
0003-KKXUD,Male,0,No,Yes,2,Yes,Yes,Fiber optic,Yes,Yes,No,Yes,Yes,No,Two year,Yes,Electronic check,83.63,159.7,No
0004-HXCVU,Male,0,No,Yes,17,Yes,No,DSL,No,No,No,No,Yes,Yes,Month-to-month,No,Credit card (automatic),62.96,1072.94,No
0005-BXLFB,Male,0,Yes,Yes,12,Yes,No,No,No internet service,No internet service,No internet service,No internet service,No internet service,No internet service,Month-to-month,Yes,Mailed check,18.91,111.36,No
0006-UALZV,Female,0,No,No,26,Yes,No,Fiber optic,No,No,No,No,No,No,One year,Yes,Bank transfer (automatic),65.69,1803.79,No
0007-LYQJP,Male,1,No,No,39,Yes,No,No,No internet service,No internet service,No internet service,No internet service,No internet service,No internet service,One year,No,Mailed check,23.74,840.75,No
0008-OOSLW,Male,0,No,No,38,Yes,No,DSL,No,No,No,Yes,Yes,No,Two year,Yes,Mailed check,56.91,2219.63,No
0009-TYCES,Male,1,No,Yes,57,Yes,No,No,No internet service,No internet service,No internet service,No internet service,No internet service,No internet service,Two year,Yes,Credit card (automatic),19.66,1163.75,No
0010-GUIGR,Male,0,Yes,Yes,56,Yes,Yes,DSL,No,Yes,No,No,Yes,No,Month-to-month,Yes,Credit card (automatic),58.3,3274.7,No
0011-DYNRZ,Male,0,No,No,23,Yes,Yes,Fiber optic,No,Yes,Yes,No,No,Yes,One year,No,Credit card (automatic),82.5,1777.15,Yes
0012-IZUBT,Female,0,Yes,Yes,21,Yes,No,DSL,Yes,No,Yes,No,Yes,Yes,Two year,Yes,Credit card (automatic),74.66,1581.11,Yes
0013-OGLHO,Male,1,Yes,Yes,50,Yes,Yes,DSL,No,No,No,No,No,Yes,One year,No,Electronic check,47.51,2460.17,No
0014-CNQDR,Male,0,No,No,37,Yes,No,No,No internet service,No internet service,No internet service,No internet service,No internet service,No internet service,Two year,Yes,Bank transfer (automatic),18.25,679.7,No
0015-HDBFV,Female,0,Yes,No,60,Yes,No,DSL,No,No,No,No,No,No,Month-to-month,Yes,Electronic check,35.37,2105.83,No
0016-JDVRZ,Male,0,No,No,48,No,No phone service,DSL,No,No,No,No,No,Yes,One year,Yes,Credit card (automatic),44.12,2108.21,No
0017-LBJDN,Female,1,Yes,Yes,22,Yes,Yes,No,No internet service,No internet service,No internet service,No internet service,No internet service,No internet service,Month-to-month,Yes,Mailed check,35.92,803.23,No
0018-POHNW,Female,0,Yes,No,3,Yes,No,Fiber optic,No,No,Yes,No,No,No,Month-to-month,Yes,Mailed check,71.22,75.07,Yes
0019-YHUPM,Female,0,Yes,No,36,Yes,No,Fiber optic,Yes,Yes,No,No,No,No,Month-to-month,Yes,Electronic check,71.08,2587.19,No
0020-ROUXZ,Male,0,No,No,5,Yes,No,DSL,Yes,Yes,Yes,No,Yes,Yes,One year,No,Bank transfer (automatic),65.87,281.23,No
0021-YMIOM,Male,0,Yes,Yes,27,Yes,No,No,No internet service,No internet service,No internet service,No internet service,No internet service,No internet service,Month-to-month,Yes,Mailed check,19.69,550.57,No
0022-AYGIX,Female,1,Yes,No,7,Yes,No,Fiber optic,Yes,No,Yes,Yes,Yes,No,Two year,Yes,Electronic check,76.37,624.7,Yes
0023-ALHXK,Male,1,No,No,19,Yes,Yes,DSL,No,No,No,Yes,Yes,No,Month-to-month,Yes,Mailed check,41.92,767.99,Yes
0024-SQHCC,Male,0,Yes,Yes,15,Yes,Yes,Fiber optic,No,Yes,Yes,No,No,No,Month-to-month,Yes,Mailed check,65.83,934.37,Yes
0025-AEJGZ,Female,1,Yes,No,12,Yes,No,Fiber optic,Yes,No,No,Yes,No,No,Month-to-month,Yes,Electronic check,67.89,818.45,Yes
0026-IGIHL,Female,0,No,No,61,Yes,Yes,Fiber optic,No,Yes,No,No,Yes,Yes,Two year,Yes,Bank transfer (automatic),81.47,5054.64,No
0027-BAPWW,Male,0,No,No,65,Yes,Yes,No,No internet service,No internet service,No internet service,No internet service,No internet service,No internet service,Two year,No,Bank transfer (automatic),19.29,1267.6,No
0028-XECLH,Female,1,Yes,Yes,52,Yes,No,Fiber optic,Yes,No,No,No,No,No,One year,Yes,Electronic check,69.2,3654.22,No
0029-VCACE,Female,0,No,Yes,27,Yes,No,Fiber optic,No,No,No,Yes,No,No,Month-to-month,No,Mailed check,60.93,1677.04,No
0030-ONCAE,Male,0,Yes,No,17,Yes,No,Fiber optic,No,No,No,No,Yes,No,Month-to-month,No,Mailed check,66.8,1194.26,No
0031-ZWNGI,Male,0,Yes,No,6,Yes,Yes,Fiber optic,No,No,No,Yes,No,No,Two year,Yes,Bank transfer (automatic),60.79,332.78,No
0032-OOZJM,Female,0,No,No,20,Yes,No,Fiber optic,No,Yes,Yes,Yes,No,No,Two year,No,Mailed check,72.91,1533.16,No
0033-SGQTD,Male,0,No,No,40,Yes,Yes,No,No internet service,No internet service,No internet service,No internet service,No internet service,No internet service,One year,Yes,Electronic check,28.01,1151.48,No
0034-EWGMO,Male,0,Yes,No,38,Yes,Yes,Fiber optic,No,No,No,No,No,Yes,Two year,Yes,Mailed check,65.14,2406.67,No
0035-KDMGS,Male,0,Yes,No,72,Yes,No,Fiber optic,Yes,No,No,No,No,No,One year,No,Mailed check,72.51,5210.82,Yes
0036-VBJMY,Male,0,Yes,Yes,9,Yes,Yes,Fiber optic,No,No,Yes,No,No,Yes,Month-to-month,No,Electronic check,69.27,632.11,Yes
0037-UFLLT,Male,0,Yes,No,30,Yes,Yes,DSL,No,No,No,Yes,Yes,No,One year,Yes,Mailed check,52.31,1574.73,No
0038-KZWYG,Male,1,No,No,41,No,No phone service,Fiber optic,Yes,No,No,Yes,Yes,No,Month-to-month,Yes,Mailed check,79.4,3251.97,Yes
0039-AAYYT,Female,0,No,Yes,68,Yes,No,No,No internet service,No internet service,No internet service,No internet service,No internet service,No internet service,One year,No,Electronic check,18.25,1253.75,No
0040-MICGF,Female,0,Yes,Yes,58,Yes,No,DSL,No,Yes,No,No,No,No,Two year,Yes,Bank transfer (automatic),46.79,2726.58,No
0041-HIEAS,Female,0,No,Yes,37,Yes,Yes,Fiber optic,No,Yes,No,No,Yes,Yes,Month-to-month,No,Electronic check,91.62,3363.19,Yes
0042-JLXOV,Female,0,No,No,42,Yes,Yes,DSL,No,No,Yes,No,No,No,Month-to-month,Yes,Electronic check,41.07,1745.64,Yes
0043-XITQQ,Female,0,Yes,No,1,Yes,No,Fiber optic,No,No,No,Yes,No,No,Month-to-month,Yes,Electronic check,61.85,101.09,Yes
0044-ZTLGB,Male,0,No,No,5,No,No phone service,Fiber optic,No,No,No,No,No,Yes,Month-to-month,Yes,Bank transfer (automatic),74.8,462.87,Yes
0045-CQEQX,Male,1,No,No,28,Yes,Yes,Fiber optic,No,No,Yes,No,No,No,Month-to-month,Yes,Mailed check,58.83,1754.38,No
0046-QQBBV,Female,1,Yes,No,29,Yes,Yes,DSL,No,Yes,No,Yes,No,No,One year,No,Electronic check,45.47,1300.81,No
0047-WEAAS,Male,0,No,No,39,Yes,No,No,No internet service,No internet service,No internet service,No internet service,No internet service,No internet service,One year,No,Electronic check,22.0,835.61,No
0048-BULZF,Female,0,No,No,36,Yes,No,DSL,No,Yes,No,No,No,No,Month-to-month,Yes,Electronic check,47.55,1695.44,Yes
0049-WDWKX,Male,0,Yes,Yes,6,No,No phone service,Fiber optic,Yes,No,Yes,No,Yes,Yes,Two year,No,Credit card (automatic),82.53,436.32,No
0050-QFXET,Female,1,Yes,No,49,Yes,No,Fiber optic,Yes,No,Yes,No,Yes,No,One year,No,Mailed check,80.6,3957.72,No
0051-BFVKP,Male,0,No,No,17,Yes,Yes,Fiber optic,No,No,No,Yes,Yes,No,Month-to-month,Yes,Credit card (automatic),66.75,1303.55,No
0052-PAIFP,Female,0,No,Yes,7,Yes,No,DSL,Yes,Yes,No,No,Yes,No,Month-to-month,No,Credit card (automatic),56.77,353.54,Yes
0053-CTDSZ,Male,0,No,Yes,70,Yes,No,Fiber optic,No,No,No,No,Yes,Yes,Month-to-month,No,Mailed check,80.24,5585.92,Yes
0054-CSTGT,Female,0,Yes,No,54,Yes,No,No,No internet service,No internet service,No internet service,No internet service,No internet service,No internet service,Month-to-month,Yes,Electronic check,24.48,1238.41,Yes
0055-IAHGR,Male,0,No,Yes,47,Yes,Yes,Fiber optic,Yes,Yes,Yes,No,No,Yes,Month-to-month,Yes,Credit card (automatic),74.73,3559.99,Yes
0056-HAKYY,Male,0,Yes,No,57,Yes,Yes,Fiber optic,No,Yes,Yes,No,No,Yes,One year,Yes,Bank transfer (automatic),73.79,4215.83,No
0057-RWJCG,Female,0,Yes,No,15,Yes,No,Fiber optic,No,No,No,Yes,Yes,No,Month-to-month,No,Electronic check,65.43,940.22,Yes
0058-PZPYT,Female,0,Yes,Yes,24,No,No phone service,No,No internet service,No internet service,No internet service,No internet service,No internet service,No internet service,Month-to-month,Yes,Mailed check,18.25,385.16,No
0059-QBAPL,Female,0,No,No,28,Yes,No,Fiber optic,No,No,No,No,No,No,Month-to-month,Yes,Bank transfer (automatic),56.35,1549.1,No
0060-EEWII,Female,1,Yes,No,7,Yes,No,Fiber optic,Yes,Yes,No,No,Yes,Yes,Two year,No,Mailed check,90.35,667.3,No
0061-CSPPC,Female,1,Yes,Yes,54,Yes,Yes,No,No internet service,No internet service,No internet service,No internet service,No internet service,No internet service,One year,No,Bank transfer (automatic),18.25,1003.36,No
0062-TXVXA,Female,0,Yes,No,51,Yes,No,Fiber optic,No,Yes,Yes,No,Yes,No,Month-to-month,No,Credit card (automatic),78.2,3945.03,Yes
0063-XTKQH,Female,0,Yes,No,25,Yes,No,Fiber optic,Yes,No,Yes,Yes,No,Yes,Month-to-month,No,Electronic check,79.44,1955.44,No
0064-DFHTC,Female,0,Yes,Yes,24,Yes,Yes,Fiber optic,Yes,Yes,No,No,No,No,Two year,No,Mailed check,63.85,1579.76,No
0065-PYCYR,Male,0,No,Yes,72,Yes,No,No,No internet service,No internet service,No internet service,No internet service,No internet service,No internet service,Month-to-month,Yes,Electronic check,20.33,1368.4,No
0066-NRBVC,Male,0,No,No,25,Yes,Yes,Fiber optic,No,No,No,Yes,Yes,Yes,Month-to-month,Yes,Mailed check,85.64,2085.57,Yes
0067-PIDAD,Male,0,No,No,46,Yes,No,Fiber optic,Yes,Yes,Yes,Yes,Yes,No,One year,Yes,Electronic check,73.09,3369.01,No
0068-ANUPT,Male,0,Yes,No,0,Yes,Yes,DSL,No,Yes,No,Yes,No,No,One year,Yes,Electronic check,54.27,18.8,No
0069-XHGCQ,Female,0,Yes,Yes,63,Yes,No,DSL,No,No,Yes,Yes,No,No,Month-to-month,No,Electronic check,41.67,2658.71,No
0070-APLSV,Male,0,No,No,11,Yes,Yes,Fiber optic,Yes,No,Yes,Yes,No,No,Two year,No,Bank transfer (automatic),61.6,719.02,Yes
0071-WVNFF,Male,0,Yes,Yes,23,Yes,Yes,DSL,No,No,Yes,No,Yes,No,Month-to-month,Yes,Mailed check,47.15,1117.27,No
0072-MSVHB,Female,0,No,No,29,Yes,No,DSL,Yes,No,Yes,Yes,Yes,No,Month-to-month,Yes,Mailed check,55.97,1528.67,No
0073-UAOAE,Male,0,No,No,13,No,No phone service,No,No internet service,No internet service,No internet service,No internet service,No internet service,No internet service,Month-to-month,Yes,Electronic check,19.39,292.16,No
0074-PSDCQ,Female,0,No,No,22,Yes,No,No,No internet service,No internet service,No internet service,No internet service,No internet service,No internet service,Two year,Yes,Credit card (automatic),23.16,529.62,No
0075-QLNUF,Male,0,Yes,Yes,1,Yes,Yes,DSL,No,No,Yes,Yes,No,Yes,Month-to-month,No,Electronic check,47.4,49.11,No
0076-CIEXQ,Male,0,Yes,No,2,Yes,No,No,No internet service,No internet service,No internet service,No internet service,No internet service,No internet service,Month-to-month,Yes,Credit card (automatic),18.25,86.19,No
0077-NUCAT,Female,0,Yes,Yes,5,Yes,No,No,No internet service,No internet service,No internet service,No internet service,No internet service,No internet service,Month-to-month,No,Bank transfer (automatic),21.3,169.05,No
0078-UWACR,Female,0,No,Yes,20,Yes,No,Fiber optic,No,No,No,No,No,No,Month-to-month,Yes,Electronic check,56.63,1099.95,Yes
0079-YJVZC,Male,0,No,No,19,Yes,Yes,DSL,No,Yes,Yes,No,No,No,One year,No,Bank transfer (automatic),43.56,735.78,No
0080-HNXRO,Male,0,No,No,20,Yes,No,DSL,No,No,No,Yes,No,Yes,Month-to-month,Yes,Electronic check,54.58,1069.07,No
0081-VWBJB,Male,0,Yes,No,39,Yes,No,DSL,No,Yes,No,No,No,No,Month-to-month,Yes,Electronic check,36.58,1369.16,No
0082-ZQHAI,Female,0,No,No,67,Yes,No,No,No internet service,No internet service,No internet service,No internet service,No internet service,No internet service,One year,No,Electronic check,21.08,1402.49,No
0083-KVPGJ,Female,0,No,No,24,Yes,Yes,Fiber optic,No,No,No,Yes,No,Yes,Month-to-month,Yes,Credit card (automatic),73.24,1788.62,No
0084-WZCRY,Female,0,Yes,No,70,Yes,Yes,Fiber optic,Yes,No,No,No,Yes,No,Two year,No,Bank transfer (automatic),80.99,5635.88,No
0085-XMZGY,Female,0,Yes,No,70,Yes,No,Fiber optic,Yes,Yes,Yes,Yes,No,Yes,Month-to-month,No,Electronic check,80.49,5592.72,Yes
0086-DMTAH,Female,0,No,No,32,Yes,Yes,Fiber optic,No,Yes,Yes,Yes,Yes,Yes,Month-to-month,Yes,Electronic check,84.48,2531.68,No
0087-NPNLS,Female,0,No,No,50,Yes,Yes,DSL,No,No,No,No,Yes,Yes,Month-to-month,Yes,Electronic check,53.98,2721.12,No
0088-WOBBW,Male,0,Yes,No,71,No,No phone service,DSL,No,Yes,No,Yes,No,No,One year,No,Credit card (automatic),42.77,3076.45,No
0089-VSYZV,Female,0,Yes,No,19,Yes,No,No,No internet service,No internet service,No internet service,No internet service,No internet service,No internet service,Month-to-month,No,Bank transfer (automatic),24.99,429.93,Yes
0090-ZZVQT,Female,1,No,No,18,Yes,Yes,No,No internet service,No internet service,No internet service,No internet service,No internet service,No internet service,One year,Yes,Mailed check,18.25,277.44,No
0091-JFOVK,Male,1,Yes,Yes,70,Yes,No,DSL,No,No,Yes,Yes,No,No,One year,No,Credit card (automatic),29.71,2073.08,No
0092-EAHUL,Male,0,Yes,Yes,55,Yes,Yes,DSL,Yes,No,No,No,Yes,Yes,Two year,Yes,Mailed check,71.2,3830.43,No
0093-LEGDF,Female,0,No,No,55,Yes,No,Fiber optic,Yes,Yes,No,No,No,No,Month-to-month,No,Credit card (automatic),68.69,3831.14,No
0094-MTOCW,Female,0,No,No,0,Yes,Yes,DSL,No,No,No,Yes,No,No,One year,No,Electronic check,44.72,18.8,No
0095-HTPMR,Female,1,No,No,38,Yes,Yes,Fiber optic,No,No,No,Yes,Yes,No,One year,Yes,Credit card (automatic),64.84,2504.92,No
0096-JSQXS,Female,0,Yes,Yes,36,Yes,No,Fiber optic,No,No,No,No,No,No,Month-to-month,Yes,Credit card (automatic),59.85,2149.68,Yes
0097-ZWZEZ,Male,0,No,No,17,Yes,No,Fiber optic,Yes,Yes,No,No,No,Yes,Two year,Yes,Bank transfer (automatic),77.34,1226.2,No
0098-UWILU,Male,0,No,Yes,71,No,No phone service,DSL,No,No,No,Yes,No,No,Month-to-month,No,Bank transfer (automatic),41.97,2932.4,Yes
0099-AZZAO,Male,0,No,No,5,No,No phone service,No,No internet service,No internet service,No internet service,No internet service,No internet service,No internet service,Month-to-month,Yes,Mailed check,20.7,18.8,Yes
0100-BVPYH,Female,0,Yes,Yes,21,Yes,No,DSL,No,Yes,No,No,No,Yes,Month-to-month,No,Mailed check,58.56,1234.9,No
0101-MUAPG,Male,0,Yes,No,10,No,No phone service,DSL,No,No,Yes,Yes,No,No,Month-to-month,No,Electronic check,38.88,350.66,No
0102-EVWCL,Female,0,Yes,No,71,Yes,Yes,DSL,Yes,No,No,No,No,Yes,Two year,Yes,Electronic check,60.26,4260.73,No
0103-ZPSEV,Male,0,No,No,8,Yes,No,No,No internet service,No internet service,No internet service,No internet service,No internet service,No internet service,Two year,Yes,Bank transfer (automatic),18.25,213.28,No
0104-YNEOQ,Female,1,No,No,12,Yes,Yes,DSL,No,Yes,No,No,Yes,No,One year,No,Mailed check,59.53,759.78,Yes
0105-NTELP,Female,0,Yes,No,2,Yes,No,No,No internet service,No internet service,No internet service,No internet service,No internet service,No internet service,Month-to-month,Yes,Electronic check,26.22,33.23,Yes
0106-ZZPUG,Male,0,Yes,No,66,Yes,No,DSL,No,Yes,No,No,No,Yes,Month-to-month,Yes,Electronic check,56.35,3713.72,No
0107-DAEWZ,Male,0,Yes,No,6,Yes,No,DSL,Yes,No,No,No,Yes,No,Month-to-month,Yes,Credit card (automatic),50.65,262.97,No
0108-JVEDB,Female,0,Yes,No,66,Yes,No,Fiber optic,Yes,Yes,No,No,No,Yes,One year,Yes,Bank transfer (automatic),70.4,4678.6,No
0109-TJZSZ,Male,0,No,No,45,Yes,No,No,No internet service,No internet service,No internet service,No internet service,No internet service,No internet service,Two year,No,Electronic check,18.78,948.74,No
0110-AXEMD,Female,0,No,No,57,Yes,Yes,No,No internet service,No internet service,No internet service,No internet service,No internet service,No internet service,Month-to-month,Yes,Bank transfer (automatic),18.25,997.33,Yes
0111-PXPWB,Female,1,Yes,Yes,27,Yes,No,DSL,No,No,No,No,No,No,Month-to-month,Yes,Electronic check,37.34,1025.94,No
0112-QTXLR,Male,0,Yes,No,30,Yes,No,No,No internet service,No internet service,No internet service,No internet service,No internet service,No internet service,Month-to-month,No,Bank transfer (automatic),31.05,889.51,No
0113-CAASK,Male,0,Yes,No,51,Yes,Yes,DSL,Yes,No,No,No,No,No,Two year,No,Mailed check,43.91,2283.48,No
0114-ELCAA,Female,0,No,No,8,Yes,Yes,Fiber optic,No,No,No,No,Yes,No,Two year,No,Electronic check,62.86,532.9,No
0115-HJKLM,Female,0,Yes,No,7,Yes,No,Fiber optic,No,No,Yes,No,No,No,Month-to-month,No,Bank transfer (automatic),56.99,424.41,Yes
0116-LNBSR,Female,0,No,Yes,17,Yes,No,DSL,Yes,Yes,No,No,No,Yes,Month-to-month,Yes,Mailed check,64.85,1026.1,Yes
0117-CWQZH,Female,0,No,No,48,Yes,Yes,Fiber optic,No,No,Yes,Yes,No,No,One year,No,Credit card (automatic),61.24,2827.08,Yes
0118-ZJZBS,Female,0,No,No,10,Yes,Yes,Fiber optic,No,No,Yes,No,No,No,Month-to-month,No,Credit card (automatic),63.47,655.18,No
0119-IGDZU,Female,0,No,No,1,Yes,No,No,No internet service,No internet service,No internet service,No internet service,No internet service,No internet service,Month-to-month,Yes,Bank transfer (automatic),29.34,18.8,No
0120-RMKXD,Male,0,No,No,28,Yes,Yes,Fiber optic,No,No,Yes,Yes,No,Yes,Two year,Yes,Electronic check,69.66,1938.55,No
0121-YUYDJ,Male,1,Yes,Yes,54,Yes,No,Fiber optic,No,Yes,Yes,No,No,No,Month-to-month,Yes,Electronic check,72.51,3891.66,Yes
0122-EIXCQ,Male,0,No,No,52,Yes,Yes,No,No internet service,No internet service,No internet service,No internet service,No internet service,No internet service,Month-to-month,Yes,Electronic check,23.39,1268.02,No
0123-CPDRQ,Female,0,No,No,25,Yes,Yes,DSL,Yes,No,No,No,Yes,No,Month-to-month,Yes,Credit card (automatic),52.05,1342.6,No
0124-GXWEL,Female,0,Yes,Yes,50,No,No phone service,Fiber optic,Yes,Yes,No,No,No,Yes,Two year,Yes,Mailed check,87.16,4337.39,No
0125-QWMWY,Male,1,Yes,No,5,Yes,No,DSL,Yes,Yes,Yes,No,Yes,No,Month-to-month,No,Credit card (automatic),61.11,322.01,Yes
0126-CIQQT,Male,0,Yes,No,11,Yes,Yes,DSL,No,No,No,Yes,No,Yes,One year,Yes,Bank transfer (automatic),56.69,640.99,No
0127-PYVMS,Male,0,Yes,No,33,Yes,No,Fiber optic,Yes,Yes,No,Yes,No,Yes,Month-to-month,No,Bank transfer (automatic),79.1,2653.51,No
0128-QDLIS,Female,0,Yes,Yes,69,Yes,No,Fiber optic,No,Yes,Yes,No,No,No,Month-to-month,No,Credit card (automatic),55.82,3752.14,Yes
0129-LIGNT,Female,0,No,No,63,Yes,No,DSL,No,Yes,Yes,Yes,No,No,Month-to-month,Yes,Bank transfer (automatic),34.04,2100.81,No
0130-SZOPU,Female,0,No,Yes,36,Yes,No,No,No internet service,No internet service,No internet service,No internet service,No internet service,No internet service,Two year,Yes,Credit card (automatic),22.66,860.31,No
0131-ECLYT,Male,0,No,No,36,Yes,No,No,No internet service,No internet service,No internet service,No internet service,No internet service,No internet service,Two year,No,Mailed check,18.25,588.94,No
0132-UDUWP,Male,0,No,No,7,Yes,No,DSL,No,Yes,No,No,No,Yes,Month-to-month,Yes,Bank transfer (automatic),45.88,257.56,Yes
0133-YGMUJ,Male,0,No,No,36,Yes,No,Fiber optic,Yes,No,No,Yes,No,No,Month-to-month,Yes,Electronic check,67.55,2422.22,No
0134-ZGNZE,Female,0,No,No,45,Yes,Yes,DSL,No,Yes,No,Yes,No,No,One year,No,Credit card (automatic),49.04,2177.58,No
0135-CWKKR,Male,0,Yes,No,30,Yes,No,Fiber optic,Yes,No,No,Yes,Yes,No,Month-to-month,Yes,Electronic check,75.46,2286.85,No
0136-OLIJZ,Male,0,No,No,10,Yes,No,No,No internet service,No internet service,No internet service,No internet service,No internet service,No internet service,Two year,Yes,Credit card (automatic),19.27,254.62,No
0137-LQFGN,Female,0,Yes,No,35,Yes,No,Fiber optic,No,No,Yes,Yes,Yes,Yes,Month-to-month,Yes,Mailed check,83.87,2836.0,No
0138-MHJIR,Female,0,No,No,67,Yes,Yes,DSL,No,No,Yes,No,No,No,Two year,No,Mailed check,39.13,2625.31,No
0139-ZBEEF,Male,0,No,No,16,Yes,No,Fiber optic,No,No,No,No,No,Yes,Month-to-month,No,Mailed check,68.25,1083.91,Yes
0140-SHPMA,Female,0,No,No,15,Yes,Yes,No,No internet service,No internet service,No internet service,No internet service,No internet service,No internet service,One year,Yes,Mailed check,18.25,211.54,No
0141-VTQGY,Male,0,Yes,No,29,Yes,Yes,DSL,Yes,No,Yes,Yes,No,No,Month-to-month,Yes,Bank transfer (automatic),38.26,984.15,No
0142-MDDFS,Female,0,Yes,No,38,Yes,No,DSL,Yes,No,No,No,No,Yes,Month-to-month,No,Bank transfer (automatic),55.14,2049.71,No
0143-LVGJZ,Female,0,Yes,No,43,Yes,No,No,No internet service,No internet service,No internet service,No internet service,No internet service,No internet service,Month-to-month,No,Electronic check,18.25,700.95,Yes
0144-SGCMM,Female,0,Yes,No,68,No,No phone service,DSL,No,Yes,No,Yes,Yes,Yes,Month-to-month,No,Credit card (automatic),73.47,5006.45,No
0145-RZTHI,Female,1,No,No,36,Yes,Yes,Fiber optic,No,No,Yes,Yes,Yes,Yes,Month-to-month,Yes,Bank transfer (automatic),80.39,2858.0,Yes
0146-GACMY,Female,0,Yes,No,25,Yes,Yes,DSL,Yes,No,No,No,No,Yes,One year,Yes,Bank transfer (automatic),49.6,1200.35,No
0147-QYXAF,Female,0,No,Yes,20,Yes,No,DSL,Yes,Yes,No,No,No,No,Month-to-month,Yes,Credit card (automatic),51.29,1059.64,Yes
0148-UFZLM,Male,0,Yes,No,18,Yes,No,Fiber optic,No,Yes,No,No,Yes,No,Month-to-month,No,Credit card (automatic),74.38,1435.13,Yes
0149-MOUPV,Male,0,No,No,10,No,No phone service,Fiber optic,No,No,No,No,No,No,Month-to-month,Yes,Bank transfer (automatic),62.14,606.24,Yes
0150-UKEDC,Male,0,Yes,No,18,Yes,No,DSL,No,Yes,No,Yes,Yes,Yes,Month-to-month,Yes,Electronic check,67.19,1235.87,No
0151-STYRO,Female,0,Yes,No,68,Yes,No,Fiber optic,No,No,Yes,Yes,No,Yes,Month-to-month,Yes,Bank transfer (automatic),66.27,4552.49,Yes
0152-IQNOA,Female,0,No,No,1,Yes,Yes,Fiber optic,No,No,No,No,No,Yes,Month-to-month,Yes,Electronic check,71.32,18.8,Yes
0153-UVVCP,Male,0,No,No,24,Yes,Yes,Fiber optic,No,No,Yes,Yes,No,No,Month-to-month,Yes,Bank transfer (automatic),70.08,1602.32,No
0154-WYKLJ,Male,0,Yes,No,29,Yes,No,No,No internet service,No internet service,No internet service,No internet service,No internet service,No internet service,One year,Yes,Mailed check,18.25,516.3,No
0155-PHFLX,Male,0,No,Yes,16,Yes,No,Fiber optic,No,Yes,Yes,Yes,No,Yes,Month-to-month,Yes,Bank transfer (automatic),72.92,1190.27,Yes
0156-UHZDZ,Female,0,No,No,17,Yes,Yes,DSL,No,Yes,No,No,No,No,Month-to-month,Yes,Electronic check,38.58,616.32,No
0157-HZREI,Male,0,No,No,39,Yes,No,DSL,Yes,Yes,Yes,No,No,No,Month-to-month,Yes,Bank transfer (automatic),56.33,2106.96,No
0158-DVQIA,Male,0,No,No,5,Yes,Yes,Fiber optic,Yes,Yes,No,Yes,Yes,Yes,Month-to-month,Yes,Credit card (automatic),89.65,518.45,No
0159-UTMPM,Male,0,No,No,42,Yes,No,No,No internet service,No internet service,No internet service,No internet service,No internet service,No internet service,Month-to-month,Yes,Electronic check,18.25,800.73,Yes
0160-NCFRS,Male,0,No,No,69,Yes,Yes,DSL,No,No,Yes,No,Yes,No,Month-to-month,Yes,Bank transfer (automatic),43.93,3016.95,No
0161-EOYBJ,Female,0,No,No,16,Yes,No,No,No internet service,No internet service,No internet service,No internet service,No internet service,No internet service,Month-to-month,Yes,Credit card (automatic),18.25,240.46,No
0162-XRMEW,Male,0,No,No,41,Yes,Yes,DSL,Yes,No,No,No,No,No,Two year,No,Credit card (automatic),51.29,2030.17,No
0163-XAVAR,Male,0,No,No,18,Yes,No,DSL,No,No,No,No,No,Yes,Month-to-month,Yes,Electronic check,50.7,865.68,Yes
0164-OQKUZ,Female,0,No,No,54,Yes,No,No,No internet service,No internet service,No internet service,No internet service,No internet service,No internet service,Month-to-month,No,Mailed check,19.01,1111.36,No
0165-YVQMA,Female,0,Yes,No,28,Yes,No,DSL,No,No,No,No,No,No,Two year,No,Electronic check,36.3,998.47,No
0166-BICAU,Female,0,Yes,No,53,Yes,Yes,Fiber optic,Yes,Yes,No,Yes,No,Yes,One year,No,Electronic check,80.06,4254.82,No
0167-PWFQE,Female,0,No,No,70,Yes,Yes,DSL,Yes,No,No,No,No,No,Two year,No,Credit card (automatic),41.89,3078.71,No
0168-EFCUW,Female,0,No,No,7,Yes,No,DSL,Yes,Yes,No,No,No,No,One year,Yes,Credit card (automatic),56.69,489.04,Yes
0169-EUEJJ,Male,0,Yes,No,7,Yes,Yes,Fiber optic,No,No,No,No,Yes,Yes,One year,No,Bank transfer (automatic),80.78,573.23,Yes
0170-SQUNI,Male,0,Yes,Yes,68,Yes,No,No,No internet service,No internet service,No internet service,No internet service,No internet service,No internet service,Month-to-month,Yes,Electronic check,18.25,1329.42,No
0171-NASMM,Male,0,No,No,42,Yes,No,Fiber optic,No,No,Yes,Yes,Yes,No,One year,Yes,Electronic check,66.45,2814.28,No
0172-DAQHB,Female,1,Yes,No,49,Yes,Yes,Fiber optic,No,Yes,No,Yes,No,Yes,One year,Yes,Mailed check,83.38,4183.35,No
0173-HGZZB,Male,0,Yes,No,3,Yes,Yes,Fiber optic,Yes,Yes,Yes,No,No,Yes,Month-to-month,No,Credit card (automatic),78.97,238.26,Yes
0174-VVCRL,Female,0,Yes,Yes,35,Yes,Yes,DSL,No,Yes,Yes,No,Yes,Yes,Month-to-month,Yes,Electronic check,72.72,2581.37,No
0175-AVLEY,Female,0,No,No,4,Yes,Yes,Fiber optic,No,No,No,Yes,Yes,No,One year,Yes,Bank transfer (automatic),71.1,313.49,Yes
0176-QPOWO,Male,0,Yes,Yes,18,Yes,No,Fiber optic,No,Yes,No,No,No,No,Month-to-month,Yes,Mailed check,67.18,1168.07,Yes
0177-EUNBK,Female,1,No,No,41,Yes,No,Fiber optic,No,No,Yes,Yes,Yes,Yes,Month-to-month,Yes,Electronic check,77.31,3207.52,Yes
0178-SGFBF,Male,0,No,No,14,Yes,No,Fiber optic,No,No,No,No,Yes,Yes,Month-to-month,No,Mailed check,84.05,1124.28,No
0179-RBROS,Female,0,No,Yes,57,Yes,No,DSL,Yes,Yes,No,Yes,Yes,No,Month-to-month,Yes,Mailed check,54.01,3052.31,Yes
0180-BTYFA,Male,0,Yes,Yes,13,Yes,No,Fiber optic,No,No,No,No,Yes,No,Two year,Yes,Electronic check,66.27,902.17,No
0181-XOWJS,Female,0,Yes,No,47,Yes,No,No,No internet service,No internet service,No internet service,No internet service,No internet service,No internet service,One year,Yes,Electronic check,21.75,1041.72,No
0182-QEDJX,Female,0,No,No,71,Yes,Yes,DSL,No,No,Yes,No,Yes,Yes,Month-to-month,Yes,Bank transfer (automatic),58.54,4157.74,No
0183-QJQTX,Female,1,No,No,72,Yes,Yes,DSL,No,Yes,No,Yes,No,Yes,Month-to-month,No,Electronic check,55.18,3988.79,No
0184-EBFUB,Male,0,Yes,No,62,Yes,Yes,Fiber optic,Yes,No,No,No,No,Yes,Month-to-month,No,Bank transfer (automatic),77.66,4812.68,Yes
0185-MKKPK,Female,0,Yes,No,54,Yes,No,Fiber optic,Yes,Yes,No,No,No,Yes,One year,No,Credit card (automatic),79.81,4362.22,No
0186-SOYWW,Male,0,No,No,31,Yes,No,DSL,No,Yes,No,Yes,Yes,No,Month-to-month,Yes,Electronic check,55.44,1834.51,Yes
0187-PKVPH,Female,0,No,No,35,Yes,No,Fiber optic,Yes,Yes,No,Yes,No,No,Month-to-month,No,Credit card (automatic),79.23,2844.01,Yes
0188-DHDXY,Male,0,Yes,No,56,Yes,Yes,Fiber optic,No,No,No,No,Yes,No,One year,No,Credit card (automatic),60.02,3343.65,No
0189-CCRZS,Female,0,Yes,Yes,43,Yes,Yes,DSL,No,Yes,No,No,Yes,No,One year,No,Electronic check,52.57,2285.72,No
0190-SUERJ,Male,0,Yes,No,33,No,No phone service,Fiber optic,Yes,No,No,No,Yes,No,Two year,Yes,Electronic check,74.06,2404.2,No
0191-VUFAE,Female,0,Yes,Yes,50,No,No phone service,DSL,Yes,Yes,No,No,No,No,Month-to-month,Yes,Credit card (automatic),54.72,2796.73,Yes
0192-ILZNB,Female,0,Yes,No,68,Yes,Yes,Fiber optic,Yes,Yes,Yes,Yes,No,No,Two year,Yes,Electronic check,73.8,5019.07,No
0193-QNZMI,Female,0,No,No,9,Yes,Yes,Fiber optic,No,No,No,Yes,No,Yes,Two year,Yes,Electronic check,57.48,557.41,Yes
0194-ZYOYV,Male,0,No,Yes,11,Yes,Yes,Fiber optic,No,No,No,No,Yes,Yes,Month-to-month,Yes,Mailed check,85.59,958.22,Yes
0195-OXKPQ,Female,0,Yes,No,40,No,No phone service,DSL,Yes,No,No,No,Yes,No,One year,Yes,Electronic check,55.53,2094.91,No
0196-ZDAHQ,Female,0,No,No,2,Yes,Yes,Fiber optic,No,No,No,No,No,Yes,Two year,No,Mailed check,73.64,146.33,Yes
0197-CTOOX,Female,0,No,Yes,64,Yes,No,DSL,Yes,No,Yes,No,No,No,Month-to-month,No,Credit card (automatic),42.3,2720.91,No
0198-VNZWN,Male,0,No,No,39,Yes,No,DSL,Yes,No,No,Yes,No,Yes,Month-to-month,Yes,Credit card (automatic),58.06,2285.54,No
0199-XBMZN,Female,0,No,No,64,Yes,No,DSL,No,No,No,Yes,No,No,Two year,No,Electronic check,42.05,2645.82,No
0200-XSGCO,Male,0,No,Yes,70,Yes,Yes,DSL,No,No,No,Yes,Yes,No,Two year,Yes,Credit card (automatic),49.43,3394.83,No
0201-WNKOM,Male,0,No,Yes,29,Yes,No,No,No internet service,No internet service,No internet service,No internet service,No internet service,No internet service,One year,No,Bank transfer (automatic),28.15,826.85,No
0202-RZFCS,Female,0,Yes,Yes,71,Yes,Yes,Fiber optic,No,No,No,No,No,No,Two year,Yes,Credit card (automatic),71.54,5085.02,No
0203-OYWEJ,Female,1,Yes,No,66,Yes,Yes,No,No internet service,No internet service,No internet service,No internet service,No internet service,No internet service,Month-to-month,Yes,Electronic check,19.78,1284.27,No
0204-GYQGV,Male,0,No,Yes,42,Yes,No,DSL,No,Yes,Yes,No,No,No,Month-to-month,Yes,Electronic check,36.89,1522.39,No
0205-ZLYQM,Male,0,No,Yes,52,Yes,Yes,Fiber optic,No,Yes,Yes,No,No,No,Two year,Yes,Mailed check,67.63,3578.74,No
0206-TYDJC,Female,0,Yes,No,29,Yes,No,DSL,No,No,No,No,Yes,No,Two year,No,Credit card (automatic),46.25,1303.26,No
0207-IMROD,Male,0,No,Yes,40,Yes,No,DSL,No,Yes,Yes,No,Yes,No,Month-to-month,No,Mailed check,56.65,2237.55,No
0208-OVBOH,Male,0,Yes,No,43,Yes,No,Fiber optic,No,Yes,No,No,Yes,Yes,Month-to-month,No,Bank transfer (automatic),87.25,3638.38,Yes
0209-HQLSJ,Female,1,No,Yes,36,Yes,No,Fiber optic,Yes,No,No,No,No,No,One year,Yes,Mailed check,65.84,2410.62,No
0210-IEFTZ,Female,0,Yes,Yes,5,Yes,No,DSL,No,Yes,No,Yes,No,No,Month-to-month,No,Credit card (automatic),39.86,206.9,No
0211-BXMFE,Male,0,No,No,36,No,No phone service,Fiber optic,No,Yes,Yes,Yes,Yes,No,Month-to-month,Yes,Credit card (automatic),67.81,2519.25,Yes
0212-YAUVU,Male,0,Yes,Yes,0,Yes,No,DSL,No,No,No,No,No,No,Month-to-month,Yes,Credit card (automatic),34.51,18.8,No
0213-FFWPD,Female,0,No,Yes,9,Yes,No,Fiber optic,Yes,Yes,Yes,No,No,Yes,Two year,No,Bank transfer (automatic),79.51,638.08,No
0214-KXWIW,Male,0,Yes,No,25,Yes,Yes,Fiber optic,No,No,Yes,Yes,No,No,Month-to-month,Yes,Mailed check,67.19,1639.55,No
0215-CSHED,Male,0,No,Yes,16,Yes,Yes,DSL,No,No,No,No,Yes,No,Month-to-month,Yes,Electronic check,48.5,820.78,No
0216-XFBTK,Female,0,Yes,No,63,Yes,Yes,Fiber optic,Yes,No,Yes,No,No,No,Month-to-month,Yes,Electronic check,70.52,4497.95,Yes
0217-DOFVQ,Male,0,No,Yes,26,Yes,Yes,Fiber optic,Yes,Yes,No,Yes,No,No,Month-to-month,Yes,Mailed check,60.32,1573.89,Yes
0218-XFSYB,Male,0,Yes,No,67,Yes,No,DSL,Yes,No,No,No,Yes,Yes,Month-to-month,Yes,Mailed check,67.39,4518.34,No
0219-OKHZS,Male,0,No,Yes,17,Yes,Yes,Fiber optic,No,No,No,No,No,No,One year,No,Electronic check,68.16,1238.62,Yes
0220-MLEFZ,Male,0,No,No,49,Yes,Yes,Fiber optic,No,Yes,No,No,No,No,Month-to-month,No,Mailed check,60.55,2996.66,No
0221-VDSTA,Female,1,No,No,64,Yes,No,Fiber optic,Yes,No,No,No,Yes,No,One year,Yes,Electronic check,74.14,4744.93,No
0222-TQLOA,Male,0,Yes,No,19,No,No phone service,Fiber optic,Yes,Yes,No,Yes,Yes,Yes,Month-to-month,Yes,Credit card (automatic),90.71,1687.99,No
0223-ZNFEK,Male,0,No,No,61,Yes,Yes,DSL,No,No,No,No,Yes,No,Two year,Yes,Electronic check,53.6,3302.94,No
0224-DMKCA,Female,0,Yes,No,58,Yes,Yes,No,No internet service,No internet service,No internet service,No internet service,No internet service,No internet service,Two year,No,Electronic check,18.25,998.24,No
0225-FRXJE,Male,0,Yes,No,24,Yes,No,DSL,Yes,No,No,No,Yes,No,Month-to-month,Yes,Mailed check,48.86,1111.94,No
0226-WJLBM,Male,0,Yes,No,64,Yes,No,Fiber optic,No,No,No,No,No,Yes,Two year,No,Credit card (automatic),73.44,4690.75,No
0227-HBTAE,Female,0,Yes,No,64,Yes,No,No,No internet service,No internet service,No internet service,No internet service,No internet service,No internet service,One year,Yes,Electronic check,22.64,1525.39,No
0228-IQIKO,Male,0,No,No,66,Yes,No,No,No internet service,No internet service,No internet service,No internet service,No internet service,No internet service,One year,Yes,Credit card (automatic),18.25,1142.44,No
0229-XFWCQ,Male,0,Yes,No,57,Yes,No,Fiber optic,No,No,Yes,No,No,Yes,Month-to-month,Yes,Electronic check,73.13,4224.29,No
0230-ELRNU,Male,0,Yes,No,39,Yes,Yes,DSL,No,No,Yes,No,Yes,No,Month-to-month,Yes,Electronic check,49.35,1957.64,No
0231-XKIBL,Male,0,No,Yes,46,Yes,Yes,Fiber optic,Yes,No,Yes,Yes,No,Yes,Two year,Yes,Electronic check,70.51,3186.86,Yes
0232-CCAHV,Male,0,No,No,42,Yes,No,DSL,No,Yes,No,Yes,No,Yes,Two year,Yes,Electronic check,50.87,2151.47,Yes
0233-HKIEN,Male,0,No,No,7,No,No phone service,No,No internet service,No internet service,No internet service,No internet service,No internet service,No internet service,Two year,Yes,Bank transfer (automatic),18.5,93.43,No
0234-CUEES,Male,0,No,Yes,61,Yes,Yes,Fiber optic,No,No,No,No,No,No,Month-to-month,Yes,Mailed check,74.23,4492.1,No
0235-NZDYM,Female,0,No,No,33,Yes,No,No,No internet service,No internet service,No internet service,No internet service,No internet service,No internet service,Month-to-month,Yes,Credit card (automatic),21.08,754.75,No
0236-JYRHH,Female,1,No,No,7,Yes,No,Fiber optic,No,Yes,No,Yes,No,No,Month-to-month,No,Electronic check,60.91,420.1,Yes
0237-GHNSF,Female,0,No,No,24,Yes,No,Fiber optic,No,Yes,No,Yes,Yes,Yes,Month-to-month,Yes,Mailed check,81.04,1936.25,Yes
0238-AWOAY,Male,0,No,Yes,25,Yes,Yes,DSL,No,No,No,No,No,No,Month-to-month,Yes,Mailed check,43.13,1077.58,No
0239-QAOWB,Female,1,Yes,Yes,53,Yes,Yes,Fiber optic,No,Yes,Yes,No,No,No,Two year,Yes,Mailed check,64.64,3490.81,No
0240-NUHHS,Female,0,No,Yes,40,Yes,No,Fiber optic,Yes,Yes,No,No,No,Yes,Month-to-month,No,Mailed check,79.8,3179.45,No
0241-GSFFC,Female,0,No,Yes,71,Yes,Yes,Fiber optic,Yes,Yes,Yes,No,No,No,Two year,No,Mailed check,67.77,4850.84,No
0242-GSHJT,Female,0,Yes,No,62,Yes,No,No,No internet service,No internet service,No internet service,No internet service,No internet service,No internet service,One year,No,Credit card (automatic),18.25,1171.05,No
0243-OOATG,Male,0,No,No,71,Yes,No,Fiber optic,No,Yes,Yes,No,No,No,Month-to-month,No,Mailed check,65.47,4565.53,Yes
0244-DFYAE,Male,0,No,No,6,Yes,No,Fiber optic,Yes,No,Yes,No,Yes,Yes,One year,Yes,Electronic check,95.38,627.93,No
0245-WADVB,Male,1,No,Yes,68,Yes,No,Fiber optic,Yes,Yes,No,No,Yes,Yes,Two year,Yes,Electronic check,89.43,6142.93,No
0246-JEJAV,Female,0,Yes,Yes,49,Yes,No,Fiber optic,No,No,Yes,No,No,Yes,One year,No,Bank transfer (automatic),69.53,3440.07,Yes
0247-FMODM,Male,1,No,No,42,Yes,Yes,Fiber optic,Yes,No,Yes,No,No,Yes,Month-to-month,Yes,Credit card (automatic),78.04,3254.17,Yes
0248-XTXOH,Female,0,Yes,No,16,Yes,No,DSL,No,No,Yes,No,No,No,Month-to-month,No,Bank transfer (automatic),39.97,597.88,No
0249-EODLM,Male,0,Yes,No,20,Yes,No,Fiber optic,No,No,No,Yes,No,Yes,One year,No,Electronic check,65.61,1308.1,No
0250-BSSDD,Male,0,No,No,5,Yes,No,Fiber optic,No,No,No,No,No,Yes,Two year,Yes,Mailed check,67.64,250.16,No
0251-ZKETK,Female,1,No,No,70,Yes,Yes,No,No internet service,No internet service,No internet service,No internet service,No internet service,No internet service,Month-to-month,Yes,Bank transfer (automatic),18.25,1298.72,Yes
0252-JHFFH,Female,0,No,Yes,37,Yes,Yes,Fiber optic,Yes,No,No,No,No,Yes,One year,No,Bank transfer (automatic),79.16,2866.29,No
0253-WOZNK,Male,0,No,No,62,Yes,No,No,No internet service,No internet service,No internet service,No internet service,No internet service,No internet service,Month-to-month,Yes,Electronic check,18.25,1149.41,No
0254-LZMHR,Male,0,No,Yes,11,Yes,No,DSL,Yes,Yes,Yes,Yes,No,No,One year,No,Bank transfer (automatic),44.19,466.1,No
0255-YAOHK,Male,0,No,No,21,Yes,Yes,Fiber optic,No,Yes,No,Yes,Yes,Yes,One year,Yes,Electronic check,90.72,1925.01,No
0256-LLDPD,Female,0,Yes,No,2,Yes,No,No,No internet service,No internet service,No internet service,No internet service,No internet service,No internet service,Month-to-month,No,Bank transfer (automatic),24.32,24.79,No
0257-EXEHJ,Female,0,No,No,18,Yes,Yes,Fiber optic,Yes,Yes,No,No,No,Yes,One year,Yes,Electronic check,81.5,1462.92,Yes
0258-QZIVS,Female,0,No,Yes,42,Yes,Yes,Fiber optic,No,Yes,No,No,No,No,Month-to-month,Yes,Credit card (automatic),61.53,2548.62,Yes
0259-NHIVK,Female,1,No,No,66,Yes,No,Fiber optic,No,No,No,Yes,No,No,Month-to-month,No,Mailed check,47.55,3151.28,No
0260-WANEU,Male,0,Yes,Yes,4,Yes,No,No,No internet service,No internet service,No internet service,No internet service,No internet service,No internet service,Two year,Yes,Electronic check,31.13,170.61,No
0261-ZNDVW,Female,0,Yes,Yes,28,Yes,No,No,No internet service,No internet service,No internet service,No internet service,No internet service,No internet service,Month-to-month,No,Credit card (automatic),31.6,945.18,No
0262-YAVWS,Female,0,Yes,No,4,Yes,No,Fiber optic,No,No,Yes,No,No,Yes,Month-to-month,Yes,Bank transfer (automatic),70.73,264.64,Yes
0263-HOUOI,Female,1,No,No,44,Yes,No,Fiber optic,Yes,Yes,Yes,Yes,Yes,Yes,One year,No,Mailed check,90.82,3863.11,No
0264-UIJTY,Male,0,No,No,53,Yes,Yes,No,No internet service,No internet service,No internet service,No internet service,No internet service,No internet service,Month-to-month,No,Mailed check,18.25,942.1,No
0265-UZICT,Male,0,No,No,23,Yes,No,DSL,Yes,No,No,No,Yes,No,Month-to-month,Yes,Mailed check,43.51,1035.47,No
0266-YZKFB,Female,0,Yes,Yes,20,Yes,Yes,Fiber optic,No,No,No,No,Yes,No,Two year,No,Mailed check,68.76,1426.17,No
0267-GRBQK,Female,0,Yes,Yes,31,Yes,No,No,No internet service,No internet service,No internet service,No internet service,No internet service,No internet service,Month-to-month,Yes,Electronic check,18.25,660.91,No
0268-LSVXY,Male,1,Yes,Yes,4,Yes,Yes,Fiber optic,No,No,No,No,Yes,No,Two year,Yes,Mailed check,73.93,262.49,Yes
0269-GTFUX,Male,1,Yes,No,61,Yes,Yes,Fiber optic,No,No,No,Yes,Yes,No,Month-to-month,No,Credit card (automatic),71.72,4452.65,Yes
0270-AQKVZ,Female,0,No,No,17,No,No phone service,Fiber optic,No,No,Yes,No,Yes,No,Month-to-month,Yes,Electronic check,65.84,1103.67,Yes
0271-RUQGQ,Male,0,No,No,34,Yes,Yes,DSL,No,No,No,No,No,Yes,Month-to-month,Yes,Mailed check,54.05,1860.24,Yes
0272-TIQTV,Female,0,Yes,No,4,Yes,Yes,No,No internet service,No internet service,No internet service,No internet service,No internet service,No internet service,Month-to-month,No,Credit card (automatic),25.83,124.53,No
0273-VHQGA,Male,0,Yes,No,8,Yes,No,Fiber optic,No,Yes,Yes,Yes,No,Yes,Month-to-month,Yes,Bank transfer (automatic),75.07,663.59,Yes
0274-MWSXS,Female,0,Yes,No,3,Yes,No,Fiber optic,No,No,No,No,Yes,No,Month-to-month,No,Credit card (automatic),68.84,125.96,Yes
0275-QMPHS,Female,0,Yes,Yes,32,Yes,Yes,Fiber optic,No,Yes,No,No,Yes,No,One year,No,Bank transfer (automatic),74.65,2320.97,No
0276-RANSO,Female,0,No,No,21,Yes,Yes,Fiber optic,Yes,Yes,No,No,Yes,Yes,Two year,No,Electronic check,98.94,2083.47,No
0277-RBVQR,Female,1,No,No,58,Yes,Yes,DSL,No,No,No,No,No,Yes,Month-to-month,Yes,Electronic check,50.39,2868.88,No
0278-FSDAH,Male,0,No,No,10,Yes,Yes,Fiber optic,Yes,No,No,Yes,No,No,Month-to-month,Yes,Credit card (automatic),67.9,683.43,No
0279-WGCJJ,Male,0,No,Yes,68,Yes,Yes,Fiber optic,No,No,No,No,No,Yes,One year,No,Credit card (automatic),79.72,5466.08,No
0280-SNBAW,Female,0,Yes,Yes,9,Yes,Yes,Fiber optic,Yes,No,Yes,No,No,Yes,Month-to-month,No,Mailed check,70.14,702.88,No
0281-WRGHA,Male,0,Yes,No,2,Yes,No,DSL,No,No,No,No,No,No,One year,No,Mailed check,25.33,18.8,No
0282-YWCXW,Female,0,Yes,Yes,14,Yes,Yes,No,No internet service,No internet service,No internet service,No internet service,No internet service,No internet service,Two year,Yes,Bank transfer (automatic),20.48,232.52,No
0283-HVYOE,Male,0,No,No,36,No,No phone service,Fiber optic,Yes,No,No,No,Yes,No,Two year,Yes,Credit card (automatic),78.45,2848.84,Yes
0284-CSAOH,Female,0,No,Yes,39,Yes,Yes,DSL,No,No,No,Yes,Yes,Yes,Month-to-month,Yes,Mailed check,55.74,2215.14,No
0285-BCXNX,Male,0,No,No,16,Yes,Yes,No,No internet service,No internet service,No internet service,No internet service,No internet service,No internet service,Two year,No,Bank transfer (automatic),22.55,327.63,No
0286-NKPDT,Male,0,Yes,No,19,Yes,Yes,DSL,Yes,Yes,Yes,No,Yes,No,Two year,No,Electronic check,66.53,1222.97,No
0287-EVUNW,Male,1,No,No,3,Yes,No,Fiber optic,No,No,No,No,No,No,Two year,No,Mailed check,51.22,192.95,No
0288-PRGJG,Male,0,Yes,No,33,Yes,No,Fiber optic,Yes,No,No,Yes,Yes,Yes,Two year,Yes,Electronic check,79.92,2690.12,No
0289-AWUSP,Female,1,Yes,No,33,Yes,Yes,DSL,No,No,Yes,Yes,No,Yes,Month-to-month,No,Electronic check,51.88,1712.87,Yes
0290-SDRBA,Female,1,Yes,No,66,Yes,No,DSL,Yes,Yes,No,No,No,Yes,Two year,Yes,Bank transfer (automatic),55.13,3666.8,No
0291-OETKJ,Male,1,Yes,No,27,Yes,Yes,DSL,No,No,No,No,No,No,One year,Yes,Bank transfer (automatic),37.64,975.95,No
0292-BCWWL,Male,1,No,Yes,35,Yes,Yes,No,No internet service,No internet service,No internet service,No internet service,No internet service,No internet service,Month-to-month,No,Electronic check,21.71,732.63,Yes
0293-TEEFI,Male,0,No,Yes,34,Yes,Yes,Fiber optic,Yes,No,No,Yes,Yes,Yes,Month-to-month,Yes,Electronic check,79.05,2678.14,No
0294-BULCT,Male,1,Yes,Yes,40,Yes,No,DSL,No,No,No,No,Yes,No,Month-to-month,No,Bank transfer (automatic),40.58,1593.19,No
0295-ZVLXQ,Female,0,Yes,Yes,58,Yes,No,DSL,No,No,No,Yes,No,Yes,One year,No,Bank transfer (automatic),47.5,2673.15,No
0296-JXNWQ,Male,0,Yes,No,16,Yes,No,Fiber optic,Yes,No,Yes,No,Yes,Yes,Two year,No,Credit card (automatic),86.31,1352.66,No
0297-RSQNI,Male,0,Yes,No,29,Yes,Yes,Fiber optic,No,Yes,Yes,No,Yes,No,Month-to-month,No,Electronic check,78.79,2303.5,Yes
0298-HBMYG,Male,0,Yes,No,53,Yes,No,DSL,No,Yes,No,No,No,Yes,One year,No,Bank transfer (automatic),48.6,2554.72,No
0299-IVVKN,Male,0,No,Yes,51,Yes,Yes,DSL,No,No,Yes,Yes,No,No,Month-to-month,Yes,Electronic check,35.52,1854.06,No
0300-DZZMB,Male,0,Yes,No,71,Yes,No,No,No internet service,No internet service,No internet service,No internet service,No internet service,No internet service,One year,No,Electronic check,23.75,1667.43,No
0301-WEKFR,Male,0,No,No,22,Yes,Yes,No,No internet service,No internet service,No internet service,No internet service,No internet service,No internet service,Two year,Yes,Mailed check,18.25,350.65,No
0302-UJDIF,Male,0,Yes,No,18,Yes,Yes,DSL,No,No,No,Yes,No,Yes,Month-to-month,Yes,Credit card (automatic),45.16,818.5,No
0303-BQEYF,Male,0,Yes,No,36,Yes,Yes,DSL,Yes,No,No,Yes,Yes,No,Month-to-month,Yes,Electronic check,62.18,2276.17,No
0304-ZLWUJ,Female,0,Yes,No,58,Yes,Yes,DSL,No,No,No,No,No,Yes,Month-to-month,Yes,Electronic check,47.83,2729.5,No
0305-VUYFH,Male,0,No,No,35,No,No phone service,Fiber optic,Yes,No,No,Yes,Yes,No,Two year,No,Bank transfer (automatic),69.24,2328.2,No
0306-BLMYU,Male,0,No,No,67,Yes,Yes,DSL,No,Yes,No,Yes,Yes,No,Two year,Yes,Mailed check,55.71,3748.98,No
0307-GJMQZ,Male,0,Yes,No,25,Yes,No,DSL,No,No,No,No,Yes,No,Month-to-month,Yes,Mailed check,53.02,1363.47,No
0308-UZNBV,Male,0,No,No,26,Yes,No,Fiber optic,No,No,No,Yes,No,No,Month-to-month,Yes,Bank transfer (automatic),62.31,1532.9,Yes
0309-KASUD,Female,0,Yes,Yes,61,Yes,No,DSL,No,Yes,Yes,No,Yes,No,One year,Yes,Electronic check,54.47,3372.99,No
0310-SZUKH,Male,0,No,No,61,Yes,No,DSL,Yes,Yes,Yes,Yes,Yes,Yes,Month-to-month,No,Electronic check,66.0,3998.96,No
0311-KDQGH,Female,0,Yes,No,51,Yes,Yes,Fiber optic,Yes,Yes,No,No,No,No,One year,Yes,Bank transfer (automatic),78.16,3973.05,No
0312-CVBWO,Female,0,No,Yes,43,No,No phone service,Fiber optic,Yes,No,No,No,No,No,One year,Yes,Electronic check,70.17,2998.1,No
0313-XVVEX,Female,0,No,Yes,32,Yes,Yes,No,No internet service,No internet service,No internet service,No internet service,No internet service,No internet service,Month-to-month,Yes,Mailed check,18.25,565.76,No
0314-AZDOT,Female,1,No,No,62,Yes,Yes,DSL,No,Yes,Yes,No,No,No,Month-to-month,Yes,Bank transfer (automatic),44.93,2772.59,Yes
0315-SCTKQ,Male,0,Yes,No,71,Yes,No,DSL,Yes,No,No,No,No,No,Month-to-month,No,Mailed check,40.88,2911.92,No
0316-MKBIZ,Female,0,Yes,No,68,Yes,No,Fiber optic,No,No,No,No,Yes,No,Month-to-month,Yes,Mailed check,70.92,4805.42,Yes
0317-BUIIH,Female,0,No,Yes,33,Yes,No,Fiber optic,No,No,Yes,No,No,No,Month-to-month,No,Electronic check,60.71,2079.43,Yes
0318-QAYKH,Male,0,No,No,26,Yes,Yes,DSL,Yes,No,No,No,Yes,No,Two year,Yes,Electronic check,56.67,1478.77,No
0319-JYGCC,Female,1,No,No,35,Yes,No,DSL,Yes,Yes,No,Yes,Yes,No,Two year,Yes,Electronic check,67.19,2375.28,No
0320-RELLS,Female,0,Yes,No,3,Yes,Yes,DSL,No,Yes,No,No,No,Yes,Month-to-month,No,Mailed check,58.61,276.34,No
0321-FBLSE,Female,0,Yes,No,52,Yes,Yes,No,No internet service,No internet service,No internet service,No internet service,No internet service,No internet service,One year,No,Mailed check,18.25,989.78,No
0322-LQQJY,Female,0,No,No,70,Yes,No,No,No internet service,No internet service,No internet service,No internet service,No internet service,No internet service,Month-to-month,No,Credit card (automatic),18.25,1416.59,No
0323-WQOLP,Male,0,Yes,Yes,36,Yes,Yes,Fiber optic,No,No,No,No,No,Yes,Two year,No,Mailed check,71.38,2557.55,Yes
0324-XSHUQ,Female,0,Yes,Yes,49,Yes,No,DSL,No,Yes,No,No,No,No,Month-to-month,No,Credit card (automatic),48.54,2418.8,No
0325-WEVPF,Male,0,No,Yes,69,Yes,No,Fiber optic,No,No,Yes,No,No,No,One year,No,Electronic check,70.98,4921.8,No
0326-HYRYL,Male,0,No,No,25,No,No phone service,Fiber optic,No,No,No,No,No,Yes,Month-to-month,No,Mailed check,63.29,1593.71,No
0327-OZIMZ,Male,1,Yes,No,24,Yes,Yes,Fiber optic,Yes,No,No,Yes,No,No,Month-to-month,No,Bank transfer (automatic),69.36,1690.31,No
0328-OJPGQ,Female,0,Yes,No,32,Yes,No,No,No internet service,No internet service,No internet service,No internet service,No internet service,No internet service,Month-to-month,No,Bank transfer (automatic),18.25,588.39,No
0329-WZUVZ,Female,0,No,No,66,Yes,Yes,DSL,Yes,Yes,No,No,Yes,Yes,Two year,Yes,Bank transfer (automatic),78.79,5241.7,No
0330-GNOUG,Male,0,Yes,No,72,Yes,Yes,No,No internet service,No internet service,No internet service,No internet service,No internet service,No internet service,One year,Yes,Electronic check,18.25,1277.88,No
0331-ISPHR,Male,0,No,Yes,36,Yes,Yes,No,No internet service,No internet service,No internet service,No internet service,No internet service,No internet service,Two year,Yes,Bank transfer (automatic),25.89,872.91,No
0332-WRTGC,Male,0,Yes,Yes,37,Yes,Yes,Fiber optic,No,No,No,Yes,No,No,Month-to-month,No,Electronic check,72.57,2703.35,Yes
0333-RJGQN,Male,0,Yes,No,26,Yes,No,Fiber optic,No,Yes,No,Yes,Yes,No,Month-to-month,Yes,Electronic check,77.45,2059.86,Yes
0334-XCLMB,Male,0,No,No,12,Yes,No,Fiber optic,Yes,No,No,No,No,Yes,Month-to-month,Yes,Mailed check,71.25,883.74,No
0335-CEKHZ,Male,0,No,No,22,Yes,No,Fiber optic,Yes,No,Yes,No,No,No,Month-to-month,Yes,Mailed check,62.01,1282.07,Yes
0336-WWLGO,Female,0,Yes,Yes,66,Yes,Yes,Fiber optic,Yes,No,No,No,No,No,Two year,No,Electronic check,60.24,4022.7,No
0337-XQDVY,Female,0,Yes,No,54,No,No phone service,DSL,Yes,Yes,No,Yes,No,Yes,Month-to-month,Yes,Credit card (automatic),56.7,3062.57,No
0338-MRAPM,Female,0,Yes,No,36,Yes,Yes,DSL,No,No,Yes,No,No,No,Two year,Yes,Credit card (automatic),36.44,1372.41,No
0339-JLBWC,Male,0,No,No,11,Yes,Yes,Fiber optic,No,No,Yes,Yes,Yes,No,Month-to-month,Yes,Bank transfer (automatic),82.07,832.59,Yes
0340-JBWMM,Female,0,Yes,No,53,Yes,No,No,No internet service,No internet service,No internet service,No internet service,No internet service,No internet service,Two year,Yes,Electronic check,18.25,1025.57,No
0341-RCGNT,Male,0,No,No,19,Yes,No,DSL,Yes,No,Yes,No,No,No,Two year,Yes,Electronic check,45.74,866.16,No
0342-QULYP,Male,1,No,No,17,Yes,No,Fiber optic,Yes,No,Yes,No,Yes,Yes,Two year,No,Electronic check,87.17,1590.13,Yes
0343-XLOYJ,Female,0,No,No,6,Yes,No,No,No internet service,No internet service,No internet service,No internet service,No internet service,No internet service,Two year,Yes,Mailed check,22.0,149.69,Yes
0344-YGTEA,Male,0,No,No,1,Yes,No,DSL,No,No,No,Yes,Yes,Yes,One year,Yes,Credit card (automatic),69.11,102.97,No
0345-QCMNX,Female,0,No,Yes,53,Yes,Yes,No,No internet service,No internet service,No internet service,No internet service,No internet service,No internet service,Two year,No,Electronic check,18.25,940.27,No
0346-RDREY,Female,0,Yes,No,7,Yes,No,Fiber optic,Yes,Yes,No,No,No,No,Two year,Yes,Mailed check,63.58,429.55,No
0347-PAUNO,Female,1,Yes,No,32,No,No phone service,No,No internet service,No internet service,No internet service,No internet service,No internet service,No internet service,Month-to-month,Yes,Credit card (automatic),18.25,575.63,No
0348-IOQYX,Male,0,Yes,Yes,45,Yes,No,No,No internet service,No internet service,No internet service,No internet service,No internet service,No internet service,One year,Yes,Mailed check,27.17,1228.53,No
0349-DLZEE,Male,0,No,No,41,Yes,Yes,Fiber optic,No,Yes,Yes,Yes,No,No,Two year,Yes,Credit card (automatic),67.7,2763.63,No
0350-KFGXN,Male,0,No,No,62,Yes,No,DSL,No,No,No,No,No,No,One year,Yes,Electronic check,49.83,3121.46,No
0351-XKMBY,Female,0,Yes,Yes,32,Yes,Yes,Fiber optic,No,Yes,No,No,Yes,Yes,Month-to-month,No,Bank transfer (automatic),75.44,2469.59,Yes
0352-GTDHT,Male,0,No,No,68,Yes,No,DSL,No,No,Yes,No,No,No,One year,Yes,Electronic check,43.04,2956.35,No
0353-VUSMN,Female,0,No,Yes,69,Yes,Yes,No,No internet service,No internet service,No internet service,No internet service,No internet service,No internet service,Month-to-month,No,Electronic check,22.32,1551.99,No
0354-JKBYZ,Male,0,Yes,No,3,Yes,Yes,Fiber optic,Yes,Yes,Yes,Yes,Yes,Yes,Two year,Yes,Electronic check,81.83,229.19,No
0355-IQZCX,Female,1,Yes,No,57,Yes,No,DSL,No,Yes,No,Yes,Yes,Yes,One year,Yes,Electronic check,67.25,3685.78,No
0356-FEEVO,Female,0,Yes,No,28,Yes,No,Fiber optic,No,No,Yes,No,Yes,No,Month-to-month,No,Electronic check,72.46,2064.99,Yes
0357-WQICT,Male,0,No,No,20,Yes,No,DSL,No,Yes,Yes,No,No,Yes,Month-to-month,Yes,Electronic check,51.77,999.37,Yes
0358-ZQJCR,Male,0,Yes,No,25,No,No phone service,Fiber optic,Yes,Yes,No,No,Yes,No,Two year,Yes,Credit card (automatic),82.63,2039.7,No
0359-RQXCC,Female,0,Yes,No,40,Yes,Yes,Fiber optic,Yes,No,Yes,No,No,Yes,Month-to-month,Yes,Electronic check,69.55,2754.53,Yes
0360-FMXOY,Female,0,No,No,33,Yes,Yes,DSL,No,No,Yes,Yes,Yes,No,Month-to-month,Yes,Credit card (automatic),53.67,1785.33,No
0361-IDNEB,Male,0,No,No,43,No,No phone service,Fiber optic,Yes,No,Yes,No,Yes,Yes,Month-to-month,No,Mailed check,90.94,3964.07,Yes
0362-KIXCI,Female,1,No,Yes,0,Yes,No,DSL,No,No,No,Yes,No,No,Month-to-month,No,Mailed check,35.82,18.8,Yes
0363-CYBLJ,Male,0,No,No,31,Yes,Yes,DSL,No,No,Yes,Yes,No,No,Month-to-month,Yes,Electronic check,44.63,1305.5,No
0364-IOHYE,Male,0,Yes,Yes,31,Yes,Yes,DSL,No,No,No,Yes,No,Yes,Month-to-month,Yes,Electronic check,42.7,1340.55,No
0365-KBXOF,Female,0,No,Yes,50,Yes,No,No,No internet service,No internet service,No internet service,No internet service,No internet service,No internet service,Month-to-month,No,Electronic check,20.59,970.05,No
0366-HEPZR,Male,0,No,Yes,23,Yes,No,Fiber optic,No,No,No,No,Yes,No,Month-to-month,Yes,Bank transfer (automatic),70.22,1591.73,Yes
0367-FEPME,Female,0,No,Yes,43,Yes,No,Fiber optic,No,No,No,No,No,Yes,Two year,Yes,Bank transfer (automatic),68.23,2889.47,No
0368-MQRHM,Male,0,Yes,No,36,Yes,No,Fiber optic,No,No,Yes,Yes,Yes,No,Month-to-month,No,Bank transfer (automatic),68.12,2455.64,Yes
0369-SZCXH,Female,0,Yes,No,65,Yes,No,Fiber optic,No,No,Yes,No,No,No,Month-to-month,No,Mailed check,68.23,4457.85,No
0370-BHMMA,Male,0,Yes,No,13,Yes,Yes,DSL,No,Yes,No,No,No,Yes,One year,Yes,Electronic check,42.11,577.32,No
0371-FXSPH,Male,0,No,No,16,Yes,Yes,DSL,No,No,Yes,No,Yes,Yes,Two year,Yes,Credit card (automatic),67.77,1073.6,No
0372-APIMK,Female,1,Yes,No,14,Yes,Yes,DSL,No,Yes,No,No,No,Yes,One year,Yes,Bank transfer (automatic),48.47,748.59,No
0373-MYUJD,Male,0,No,No,60,Yes,No,DSL,Yes,Yes,No,Yes,No,No,Month-to-month,Yes,Mailed check,58.54,3471.94,No
0374-FGEKM,Female,0,No,No,48,Yes,No,Fiber optic,No,Yes,No,No,Yes,Yes,One year,Yes,Electronic check,90.06,4261.95,No
0375-ZYSWJ,Female,0,Yes,Yes,7,Yes,Yes,DSL,Yes,Yes,No,No,No,No,Month-to-month,Yes,Bank transfer (automatic),51.99,311.05,No
0376-JKUGR,Female,0,No,No,2,Yes,No,Fiber optic,Yes,No,No,No,No,Yes,Two year,Yes,Electronic check,81.08,292.66,No
0377-DBNML,Female,0,Yes,No,26,Yes,Yes,DSL,Yes,Yes,No,Yes,No,Yes,One year,Yes,Mailed check,57.62,1437.21,No
0378-GBMNQ,Female,0,No,No,8,Yes,No,Fiber optic,No,Yes,Yes,No,No,No,Two year,No,Mailed check,67.73,602.63,Yes
0379-IQHBX,Male,0,Yes,No,14,Yes,Yes,No,No internet service,No internet service,No internet service,No internet service,No internet service,No internet service,Two year,No,Electronic check,19.35,258.04,No
0380-MCPFS,Male,0,Yes,No,31,Yes,No,DSL,No,No,No,Yes,No,No,Month-to-month,No,Bank transfer (automatic),41.61,1329.2,No
0381-GJIBO,Male,0,Yes,No,10,Yes,Yes,DSL,No,No,No,Yes,Yes,No,Two year,No,Mailed check,54.29,431.57,No
0382-EVDTD,Male,0,No,No,2,Yes,No,DSL,No,No,Yes,No,No,No,Two year,Yes,Electronic check,43.01,65.79,No
0383-RDQLV,Male,0,No,No,25,Yes,Yes,DSL,No,No,No,Yes,No,No,Month-to-month,No,Mailed check,38.06,984.36,No
0384-QJVAV,Male,0,Yes,No,6,Yes,Yes,DSL,Yes,No,Yes,Yes,Yes,Yes,One year,Yes,Electronic check,65.5,420.38,No
0385-ZXRRN,Male,0,Yes,No,54,Yes,No,DSL,No,Yes,No,No,Yes,No,Month-to-month,Yes,Credit card (automatic),54.38,3011.33,No
0386-OLDCT,Female,1,No,No,38,Yes,No,No,No internet service,No internet service,No internet service,No internet service,No internet service,No internet service,Month-to-month,Yes,Bank transfer (automatic),18.25,616.92,No
0387-LGKAF,Female,0,Yes,Yes,3,Yes,Yes,Fiber optic,No,No,Yes,No,Yes,No,Month-to-month,No,Electronic check,75.22,255.23,Yes
0388-OOSKZ,Female,0,No,No,29,Yes,No,No,No internet service,No internet service,No internet service,No internet service,No internet service,No internet service,Month-to-month,Yes,Mailed check,26.55,783.08,Yes
0389-WZBNB,Male,0,No,No,37,Yes,No,Fiber optic,No,No,Yes,No,No,No,One year,No,Mailed check,71.83,2650.71,Yes
0390-DQCMI,Female,0,No,No,50,Yes,Yes,No,No internet service,No internet service,No internet service,No internet service,No internet service,No internet service,One year,Yes,Bank transfer (automatic),18.25,915.25,No
0391-GOWKT,Male,0,No,No,35,Yes,No,No,No internet service,No internet service,No internet service,No internet service,No internet service,No internet service,Month-to-month,Yes,Bank transfer (automatic),25.41,861.17,No
0392-BONTV,Male,0,Yes,No,59,Yes,No,No,No internet service,No internet service,No internet service,No internet service,No internet service,No internet service,Month-to-month,No,Mailed check,21.91,1245.85,Yes
0393-KCQLX,Male,0,Yes,No,50,Yes,Yes,DSL,Yes,Yes,Yes,No,No,No,One year,No,Bank transfer (automatic),48.66,2460.97,No
0394-UOPET,Female,1,Yes,No,48,Yes,No,Fiber optic,No,Yes,No,Yes,No,No,Month-to-month,No,Electronic check,69.39,3376.55,Yes
0395-FSYEC,Female,0,Yes,No,14,Yes,No,Fiber optic,No,Yes,Yes,No,No,No,Month-to-month,Yes,Electronic check,65.31,918.06,Yes
0396-AZFOB,Female,0,No,No,72,Yes,No,Fiber optic,No,Yes,No,No,Yes,Yes,Two year,Yes,Electronic check,84.57,6099.3,No
0397-CQYXL,Male,1,Yes,Yes,27,Yes,Yes,Fiber optic,No,Yes,No,No,No,No,Month-to-month,Yes,Credit card (automatic),64.74,1756.34,No
0398-ROLPH,Male,0,No,No,24,Yes,No,No,No internet service,No internet service,No internet service,No internet service,No internet service,No internet service,Two year,No,Mailed check,18.25,528.69,No
0399-NYQUH,Male,0,No,No,35,Yes,No,No,No internet service,No internet service,No internet service,No internet service,No internet service,No internet service,Two year,Yes,Credit card (automatic),26.34,856.79,No
0400-ONRTG,Male,0,Yes,Yes,3,Yes,Yes,No,No internet service,No internet service,No internet service,No internet service,No internet service,No internet service,Month-to-month,No,Mailed check,20.8,77.26,Yes
0401-CLUXZ,Female,0,Yes,No,20,Yes,No,No,No internet service,No internet service,No internet service,No internet service,No internet service,No internet service,Month-to-month,Yes,Credit card (automatic),23.95,466.18,No
0402-CTNOY,Female,0,Yes,No,64,Yes,Yes,Fiber optic,No,No,Yes,No,No,Yes,Month-to-month,No,Electronic check,78.05,4970.19,Yes
0403-NGQLT,Female,0,Yes,Yes,68,Yes,Yes,Fiber optic,Yes,Yes,No,No,No,No,Month-to-month,No,Credit card (automatic),65.53,4511.48,No
0404-DIFPY,Female,0,No,No,9,No,No phone service,Fiber optic,No,No,No,No,No,No,One year,Yes,Credit card (automatic),72.51,674.49,No
0405-VVUUB,Male,0,Yes,Yes,49,No,No phone service,Fiber optic,No,No,Yes,Yes,Yes,No,Month-to-month,Yes,Credit card (automatic),70.49,3446.26,No
0406-XHKMQ,Male,0,No,Yes,9,Yes,Yes,No,No internet service,No internet service,No internet service,No internet service,No internet service,No internet service,Two year,Yes,Electronic check,22.21,242.41,Yes
0407-HURRN,Female,0,No,No,15,Yes,Yes,No,No internet service,No internet service,No internet service,No internet service,No internet service,No internet service,Month-to-month,No,Bank transfer (automatic),23.95,322.2,Yes
0408-OFKMY,Male,0,Yes,No,37,Yes,Yes,Fiber optic,No,Yes,No,No,No,No,Month-to-month,Yes,Electronic check,60.52,2313.98,Yes
0409-AFIHK,Male,0,Yes,Yes,66,Yes,No,No,No internet service,No internet service,No internet service,No internet service,No internet service,No internet service,Two year,Yes,Electronic check,18.25,1219.6,No
0410-VSXIQ,Female,0,No,No,19,Yes,No,Fiber optic,No,No,No,Yes,Yes,No,Month-to-month,No,Electronic check,68.73,1343.81,Yes
0411-LYNOP,Female,0,Yes,Yes,68,No,No phone service,Fiber optic,Yes,Yes,No,No,No,No,One year,Yes,Bank transfer (automatic),70.62,4767.36,No
0412-VVTAJ,Male,0,Yes,Yes,69,Yes,No,No,No internet service,No internet service,No internet service,No internet service,No internet service,No internet service,Two year,Yes,Electronic check,18.25,1232.08,No
0413-HRABA,Female,0,No,Yes,24,Yes,Yes,Fiber optic,No,No,Yes,Yes,No,No,Month-to-month,Yes,Electronic check,53.11,1289.91,Yes
0414-AIMAM,Female,0,No,Yes,53,Yes,Yes,DSL,Yes,No,No,Yes,Yes,No,Month-to-month,Yes,Mailed check,60.78,3149.57,No
0415-TZVGB,Female,0,No,No,11,Yes,No,Fiber optic,No,Yes,No,Yes,No,No,Month-to-month,No,Electronic check,59.53,730.88,Yes
0416-FGZNZ,Female,0,Yes,No,64,Yes,No,Fiber optic,No,No,No,No,Yes,No,Month-to-month,Yes,Bank transfer (automatic),74.57,4754.24,Yes
0417-ROBJW,Female,1,No,Yes,53,Yes,Yes,DSL,Yes,Yes,Yes,No,Yes,No,Month-to-month,No,Mailed check,54.05,2905.67,No
0418-LQHKC,Female,0,Yes,No,66,Yes,No,Fiber optic,Yes,No,No,Yes,Yes,Yes,Two year,Yes,Electronic check,81.6,5421.3,No
0419-FIFIG,Female,0,No,No,20,Yes,Yes,No,No internet service,No internet service,No internet service,No internet service,No internet service,No internet service,Month-to-month,Yes,Electronic check,19.12,462.81,No
0420-IRLHH,Female,0,Yes,No,4,Yes,No,No,No internet service,No internet service,No internet service,No internet service,No internet service,No internet service,Two year,Yes,Electronic check,31.42,76.13,No
0421-RTOGK,Female,0,Yes,No,57,Yes,Yes,Fiber optic,Yes,No,Yes,No,Yes,No,Month-to-month,No,Electronic check,75.95,4345.32,Yes
0422-TPDFZ,Male,1,No,No,3,Yes,No,Fiber optic,No,No,No,No,Yes,Yes,Two year,No,Mailed check,81.34,279.0,Yes
0423-VZCIJ,Female,1,No,Yes,18,Yes,Yes,DSL,No,Yes,Yes,No,No,No,One year,Yes,Electronic check,44.31,735.21,No
0424-NKRVL,Female,0,No,No,54,Yes,No,Fiber optic,No,No,No,No,No,No,Two year,Yes,Electronic check,55.57,2981.59,No
0425-WLMYM,Female,0,Yes,Yes,60,No,No phone service,Fiber optic,Yes,Yes,No,No,Yes,No,Two year,Yes,Credit card (automatic),83.41,5014.51,No
0426-SZSWN,Male,0,No,Yes,71,Yes,Yes,Fiber optic,Yes,Yes,No,No,No,Yes,Two year,Yes,Credit card (automatic),80.15,5668.73,No
0427-DMHWU,Female,0,No,No,23,Yes,Yes,Fiber optic,No,Yes,Yes,No,No,No,Month-to-month,Yes,Bank transfer (automatic),72.03,1547.25,Yes
0428-WSLRF,Female,0,No,No,67,Yes,No,DSL,No,No,No,No,No,Yes,One year,No,Bank transfer (automatic),44.25,2878.75,No
0429-RSVEX,Male,0,Yes,No,18,Yes,Yes,No,No internet service,No internet service,No internet service,No internet service,No internet service,No internet service,Month-to-month,No,Electronic check,26.71,588.95,No
0430-ICJSC,Male,0,Yes,No,23,Yes,No,Fiber optic,Yes,No,No,No,No,No,Month-to-month,Yes,Electronic check,66.16,1581.89,Yes
0431-VOAGL,Female,0,No,No,53,Yes,No,No,No internet service,No internet service,No internet service,No internet service,No internet service,No internet service,Month-to-month,Yes,Electronic check,18.25,999.42,No
0432-QUZXT,Male,0,No,No,20,Yes,Yes,DSL,No,No,No,No,Yes,Yes,Two year,Yes,Mailed check,61.53,1224.61,No
0433-EDLTX,Male,0,No,No,71,No,No phone service,Fiber optic,No,No,Yes,No,No,No,Month-to-month,Yes,Credit card (automatic),55.92,3937.28,Yes
0434-RQSID,Male,0,Yes,No,18,Yes,Yes,DSL,No,No,No,No,No,Yes,Two year,No,Credit card (automatic),55.98,1027.83,No
0435-ZUBDB,Male,0,No,No,52,Yes,No,No,No internet service,No internet service,No internet service,No internet service,No internet service,No internet service,Two year,No,Bank transfer (automatic),19.43,963.3,Yes
0436-OBDFG,Male,0,No,No,49,Yes,Yes,No,No internet service,No internet service,No internet service,No internet service,No internet service,No internet service,Month-to-month,No,Electronic check,18.25,944.79,No
0437-JSSZV,Female,0,Yes,Yes,22,Yes,No,DSL,No,No,No,No,Yes,No,Month-to-month,Yes,Credit card (automatic),47.23,1066.65,Yes
0438-LCMRH,Male,0,No,No,36,Yes,Yes,Fiber optic,No,Yes,Yes,No,Yes,Yes,Month-to-month,Yes,Bank transfer (automatic),81.06,2922.74,No
0439-UOACZ,Female,0,Yes,Yes,27,Yes,No,DSL,No,No,No,Yes,No,Yes,One year,Yes,Electronic check,57.69,1544.29,No
0440-HDPWJ,Female,0,Yes,No,70,Yes,Yes,No,No internet service,No internet service,No internet service,No internet service,No internet service,No internet service,Month-to-month,No,Mailed check,18.25,1263.41,No
0441-LNNBW,Female,0,No,Yes,20,Yes,Yes,DSL,No,No,Yes,No,No,No,Month-to-month,Yes,Credit card (automatic),39.66,809.51,No
0442-EEFMI,Male,0,No,No,20,Yes,Yes,DSL,Yes,No,Yes,Yes,No,Yes,Month-to-month,Yes,Credit card (automatic),56.29,1066.0,Yes
0443-VONXG,Female,0,No,Yes,40,Yes,No,DSL,No,Yes,No,No,Yes,No,Month-to-month,No,Bank transfer (automatic),52.8,2230.77,No
0444-YTBGF,Male,0,Yes,No,34,Yes,No,Fiber optic,No,No,No,No,Yes,No,Two year,Yes,Mailed check,63.26,2130.3,No
0445-QYYBC,Female,0,Yes,Yes,0,Yes,Yes,DSL,Yes,No,No,Yes,No,Yes,Month-to-month,Yes,Credit card (automatic),65.47,18.8,No
0446-EEAHL,Female,0,No,No,66,Yes,No,Fiber optic,No,No,Yes,Yes,No,No,Month-to-month,No,Electronic check,58.37,3893.05,No
0447-XDMWO,Female,0,Yes,No,69,Yes,Yes,Fiber optic,No,No,Yes,No,No,No,One year,No,Electronic check,53.44,3664.32,No
0448-KJCVN,Male,0,No,Yes,3,Yes,No,Fiber optic,No,Yes,Yes,No,Yes,No,Month-to-month,No,Mailed check,71.11,189.32,Yes
0449-PJJLI,Female,1,Yes,No,0,Yes,No,Fiber optic,No,No,Yes,No,Yes,No,Month-to-month,Yes,Bank transfer (automatic),70.6,18.8,No
0450-AETHK,Male,0,No,No,20,No,No phone service,DSL,Yes,Yes,Yes,No,No,Yes,Month-to-month,Yes,Electronic check,59.13,1156.86,No
0451-LAYVT,Male,0,No,No,51,Yes,Yes,No,No internet service,No internet service,No internet service,No internet service,No internet service,No internet service,Month-to-month,No,Mailed check,18.25,903.37,No
0452-YKEOE,Male,0,Yes,No,52,Yes,No,DSL,Yes,No,No,Yes,Yes,No,Month-to-month,No,Electronic check,56.52,2931.64,No
0453-LEQQX,Female,0,No,Yes,55,Yes,Yes,No,No internet service,No internet service,No internet service,No internet service,No internet service,No internet service,Two year,No,Mailed check,18.25,1073.72,No
0454-LXOOF,Female,0,Yes,No,72,Yes,No,Fiber optic,Yes,No,Yes,No,No,No,Two year,No,Electronic check,68.87,4949.0,No
0455-LTRNB,Female,1,Yes,Yes,65,Yes,No,Fiber optic,Yes,Yes,No,Yes,Yes,Yes,Two year,Yes,Bank transfer (automatic),91.94,5967.23,No
0456-IETZA,Female,0,Yes,Yes,66,Yes,Yes,DSL,No,Yes,No,Yes,No,No,Month-to-month,Yes,Electronic check,43.5,2925.04,No
0457-WCFEU,Male,0,No,Yes,32,Yes,Yes,DSL,Yes,Yes,Yes,Yes,Yes,Yes,Two year,Yes,Bank transfer (automatic),86.29,2662.68,No
0458-EAQSN,Female,0,Yes,Yes,22,Yes,Yes,Fiber optic,Yes,No,No,No,Yes,Yes,Month-to-month,Yes,Mailed check,82.18,1839.46,No
0459-LJTUR,Male,0,No,No,5,Yes,No,DSL,No,No,No,Yes,Yes,No,One year,Yes,Bank transfer (automatic),49.4,280.82,Yes
0460-XKBYR,Male,1,Yes,No,46,Yes,Yes,Fiber optic,Yes,Yes,No,No,No,No,One year,No,Mailed check,77.82,3585.31,No
0461-YGXOK,Female,0,Yes,No,57,Yes,No,Fiber optic,No,No,No,Yes,Yes,No,Month-to-month,Yes,Mailed check,73.98,4199.58,No
0462-RWLFT,Female,0,No,No,4,Yes,No,DSL,No,Yes,No,Yes,Yes,Yes,Month-to-month,No,Electronic check,60.51,244.19,No
0463-WMTPR,Male,0,No,No,8,Yes,No,DSL,No,No,No,Yes,No,Yes,Month-to-month,Yes,Credit card (automatic),51.93,400.65,Yes
0464-JWHRU,Male,1,No,Yes,2,Yes,Yes,No,No internet service,No internet service,No internet service,No internet service,No internet service,No internet service,Month-to-month,Yes,Mailed check,25.02,63.08,Yes
0465-AWHFE,Female,0,No,Yes,60,Yes,Yes,Fiber optic,Yes,No,No,No,No,Yes,Month-to-month,Yes,Mailed check,61.81,3696.9,No
0466-OVOBA,Female,0,No,No,63,Yes,Yes,No,No internet service,No internet service,No internet service,No internet service,No internet service,No internet service,Month-to-month,No,Mailed check,18.25,1203.86,No
0467-WWZKJ,Female,0,Yes,No,45,No,No phone service,DSL,Yes,No,No,No,Yes,Yes,Month-to-month,Yes,Mailed check,74.12,3316.93,No
0468-RRQZH,Male,0,Yes,No,55,Yes,No,DSL,Yes,No,No,Yes,No,No,One year,No,Bank transfer (automatic),41.58,2277.57,No
0469-OHQLH,Male,0,No,No,38,Yes,No,Fiber optic,No,Yes,Yes,No,Yes,Yes,Month-to-month,Yes,Electronic check,92.42,3550.66,Yes
0470-YNDAA,Female,0,No,Yes,12,Yes,No,No,No internet service,No internet service,No internet service,No internet service,No internet service,No internet service,Two year,No,Credit card (automatic),18.25,253.39,No
0471-SPNUP,Male,0,No,Yes,40,Yes,Yes,Fiber optic,No,No,No,No,Yes,No,Two year,Yes,Mailed check,71.08,2850.68,No
0472-EIZBR,Male,0,No,No,10,Yes,Yes,Fiber optic,Yes,Yes,Yes,No,No,Yes,Month-to-month,Yes,Electronic check,80.41,788.47,Yes
0473-FIAIY,Male,0,Yes,No,40,Yes,No,DSL,Yes,Yes,No,No,Yes,No,Month-to-month,Yes,Electronic check,56.35,2244.32,No
0474-PMIUM,Male,0,Yes,No,46,Yes,No,No,No internet service,No internet service,No internet service,No internet service,No internet service,No internet service,Two year,Yes,Mailed check,18.25,980.41,No
0475-IKDBF,Female,0,No,No,48,Yes,No,Fiber optic,Yes,Yes,Yes,Yes,Yes,No,Month-to-month,Yes,Electronic check,84.13,4087.25,No
0476-NDFSF,Male,1,Yes,No,64,Yes,Yes,DSL,No,No,Yes,Yes,No,Yes,Month-to-month,No,Credit card (automatic),47.05,3034.22,No
0477-BRMIW,Female,0,Yes,No,34,Yes,No,Fiber optic,Yes,Yes,Yes,No,No,No,Two year,No,Credit card (automatic),80.16,2722.17,No
0478-SMKAX,Female,0,No,Yes,34,Yes,No,DSL,No,Yes,No,No,Yes,Yes,One year,No,Bank transfer (automatic),63.54,2235.81,No
0479-VGYUO,Male,0,Yes,No,66,Yes,Yes,Fiber optic,No,No,Yes,No,Yes,No,Month-to-month,No,Credit card (automatic),69.31,4470.98,No
0480-ALZGO,Female,0,No,Yes,3,Yes,Yes,Fiber optic,No,No,No,Yes,No,Yes,One year,Yes,Electronic check,72.36,256.59,Yes
0481-USYAQ,Female,0,Yes,Yes,23,Yes,No,DSL,Yes,Yes,Yes,Yes,Yes,Yes,Two year,Yes,Electronic check,66.21,1530.64,No
0482-QCLFZ,Female,0,No,No,35,Yes,No,DSL,No,Yes,Yes,No,No,No,Month-to-month,Yes,Credit card (automatic),44.84,1581.99,Yes
0483-KCHNN,Male,0,No,No,55,Yes,Yes,Fiber optic,No,No,No,No,No,No,Month-to-month,Yes,Mailed check,51.78,2911.43,Yes
0484-JBNIC,Female,0,Yes,No,3,Yes,No,Fiber optic,Yes,No,No,No,Yes,No,Month-to-month,No,Credit card (automatic),79.45,318.13,Yes
0485-UZHPB,Male,0,Yes,Yes,39,Yes,Yes,Fiber optic,No,No,No,No,No,Yes,Two year,Yes,Credit card (automatic),62.24,2427.81,No
0486-FUZYL,Female,0,Yes,No,42,Yes,No,Fiber optic,No,No,No,No,Yes,No,Month-to-month,Yes,Electronic check,74.36,3121.66,Yes
0487-EBPEO,Female,0,No,Yes,57,Yes,Yes,DSL,Yes,No,No,No,Yes,No,One year,No,Electronic check,53.36,2995.01,No
0488-LDOKP,Female,0,Yes,No,61,Yes,Yes,Fiber optic,No,Yes,Yes,No,Yes,Yes,Month-to-month,Yes,Credit card (automatic),81.68,4977.23,Yes
0489-WFNRL,Female,0,Yes,No,6,Yes,No,No,No internet service,No internet service,No internet service,No internet service,No internet service,No internet service,Month-to-month,No,Mailed check,18.25,186.69,No
0490-KMUWK,Male,0,Yes,Yes,8,Yes,Yes,Fiber optic,Yes,No,No,No,No,Yes,Two year,Yes,Mailed check,77.28,602.22,Yes
0491-WPOUO,Female,0,No,Yes,21,Yes,Yes,DSL,Yes,No,No,No,Yes,Yes,One year,Yes,Mailed check,67.11,1315.35,No
0492-YDKSO,Female,0,No,Yes,3,Yes,No,Fiber optic,No,No,No,No,Yes,Yes,Month-to-month,Yes,Bank transfer (automatic),77.89,182.76,No
0493-DUMVS,Female,0,No,No,35,Yes,No,DSL,Yes,No,No,No,No,No,Two year,Yes,Mailed check,40.85,1407.46,No
0494-BNDPU,Male,0,No,No,69,Yes,No,DSL,No,No,Yes,Yes,Yes,Yes,Month-to-month,No,Mailed check,54.02,3690.2,No
0495-TNOCH,Male,0,Yes,No,66,Yes,Yes,Fiber optic,No,Yes,No,Yes,Yes,No,Month-to-month,No,Mailed check,63.28,4208.05,No
0496-PJDRB,Female,0,No,No,34,Yes,Yes,DSL,No,Yes,No,No,No,Yes,Month-to-month,Yes,Credit card (automatic),61.2,2103.68,No
0497-QMDZY,Female,0,Yes,No,32,Yes,Yes,No,No internet service,No internet service,No internet service,No internet service,No internet service,No internet service,Month-to-month,Yes,Mailed check,21.51,740.32,No
0498-KGLJG,Female,0,No,No,6,Yes,Yes,Fiber optic,No,No,Yes,No,No,No,Month-to-month,Yes,Credit card (automatic),66.26,382.39,Yes
0499-MGXQJ,Female,0,No,No,54,Yes,Yes,Fiber optic,No,No,Yes,Yes,Yes,No,Two year,No,Mailed check,74.98,4062.11,No
0500-JXDTD,Male,0,Yes,No,46,Yes,Yes,DSL,No,No,No,No,Yes,No,Month-to-month,No,Bank transfer (automatic),55.14,2487.83,No
0501-VGVAL,Male,0,Yes,Yes,61,Yes,No,Fiber optic,Yes,No,No,No,Yes,No,One year,Yes,Bank transfer (automatic),72.6,4414.04,No
0502-XMJOM,Male,0,No,No,66,Yes,No,DSL,No,Yes,Yes,Yes,Yes,No,Month-to-month,Yes,Mailed check,55.77,3682.3,No
0503-WVVUV,Female,0,Yes,No,63,Yes,No,DSL,No,No,Yes,No,No,No,Month-to-month,Yes,Bank transfer (automatic),35.06,2213.75,Yes
0504-IZIOJ,Female,0,Yes,Yes,42,Yes,No,No,No internet service,No internet service,No internet service,No internet service,No internet service,No internet service,Month-to-month,Yes,Electronic check,22.85,1005.82,Yes
0505-XZYJH,Female,1,No,No,17,Yes,Yes,No,No internet service,No internet service,No internet service,No internet service,No internet service,No internet service,Month-to-month,Yes,Electronic check,20.86,374.88,Yes
0506-XPQZE,Female,0,No,Yes,2,Yes,No,No,No internet service,No internet service,No internet service,No internet service,No internet service,No internet service,Month-to-month,Yes,Credit card (automatic),22.45,40.42,Yes
0507-DRXSD,Male,1,No,Yes,58,Yes,No,DSL,Yes,Yes,No,Yes,No,No,Month-to-month,Yes,Mailed check,49.48,2974.34,Yes
0508-GJYRS,Male,0,No,Yes,61,Yes,Yes,Fiber optic,No,Yes,Yes,Yes,No,No,Month-to-month,No,Mailed check,70.72,4264.8,No
0509-DJAWR,Male,0,Yes,No,38,Yes,No,No,No internet service,No internet service,No internet service,No internet service,No internet service,No internet service,Two year,Yes,Credit card (automatic),18.25,738.43,No
0510-EOQCL,Female,0,Yes,No,63,Yes,No,DSL,Yes,No,No,Yes,Yes,No,Month-to-month,Yes,Mailed check,50.25,3166.16,No
0511-BAWUQ,Female,0,No,Yes,72,Yes,Yes,Fiber optic,No,No,Yes,No,No,No,Month-to-month,Yes,Bank transfer (automatic),67.57,4889.46,Yes
0512-VPEOC,Female,0,No,Yes,59,Yes,Yes,Fiber optic,No,No,No,No,No,Yes,Month-to-month,Yes,Credit card (automatic),72.73,4236.37,No
0513-GKJIN,Female,0,Yes,No,41,Yes,Yes,Fiber optic,No,No,Yes,No,Yes,No,Month-to-month,Yes,Credit card (automatic),68.28,2743.67,No
0514-MYYBC,Female,0,Yes,No,4,Yes,No,No,No internet service,No internet service,No internet service,No internet service,No internet service,No internet service,Two year,No,Mailed check,18.25,58.71,No
0515-GURCJ,Male,1,Yes,No,45,No,No phone service,Fiber optic,No,Yes,No,No,No,Yes,Two year,Yes,Bank transfer (automatic),72.86,3276.78,No
0516-VGIQK,Female,1,No,No,3,Yes,No,DSL,No,No,No,No,Yes,No,One year,Yes,Mailed check,39.09,62.75,Yes
0517-GXNSD,Female,0,Yes,No,13,Yes,Yes,DSL,No,No,No,No,No,No,Month-to-month,Yes,Bank transfer (automatic),35.34,433.24,Yes
0518-ZFJGM,Male,1,No,No,10,Yes,Yes,Fiber optic,No,Yes,No,No,Yes,Yes,Month-to-month,Yes,Bank transfer (automatic),82.69,842.91,Yes
0519-NDHEA,Male,0,No,Yes,59,Yes,Yes,DSL,No,No,No,Yes,Yes,No,Month-to-month,Yes,Mailed check,53.24,3109.37,No
0520-DCIHA,Female,0,No,Yes,21,Yes,Yes,DSL,No,No,No,No,No,No,Month-to-month,No,Electronic check,39.9,918.73,Yes
0521-FIGDM,Male,0,No,No,4,No,No phone service,Fiber optic,No,No,Yes,Yes,Yes,Yes,One year,Yes,Bank transfer (automatic),75.67,273.29,No
0522-QBELU,Female,0,Yes,No,52,Yes,No,Fiber optic,Yes,No,Yes,Yes,Yes,No,Two year,Yes,Electronic check,80.96,4206.28,No
0523-HFHRC,Female,1,Yes,No,11,Yes,Yes,DSL,No,No,No,Yes,No,No,Month-to-month,No,Bank transfer (automatic),34.59,367.97,Yes
0524-VLZCV,Male,0,No,No,20,Yes,No,No,No internet service,No internet service,No internet service,No internet service,No internet service,No internet service,Month-to-month,Yes,Credit card (automatic),18.25,302.14,No
0525-FBWLB,Female,1,Yes,Yes,23,Yes,No,No,No internet service,No internet service,No internet service,No internet service,No internet service,No internet service,One year,Yes,Bank transfer (automatic),24.38,558.46,No
0526-FQCBW,Female,1,Yes,No,12,Yes,Yes,Fiber optic,No,No,No,No,Yes,Yes,One year,No,Electronic check,77.73,890.73,Yes
0527-THVLZ,Female,0,No,No,25,Yes,No,Fiber optic,No,Yes,Yes,Yes,No,No,Month-to-month,Yes,Mailed check,68.67,1774.79,Yes
0528-DEMOY,Male,0,Yes,No,39,Yes,No,Fiber optic,No,No,No,Yes,No,No,Month-to-month,No,Mailed check,56.15,2195.5,No
0529-WPJYW,Male,0,No,Yes,25,Yes,No,Fiber optic,Yes,No,No,No,Yes,Yes,One year,Yes,Electronic check,81.21,2022.35,No
0530-PLQPL,Male,0,Yes,No,44,Yes,Yes,No,No internet service,No internet service,No internet service,No internet service,No internet service,No internet service,Month-to-month,Yes,Electronic check,18.25,785.87,No
0531-HTCPM,Male,0,Yes,No,29,No,No phone service,DSL,No,Yes,No,Yes,Yes,No,Two year,Yes,Mailed check,55.95,1677.48,No
0532-WSHVE,Female,0,Yes,No,63,Yes,No,No,No internet service,No internet service,No internet service,No internet service,No internet service,No internet service,Two year,No,Mailed check,23.42,1478.94,No
0533-THXLA,Male,0,No,No,72,Yes,Yes,Fiber optic,No,No,No,No,No,No,Month-to-month,No,Electronic check,64.84,4614.42,No
0534-YUTFV,Female,1,No,No,37,No,No phone service,Fiber optic,No,Yes,No,No,No,Yes,Month-to-month,No,Electronic check,82.37,3088.26,Yes
0535-RHGAU,Male,0,Yes,No,17,Yes,Yes,DSL,No,Yes,Yes,Yes,No,No,Month-to-month,Yes,Electronic check,47.6,845.58,No
0536-PLFTB,Male,0,Yes,No,8,Yes,Yes,Fiber optic,No,Yes,No,Yes,No,Yes,Month-to-month,No,Mailed check,69.94,514.44,No
0537-NDAWR,Female,0,No,No,55,Yes,Yes,Fiber optic,Yes,Yes,Yes,No,No,No,One year,Yes,Electronic check,76.41,4185.92,No
0538-MBIUB,Male,0,Yes,Yes,37,Yes,Yes,DSL,No,Yes,No,No,No,Yes,Month-to-month,No,Mailed check,55.76,2169.0,No
0539-YIAKC,Male,0,Yes,Yes,20,Yes,Yes,Fiber optic,Yes,No,Yes,Yes,No,Yes,Two year,Yes,Electronic check,79.42,1603.81,No
0540-TWZDR,Female,0,Yes,No,70,Yes,Yes,Fiber optic,No,Yes,No,No,No,No,Month-to-month,No,Credit card (automatic),62.96,4595.51,No
0541-WFCVK,Male,0,No,No,11,Yes,Yes,No,No internet service,No internet service,No internet service,No internet service,No internet service,No internet service,Month-to-month,No,Credit card (automatic),20.71,294.74,Yes
0542-OVETJ,Female,0,Yes,No,35,Yes,No,Fiber optic,No,No,No,Yes,Yes,No,Month-to-month,No,Mailed check,70.68,2599.19,Yes
0543-LOQJF,Male,0,Yes,Yes,10,Yes,No,Fiber optic,Yes,No,Yes,No,Yes,Yes,Two year,Yes,Bank transfer (automatic),79.51,758.77,Yes
0544-RMCXJ,Female,0,No,Yes,66,Yes,Yes,Fiber optic,No,No,No,No,No,No,One year,Yes,Credit card (automatic),51.05,3491.89,Yes
0545-NFCPG,Male,0,Yes,No,26,Yes,Yes,Fiber optic,No,Yes,No,No,No,No,Month-to-month,Yes,Credit card (automatic),62.9,1574.14,Yes
0546-TNIOU,Female,0,No,Yes,62,Yes,Yes,No,No internet service,No internet service,No internet service,No internet service,No internet service,No internet service,Two year,No,Mailed check,27.31,1684.1,No
0547-CBBCR,Male,0,No,No,70,No,No phone service,DSL,No,No,No,No,No,No,Month-to-month,No,Mailed check,38.61,2666.66,No
0548-NTRJY,Female,0,No,No,65,Yes,No,DSL,No,No,No,Yes,Yes,No,One year,Yes,Electronic check,49.97,3250.92,No
0549-BYVAD,Male,1,Yes,Yes,66,Yes,Yes,Fiber optic,Yes,No,Yes,No,No,Yes,Two year,Yes,Electronic check,74.69,4960.41,Yes
0550-NANPV,Male,0,No,No,64,No,No phone service,Fiber optic,No,Yes,No,Yes,No,Yes,One year,Yes,Credit card (automatic),79.96,5112.7,No
0551-NTCCI,Male,0,Yes,No,33,Yes,Yes,No,No internet service,No internet service,No internet service,No internet service,No internet service,No internet service,Month-to-month,Yes,Electronic check,18.25,617.39,No
0552-FYMUB,Female,0,Yes,Yes,33,No,No phone service,DSL,No,No,No,Yes,No,No,Two year,No,Electronic check,44.07,1440.07,No
0553-HUBDY,Female,0,No,No,63,Yes,Yes,Fiber optic,No,No,Yes,Yes,No,Yes,Month-to-month,Yes,Mailed check,69.08,4379.74,No
0554-ODMLM,Male,0,No,Yes,16,No,No phone service,DSL,Yes,Yes,Yes,No,No,No,Two year,No,Electronic check,49.89,821.4,No
0555-NTRFK,Male,0,Yes,No,50,Yes,No,Fiber optic,No,Yes,No,No,No,No,Two year,No,Bank transfer (automatic),67.17,3344.68,No
0556-BWSSE,Male,0,Yes,Yes,55,Yes,No,No,No internet service,No internet service,No internet service,No internet service,No internet service,No internet service,Month-to-month,Yes,Electronic check,19.67,1070.47,No
0557-SBJYB,Male,0,Yes,No,47,Yes,No,No,No internet service,No internet service,No internet service,No internet service,No internet service,No internet service,Month-to-month,Yes,Credit card (automatic),21.44,946.62,Yes
0558-KRXOI,Male,0,No,No,61,Yes,No,No,No internet service,No internet service,No internet service,No internet service,No internet service,No internet service,Two year,No,Credit card (automatic),18.25,1120.51,No
0559-WSICU,Male,0,No,Yes,55,Yes,Yes,Fiber optic,No,Yes,No,No,Yes,No,Month-to-month,No,Bank transfer (automatic),80.92,4474.64,No
0560-INSGP,Male,1,No,Yes,10,Yes,No,Fiber optic,Yes,No,No,No,Yes,No,Two year,Yes,Bank transfer (automatic),75.56,804.18,No
0561-PADDG,Male,0,No,No,19,Yes,No,Fiber optic,Yes,No,Yes,No,No,Yes,Month-to-month,Yes,Bank transfer (automatic),79.99,1460.54,No
0562-HQEGT,Male,1,No,No,67,Yes,Yes,Fiber optic,Yes,No,No,No,No,No,Month-to-month,Yes,Electronic check,67.72,4496.2,No
0563-TDFGR,Male,0,Yes,No,33,Yes,No,No,No internet service,No internet service,No internet service,No internet service,No internet service,No internet service,One year,Yes,Electronic check,24.6,840.65,No
0564-ETCGV,Female,0,Yes,Yes,41,Yes,No,DSL,Yes,No,No,No,No,No,Month-to-month,No,Bank transfer (automatic),49.61,2062.95,No
0565-NGEVE,Female,0,No,No,40,Yes,No,Fiber optic,No,No,No,Yes,No,Yes,Month-to-month,Yes,Electronic check,71.29,2893.8,Yes
0566-WBUVF,Male,0,Yes,No,61,Yes,No,Fiber optic,No,Yes,No,Yes,No,Yes,Month-to-month,No,Electronic check,79.63,4980.48,Yes
0567-OUJWZ,Male,0,Yes,Yes,16,Yes,Yes,Fiber optic,No,Yes,Yes,No,No,No,Month-to-month,Yes,Mailed check,67.15,1014.88,No
0568-XGEAM,Male,0,Yes,No,11,Yes,No,Fiber optic,No,Yes,Yes,Yes,Yes,No,Month-to-month,Yes,Mailed check,85.08,900.66,No
0569-UZRMU,Female,0,No,Yes,67,Yes,No,DSL,No,No,Yes,No,Yes,No,One year,Yes,Electronic check,50.77,3411.98,No
0570-UREMD,Female,0,Yes,No,40,Yes,No,DSL,No,No,No,No,No,Yes,One year,Yes,Credit card (automatic),51.97,2083.24,No
0571-QCQKU,Male,0,Yes,No,13,No,No phone service,No,No internet service,No internet service,No internet service,No internet service,No internet service,No internet service,Month-to-month,No,Bank transfer (automatic),23.82,328.45,Yes
0572-TWUZD,Male,0,No,Yes,3,No,No phone service,Fiber optic,No,Yes,No,No,No,Yes,Month-to-month,Yes,Bank transfer (automatic),72.58,299.18,No
0573-BTPRH,Male,0,Yes,No,13,Yes,Yes,DSL,No,No,No,No,No,No,Two year,Yes,Credit card (automatic),44.4,691.08,Yes
0574-CITFJ,Female,0,No,No,8,Yes,No,DSL,No,Yes,Yes,No,Yes,No,Month-to-month,Yes,Bank transfer (automatic),53.02,386.5,Yes
0575-UJMQI,Female,0,Yes,No,42,Yes,No,No,No internet service,No internet service,No internet service,No internet service,No internet service,No internet service,Month-to-month,Yes,Bank transfer (automatic),18.25,802.82,No
0576-QXIIA,Female,0,No,Yes,19,Yes,No,DSL,No,No,No,Yes,Yes,No,Month-to-month,Yes,Electronic check,47.69,980.84,No
0577-BPAJR,Female,0,Yes,Yes,0,Yes,No,Fiber optic,No,No,Yes,Yes,Yes,Yes,One year,No,Bank transfer (automatic),68.74,18.8,No
0578-ZHUKW,Male,0,No,No,71,Yes,No,Fiber optic,No,No,No,Yes,No,No,Month-to-month,Yes,Mailed check,62.12,4423.19,No
0579-BHVHQ,Male,0,No,Yes,16,Yes,No,Fiber optic,Yes,No,Yes,Yes,Yes,Yes,Month-to-month,Yes,Mailed check,85.22,1347.5,Yes
0580-OQWXM,Male,0,No,No,19,Yes,No,Fiber optic,Yes,No,Yes,No,No,No,One year,No,Electronic check,65.46,1165.84,No
0581-SELAW,Male,0,No,No,58,Yes,No,Fiber optic,Yes,No,Yes,No,Yes,No,One year,No,Bank transfer (automatic),77.56,4461.68,No
0582-EHMHY,Male,0,Yes,No,12,Yes,Yes,No,No internet service,No internet service,No internet service,No internet service,No internet service,No internet service,Month-to-month,Yes,Bank transfer (automatic),19.94,231.31,Yes
0583-WKAMS,Female,0,No,No,46,Yes,No,Fiber optic,No,No,Yes,Yes,No,No,Month-to-month,No,Electronic check,63.57,2996.12,No
0584-XCXQE,Male,0,No,No,49,Yes,Yes,DSL,No,Yes,Yes,No,No,No,Two year,No,Electronic check,41.96,2073.92,No
0585-TUHZN,Male,1,No,No,39,Yes,No,DSL,Yes,No,No,Yes,No,No,Month-to-month,Yes,Credit card (automatic),39.28,1548.66,No
0586-DKTOS,Female,0,No,No,6,Yes,No,DSL,No,No,No,No,Yes,Yes,Two year,No,Bank transfer (automatic),58.89,348.77,No
0587-GSSKZ,Male,0,Yes,Yes,54,Yes,Yes,Fiber optic,No,No,No,No,Yes,No,Two year,Yes,Electronic check,70.92,3842.59,No
0588-EEVHJ,Male,0,No,Yes,50,Yes,No,Fiber optic,No,No,Yes,No,No,Yes,Month-to-month,No,Electronic check,71.6,3596.54,Yes
0589-FOPQH,Male,0,Yes,Yes,1,Yes,Yes,Fiber optic,No,No,No,Yes,Yes,No,Month-to-month,Yes,Mailed check,71.49,18.8,Yes
0590-HYIBO,Female,0,No,No,13,No,No phone service,No,No internet service,No internet service,No internet service,No internet service,No internet service,No internet service,Two year,No,Credit card (automatic),31.86,446.48,No
0591-RCQDD,Male,0,Yes,Yes,16,Yes,No,Fiber optic,Yes,No,No,No,Yes,Yes,Month-to-month,No,Mailed check,74.38,1189.11,No
0592-NIIYZ,Female,0,Yes,Yes,0,Yes,Yes,Fiber optic,No,No,Yes,Yes,No,Yes,Month-to-month,No,Electronic check,71.56,60.56,No
0593-WRJUD,Female,1,No,No,0,Yes,Yes,Fiber optic,No,No,Yes,Yes,No,Yes,One year,Yes,Credit card (automatic),68.05,18.8,Yes
0594-LHBVM,Female,0,No,No,25,Yes,No,DSL,Yes,Yes,Yes,No,No,Yes,Month-to-month,Yes,Mailed check,63.34,1667.51,Yes
0595-UPBKJ,Female,0,No,No,45,Yes,Yes,Fiber optic,Yes,No,No,No,Yes,No,One year,Yes,Bank transfer (automatic),77.31,3436.95,No
0596-OQHRW,Male,0,No,No,12,Yes,No,DSL,Yes,Yes,Yes,Yes,Yes,Yes,One year,No,Electronic check,68.83,884.43,No
0597-IYHNZ,Female,0,No,No,33,Yes,Yes,Fiber optic,No,Yes,No,Yes,No,Yes,One year,No,Bank transfer (automatic),69.58,2272.96,No
0598-YRVTT,Male,0,No,No,61,Yes,No,Fiber optic,Yes,Yes,No,No,No,No,Month-to-month,Yes,Credit card (automatic),67.55,4152.26,No
0599-ULSNQ,Female,0,Yes,No,72,No,No phone service,DSL,No,No,No,No,Yes,No,Month-to-month,Yes,Credit card (automatic),48.52,3559.99,No
0600-XUCZW,Male,0,No,No,50,Yes,No,DSL,No,No,No,No,Yes,Yes,Month-to-month,Yes,Electronic check,54.18,2736.04,No
0601-GQLIO,Male,0,No,No,40,Yes,Yes,DSL,No,Yes,Yes,No,No,Yes,Month-to-month,Yes,Bank transfer (automatic),59.91,2383.83,Yes
0602-RUMUH,Male,0,No,Yes,54,Yes,Yes,Fiber optic,Yes,No,No,Yes,No,No,One year,Yes,Bank transfer (automatic),71.76,3849.93,No
0603-NHNGW,Male,0,No,Yes,27,Yes,No,Fiber optic,Yes,No,Yes,Yes,No,No,Month-to-month,Yes,Credit card (automatic),61.36,1641.95,Yes
0604-LKVVK,Male,0,No,No,60,Yes,No,No,No internet service,No internet service,No internet service,No internet service,No internet service,No internet service,Month-to-month,No,Credit card (automatic),18.25,1036.72,No
0605-YVMRB,Male,0,Yes,Yes,6,Yes,Yes,Fiber optic,Yes,Yes,No,No,Yes,No,Two year,Yes,Credit card (automatic),77.15,473.63,No
0606-UOTRO,Male,0,No,Yes,1,Yes,No,DSL,Yes,No,Yes,No,No,Yes,Month-to-month,Yes,Electronic check,47.48,111.31,Yes
0607-SWXLM,Male,0,Yes,No,1,Yes,Yes,No,No internet service,No internet service,No internet service,No internet service,No internet service,No internet service,Month-to-month,Yes,Bank transfer (automatic),23.03,78.71,No
0608-VKEAX,Male,0,No,Yes,27,No,No phone service,No,No internet service,No internet service,No internet service,No internet service,No internet service,No internet service,Month-to-month,No,Credit card (automatic),18.25,556.79,No
0609-CVSWG,Male,1,Yes,No,53,Yes,Yes,DSL,Yes,No,No,Yes,No,No,One year,Yes,Mailed check,37.04,2001.76,No
0610-LOYEO,Female,0,No,Yes,57,Yes,Yes,DSL,No,No,No,Yes,Yes,Yes,Month-to-month,Yes,Credit card (automatic),53.9,2981.73,No
0611-HJZPH,Male,1,No,Yes,46,Yes,Yes,Fiber optic,No,No,No,No,Yes,No,Month-to-month,Yes,Credit card (automatic),63.01,2880.89,Yes
0612-ALECA,Male,0,No,No,60,Yes,Yes,No,No internet service,No internet service,No internet service,No internet service,No internet service,No internet service,Month-to-month,Yes,Bank transfer (automatic),23.67,1446.94,Yes
0613-DHCJB,Male,0,No,No,39,Yes,Yes,No,No internet service,No internet service,No internet service,No internet service,No internet service,No internet service,Two year,No,Credit card (automatic),18.25,689.76,No
0614-KYJUN,Female,0,Yes,No,17,Yes,No,DSL,Yes,Yes,Yes,No,Yes,No,Month-to-month,Yes,Bank transfer (automatic),59.17,989.97,No
0615-GBIPM,Female,0,No,No,13,No,No phone service,Fiber optic,No,No,Yes,No,Yes,Yes,One year,No,Bank transfer (automatic),80.35,1056.17,No
0616-ITDVJ,Male,0,No,No,24,Yes,No,Fiber optic,No,No,No,Yes,No,No,Two year,Yes,Electronic check,54.35,1306.78,No
0617-ZZVLQ,Male,0,Yes,Yes,9,Yes,Yes,Fiber optic,No,No,No,No,Yes,Yes,Month-to-month,Yes,Mailed check,72.29,684.89,Yes
0618-NNYBU,Female,1,Yes,No,47,Yes,No,Fiber optic,No,Yes,No,No,No,No,Month-to-month,Yes,Bank transfer (automatic),63.75,2957.82,No
0619-YTKPS,Male,0,Yes,Yes,47,Yes,No,DSL,No,Yes,No,No,Yes,Yes,Two year,Yes,Mailed check,71.05,3212.63,No
0620-WFXSE,Male,1,No,No,60,Yes,Yes,Fiber optic,No,No,No,No,Yes,No,Month-to-month,Yes,Mailed check,67.27,3983.34,Yes
0621-ZDODT,Female,0,No,Yes,52,Yes,Yes,Fiber optic,No,No,Yes,No,No,No,Month-to-month,No,Credit card (automatic),69.6,3684.65,No
0622-JXVCZ,Female,1,No,Yes,8,Yes,No,Fiber optic,No,No,No,Yes,No,Yes,One year,Yes,Credit card (automatic),68.14,550.53,No
0623-EFUVH,Male,0,No,No,10,Yes,No,Fiber optic,Yes,No,No,No,Yes,Yes,Month-to-month,Yes,Bank transfer (automatic),79.69,781.92,No
0624-GUJFN,Male,0,Yes,No,26,Yes,No,DSL,No,No,Yes,Yes,No,Yes,Two year,No,Mailed check,47.04,1289.53,No
0625-DYMTQ,Male,0,No,No,58,Yes,No,Fiber optic,No,No,No,No,Yes,Yes,Month-to-month,No,Credit card (automatic),69.24,3944.4,No
0626-WGDNC,Female,1,Yes,No,57,Yes,No,DSL,No,No,Yes,No,No,Yes,Two year,Yes,Credit card (automatic),52.24,3030.24,No
0627-XEPZW,Male,0,Yes,Yes,12,Yes,No,DSL,No,Yes,No,Yes,No,Yes,Two year,No,Bank transfer (automatic),53.43,664.72,No
0628-TDXXB,Male,0,Yes,Yes,64,No,No phone service,Fiber optic,Yes,No,Yes,Yes,Yes,No,Month-to-month,No,Mailed check,71.09,4593.17,No
0629-RSSQN,Female,0,Yes,No,10,Yes,Yes,Fiber optic,No,No,No,Yes,No,No,Month-to-month,Yes,Bank transfer (automatic),67.81,702.23,No
0630-SVXML,Male,0,Yes,Yes,56,Yes,No,Fiber optic,No,No,Yes,No,No,Yes,Two year,Yes,Mailed check,67.11,3802.65,No
0631-ZFUDS,Male,0,Yes,No,66,Yes,No,No,No internet service,No internet service,No internet service,No internet service,No internet service,No internet service,Two year,Yes,Electronic check,23.94,1606.34,No
0632-PMDWQ,Male,0,Yes,No,65,Yes,No,Fiber optic,No,No,No,Yes,No,Yes,Month-to-month,Yes,Bank transfer (automatic),69.27,4521.76,No
0633-WARTQ,Male,0,Yes,Yes,23,No,No phone service,Fiber optic,No,Yes,No,No,Yes,Yes,Month-to-month,Yes,Bank transfer (automatic),89.39,2078.98,No
0634-OKYVM,Female,0,No,No,48,Yes,Yes,Fiber optic,No,No,No,Yes,Yes,Yes,One year,Yes,Electronic check,81.56,3859.24,No
0635-AQFDT,Female,0,Yes,No,39,Yes,Yes,Fiber optic,No,No,No,No,Yes,No,Month-to-month,Yes,Mailed check,72.58,2791.81,Yes
0636-POOFO,Female,0,Yes,No,69,Yes,Yes,Fiber optic,Yes,Yes,No,No,No,No,Month-to-month,Yes,Bank transfer (automatic),67.58,4795.48,No
0637-NKGIZ,Male,1,Yes,Yes,1,No,No phone service,Fiber optic,No,Yes,Yes,Yes,Yes,No,Month-to-month,No,Credit card (automatic),76.07,40.56,Yes
0638-PEYTJ,Male,0,No,Yes,53,Yes,No,DSL,Yes,No,Yes,No,No,No,Month-to-month,Yes,Electronic check,43.06,2228.89,No
0639-RCMKQ,Male,0,No,No,14,Yes,No,Fiber optic,No,No,No,Yes,No,Yes,Month-to-month,No,Credit card (automatic),63.81,873.28,No
0640-VMFQM,Male,0,No,No,47,Yes,No,Fiber optic,Yes,No,No,No,No,Yes,Month-to-month,Yes,Mailed check,69.84,3249.39,No
0641-SUSJC,Female,1,No,No,53,No,No phone service,DSL,No,No,Yes,Yes,Yes,Yes,Two year,No,Mailed check,57.32,2987.4,No
0642-NZSEE,Male,0,Yes,No,45,Yes,No,Fiber optic,No,No,No,No,No,Yes,One year,No,Mailed check,71.0,3229.93,No
0643-TQUJE,Male,0,Yes,No,56,No,No phone service,DSL,No,No,Yes,Yes,No,No,Month-to-month,No,Bank transfer (automatic),42.8,2385.04,No
0644-DFZDG,Male,1,Yes,No,54,Yes,No,Fiber optic,No,Yes,No,Yes,No,Yes,One year,No,Bank transfer (automatic),79.93,4254.3,No
0645-GRCAX,Female,0,No,Yes,59,Yes,No,DSL,Yes,No,No,No,No,Yes,Two year,Yes,Bank transfer (automatic),62.93,3679.05,No
0646-YDFIV,Male,0,No,No,29,Yes,Yes,DSL,No,No,No,Yes,No,Yes,One year,No,Credit card (automatic),46.68,1295.45,No
0647-NLYTX,Male,0,Yes,Yes,27,Yes,No,DSL,Yes,No,Yes,Yes,No,Yes,Two year,Yes,Bank transfer (automatic),61.92,1651.38,No
0648-YDUXL,Male,0,Yes,No,51,Yes,No,Fiber optic,No,Yes,Yes,No,No,No,Month-to-month,Yes,Bank transfer (automatic),59.13,3054.68,No
0649-JVGCW,Male,0,No,Yes,40,Yes,No,No,No internet service,No internet service,No internet service,No internet service,No internet service,No internet service,Two year,No,Electronic check,20.27,809.51,No
0650-NXJPP,Male,0,Yes,No,20,Yes,Yes,Fiber optic,Yes,Yes,No,No,Yes,Yes,One year,No,Mailed check,84.05,1704.81,No
0651-VJYMF,Female,0,No,No,41,No,No phone service,No,No internet service,No internet service,No internet service,No internet service,No internet service,No internet service,One year,No,Bank transfer (automatic),18.25,763.41,No
0652-LIMDX,Male,0,No,Yes,12,Yes,Yes,No,No internet service,No internet service,No internet service,No internet service,No internet service,No internet service,Month-to-month,Yes,Electronic check,18.25,215.99,No
0653-KTRZK,Male,1,No,No,44,Yes,No,DSL,Yes,No,No,No,No,Yes,One year,Yes,Bank transfer (automatic),55.08,2435.91,No
0654-YUDRA,Male,0,Yes,Yes,53,Yes,No,DSL,No,No,Yes,Yes,Yes,Yes,Month-to-month,Yes,Electronic check,55.66,2975.38,Yes
0655-GFORX,Male,0,Yes,Yes,18,Yes,Yes,DSL,Yes,Yes,Yes,Yes,Yes,Yes,Month-to-month,Yes,Electronic check,66.94,1151.82,Yes
0656-KTXOP,Male,0,No,Yes,26,Yes,Yes,Fiber optic,No,Yes,No,No,No,No,One year,Yes,Electronic check,61.85,1666.58,No
0657-GUJZL,Female,0,No,No,39,Yes,No,Fiber optic,No,Yes,Yes,Yes,No,Yes,One year,Yes,Electronic check,72.24,2885.66,No
0658-XNYEZ,Male,0,Yes,Yes,6,Yes,Yes,DSL,No,No,No,No,Yes,No,Month-to-month,Yes,Mailed check,53.34,284.95,Yes
0659-URECW,Female,0,No,No,24,Yes,No,Fiber optic,No,No,No,Yes,No,Yes,One year,No,Bank transfer (automatic),75.88,1852.63,No
0660-ZEXQS,Female,1,No,Yes,48,Yes,No,Fiber optic,Yes,Yes,No,Yes,Yes,No,Two year,No,Mailed check,73.82,3543.38,No
0661-SYULY,Male,0,Yes,No,35,Yes,No,Fiber optic,No,No,No,No,No,No,Two year,No,Mailed check,59.97,2082.68,No
0662-IARUD,Male,0,No,No,70,Yes,No,Fiber optic,No,No,Yes,No,No,No,Two year,Yes,Mailed check,61.47,4400.5,No
0663-JYGVW,Female,0,Yes,No,23,Yes,Yes,No,No internet service,No internet service,No internet service,No internet service,No internet service,No internet service,Two year,No,Electronic check,20.06,439.22,No
0664-AQXBZ,Male,0,No,Yes,60,Yes,Yes,Fiber optic,Yes,No,No,No,No,No,One year,No,Electronic check,75.61,4511.77,No
0665-KIGVQ,Female,0,Yes,No,68,Yes,No,No,No internet service,No internet service,No internet service,No internet service,No internet service,No internet service,Month-to-month,Yes,Mailed check,18.88,1285.85,No
0666-QBFNF,Female,0,No,Yes,51,Yes,Yes,Fiber optic,Yes,No,Yes,Yes,No,Yes,Month-to-month,Yes,Mailed check,68.53,3479.69,No
0667-BAJUE,Male,0,Yes,No,35,Yes,No,Fiber optic,No,No,No,No,No,No,Two year,Yes,Credit card (automatic),57.03,1929.54,No
0668-BVPYB,Male,0,Yes,No,50,Yes,No,DSL,Yes,No,No,No,Yes,Yes,Month-to-month,No,Bank transfer (automatic),65.88,3265.11,No
0669-JBPPS,Female,0,No,No,32,Yes,No,DSL,Yes,No,No,No,No,No,Two year,Yes,Mailed check,47.07,1550.96,No
0670-GVLXO,Male,0,No,No,52,Yes,Yes,DSL,Yes,No,No,No,Yes,Yes,Month-to-month,No,Mailed check,62.83,3277.06,No
0671-HFJCS,Female,0,No,Yes,37,Yes,No,DSL,No,Yes,No,No,No,Yes,Month-to-month,Yes,Bank transfer (automatic),55.8,2075.05,No
0672-QGUTZ,Female,0,No,Yes,43,Yes,Yes,DSL,Yes,No,Yes,No,No,No,Month-to-month,Yes,Mailed check,52.27,2299.81,No
0673-DNTVO,Male,0,No,Yes,4,No,No phone service,Fiber optic,No,No,Yes,Yes,No,No,Two year,Yes,Electronic check,69.6,297.26,No
0674-XHUOV,Female,0,No,No,30,Yes,Yes,Fiber optic,Yes,No,Yes,No,No,Yes,Month-to-month,Yes,Mailed check,81.55,2392.64,Yes
0675-TNIHZ,Female,0,Yes,Yes,8,Yes,Yes,DSL,No,Yes,Yes,No,No,No,Two year,No,Bank transfer (automatic),50.35,429.81,Yes
0676-ZQBYX,Female,1,Yes,No,31,Yes,No,DSL,No,No,No,Yes,No,Yes,Two year,No,Bank transfer (automatic),53.64,1664.15,No
0677-CHLAJ,Female,0,Yes,No,40,Yes,Yes,Fiber optic,No,No,Yes,Yes,Yes,Yes,One year,No,Electronic check,79.2,3161.35,Yes
0678-TCFGT,Female,0,Yes,No,4,Yes,No,Fiber optic,Yes,No,Yes,No,Yes,No,Two year,Yes,Credit card (automatic),74.5,321.89,No
0679-WYRKS,Female,1,Yes,No,50,Yes,Yes,No,No internet service,No internet service,No internet service,No internet service,No internet service,No internet service,Two year,No,Mailed check,24.57,1164.74,No
0680-ESKXL,Male,0,No,No,53,Yes,No,Fiber optic,Yes,No,No,Yes,No,No,Two year,Yes,Credit card (automatic),69.47,3661.22,No
0681-JHXID,Female,1,No,No,27,Yes,Yes,DSL,No,Yes,No,No,Yes,No,Month-to-month,Yes,Credit card (automatic),57.57,1538.72,Yes
0682-EUHWI,Female,0,No,No,42,Yes,No,DSL,Yes,No,No,Yes,No,No,Two year,Yes,Electronic check,50.27,2188.15,No
0683-OOPNH,Male,0,No,No,11,Yes,Yes,DSL,Yes,No,Yes,No,No,No,Month-to-month,Yes,Credit card (automatic),35.75,368.86,No
0684-RJTFL,Male,1,Yes,No,68,Yes,No,DSL,Yes,Yes,No,Yes,No,Yes,Two year,No,Electronic check,61.78,4231.75,No
0685-BGPCM,Male,0,Yes,No,71,Yes,Yes,Fiber optic,Yes,No,No,Yes,Yes,No,Month-to-month,Yes,Electronic check,68.61,4847.35,No
0686-CRKHF,Female,0,No,Yes,16,Yes,No,DSL,Yes,Yes,No,Yes,Yes,No,Month-to-month,Yes,Mailed check,58.72,924.73,Yes
0687-AAWHE,Male,0,No,No,7,Yes,No,DSL,Yes,No,No,Yes,Yes,Yes,Month-to-month,Yes,Electronic check,64.85,477.75,Yes
0688-PKEDF,Female,0,Yes,No,17,Yes,Yes,Fiber optic,Yes,No,No,No,Yes,Yes,Two year,No,Electronic check,83.27,1376.64,Yes
0689-NVSIL,Female,0,No,No,9,Yes,Yes,DSL,No,Yes,No,No,No,No,Month-to-month,Yes,Electronic check,40.97,303.34,No
0690-KNWPA,Female,0,Yes,No,38,Yes,Yes,No,No internet service,No internet service,No internet service,No internet service,No internet service,No internet service,Month-to-month,Yes,Electronic check,24.21,886.82,Yes
0691-MWUUM,Female,0,Yes,No,40,Yes,No,No,No internet service,No internet service,No internet service,No internet service,No internet service,No internet service,Two year,Yes,Credit card (automatic),22.84,932.23,No
0692-BDFZW,Male,0,Yes,No,43,Yes,Yes,Fiber optic,No,Yes,No,Yes,No,No,Two year,Yes,Mailed check,71.14,3063.15,No
0693-EYCAD,Female,0,Yes,Yes,68,Yes,No,Fiber optic,No,No,Yes,No,No,Yes,Month-to-month,Yes,Credit card (automatic),68.42,4725.12,Yes
0694-YTBZE,Female,0,No,No,42,Yes,Yes,DSL,No,Yes,No,Yes,No,No,One year,No,Electronic check,44.4,1926.52,No
0695-CITFR,Female,0,Yes,Yes,46,No,No phone service,DSL,No,No,No,No,Yes,No,Month-to-month,No,Mailed check,63.1,2921.86,No
0696-FSLYK,Female,0,No,No,47,Yes,No,Fiber optic,Yes,No,Yes,Yes,No,Yes,One year,Yes,Bank transfer (automatic),73.28,3451.88,No
0697-BOLLI,Female,0,Yes,Yes,18,Yes,Yes,DSL,No,No,No,No,Yes,No,Month-to-month,Yes,Electronic check,42.24,778.73,No
0698-UXBVC,Female,0,No,Yes,20,Yes,No,DSL,Yes,Yes,No,Yes,No,Yes,Month-to-month,Yes,Electronic check,64.33,1262.82,Yes
0699-LZPUX,Male,0,No,Yes,2,Yes,No,Fiber optic,No,No,No,Yes,Yes,No,Month-to-month,Yes,Bank transfer (automatic),74.83,166.85,Yes
0700-ZAUCT,Male,0,No,No,55,Yes,No,DSL,Yes,No,Yes,No,Yes,No,Month-to-month,Yes,Bank transfer (automatic),60.75,3258.64,No
0701-BISOR,Female,0,Yes,No,42,Yes,No,Fiber optic,No,No,No,Yes,No,Yes,Month-to-month,Yes,Electronic check,75.38,3171.75,No
0702-ZKYWP,Female,1,No,No,0,No,No phone service,Fiber optic,No,Yes,No,Yes,No,No,Two year,Yes,Electronic check,60.52,30.51,No
0703-VQELK,Female,0,No,No,35,Yes,No,No,No internet service,No internet service,No internet service,No internet service,No internet service,No internet service,Two year,No,Credit card (automatic),23.41,849.83,No
0704-OCATP,Female,0,Yes,No,5,Yes,Yes,No,No internet service,No internet service,No internet service,No internet service,No internet service,No internet service,Month-to-month,Yes,Credit card (automatic),22.5,186.37,Yes
0705-BBCHX,Female,0,Yes,No,45,Yes,Yes,DSL,No,Yes,No,No,No,Yes,Two year,Yes,Bank transfer (automatic),58.48,2590.23,No
0706-OGFIT,Male,0,Yes,No,22,Yes,Yes,Fiber optic,No,Yes,No,No,No,No,Two year,No,Mailed check,64.41,1508.61,No
0707-AHWWC,Female,0,Yes,Yes,19,Yes,Yes,Fiber optic,Yes,No,No,No,No,No,Month-to-month,No,Electronic check,70.23,1482.03,No
0708-DZYOF,Male,0,Yes,Yes,52,Yes,No,No,No internet service,No internet service,No internet service,No internet service,No internet service,No internet service,One year,No,Electronic check,22.54,1217.13,No
0709-OUCYU,Male,0,No,Yes,37,Yes,No,Fiber optic,No,Yes,No,Yes,Yes,No,Month-to-month,No,Mailed check,76.83,2930.59,No
0710-UNTND,Male,1,Yes,No,34,Yes,No,DSL,Yes,Yes,No,Yes,No,Yes,One year,Yes,Credit card (automatic),57.6,1978.53,No
0711-LQGIC,Male,0,No,Yes,33,Yes,No,DSL,No,Yes,No,No,No,No,Month-to-month,No,Bank transfer (automatic),49.14,1566.74,No
0712-MORSA,Male,1,No,No,49,Yes,Yes,Fiber optic,No,No,No,Yes,No,No,Two year,Yes,Bank transfer (automatic),59.36,2832.74,No
0713-FWBXN,Female,0,No,No,46,Yes,Yes,No,No internet service,No internet service,No internet service,No internet service,No internet service,No internet service,Two year,Yes,Electronic check,21.35,873.47,No
0714-FNDUH,Female,0,Yes,Yes,35,Yes,No,No,No internet service,No internet service,No internet service,No internet service,No internet service,No internet service,Month-to-month,Yes,Electronic check,19.6,718.15,No
0715-CSNTQ,Female,0,No,No,15,Yes,Yes,Fiber optic,No,No,Yes,No,No,No,Month-to-month,Yes,Credit card (automatic),63.85,995.83,No
0716-YHXNZ,Female,0,Yes,No,48,Yes,No,No,No internet service,No internet service,No internet service,No internet service,No internet service,No internet service,Month-to-month,Yes,Electronic check,20.82,1038.66,No
0717-FWVPY,Male,0,Yes,Yes,64,Yes,Yes,Fiber optic,Yes,No,No,No,No,No,Month-to-month,Yes,Electronic check,60.36,3888.53,No
0718-SNSCJ,Male,1,Yes,No,62,Yes,No,Fiber optic,Yes,Yes,No,No,No,Yes,Month-to-month,Yes,Bank transfer (automatic),84.83,5259.32,No
0719-SITMG,Female,0,No,No,51,Yes,No,Fiber optic,No,No,No,Yes,Yes,No,Month-to-month,No,Bank transfer (automatic),74.18,3711.98,Yes
0720-NIWYS,Male,0,No,No,72,Yes,No,Fiber optic,No,No,No,No,No,No,Two year,Yes,Bank transfer (automatic),62.31,4401.14,No
0721-OTNXF,Female,0,Yes,Yes,59,Yes,Yes,Fiber optic,Yes,No,Yes,No,No,No,Two year,No,Electronic check,66.22,3888.75,No
0722-UDHQI,Male,0,Yes,Yes,16,No,No phone service,Fiber optic,No,Yes,Yes,Yes,No,Yes,Month-to-month,No,Electronic check,70.99,1059.36,Yes
0723-AXTYN,Male,0,Yes,No,66,Yes,Yes,Fiber optic,No,No,No,Yes,Yes,No,Month-to-month,Yes,Credit card (automatic),70.2,4505.97,Yes
0724-KUCIN,Male,0,No,No,37,Yes,No,Fiber optic,No,No,Yes,No,No,No,Month-to-month,No,Electronic check,56.64,2096.74,Yes
0725-IDDHB,Male,0,No,No,28,Yes,Yes,Fiber optic,No,Yes,No,No,No,No,One year,Yes,Mailed check,67.51,1900.09,No
0726-INVIX,Female,0,Yes,No,30,Yes,Yes,Fiber optic,Yes,No,Yes,Yes,No,Yes,Month-to-month,Yes,Credit card (automatic),78.54,2342.98,No
0727-WPQPL,Male,0,Yes,No,58,No,No phone service,DSL,No,No,No,No,Yes,No,Two year,No,Electronic check,55.61,3234.13,No
0728-CKNRU,Female,1,No,Yes,53,Yes,Yes,DSL,Yes,Yes,No,No,No,No,Month-to-month,Yes,Electronic check,50.76,2613.61,No
0729-UEPTE,Female,1,Yes,No,52,Yes,No,Fiber optic,No,Yes,Yes,Yes,No,No,Month-to-month,Yes,Mailed check,67.53,3546.78,No
0730-CLAUI,Male,0,Yes,Yes,25,Yes,Yes,No,No internet service,No internet service,No internet service,No internet service,No internet service,No internet service,Month-to-month,Yes,Mailed check,18.28,495.4,No
0731-IDCQB,Female,0,No,No,12,Yes,Yes,Fiber optic,No,Yes,No,No,No,No,Two year,No,Mailed check,59.24,691.59,Yes
0732-XAHMW,Female,1,Yes,No,56,Yes,No,DSL,Yes,No,No,No,No,No,Two year,No,Electronic check,41.91,2235.11,No
0733-OHLVL,Female,0,No,No,18,Yes,Yes,DSL,No,No,Yes,Yes,Yes,Yes,Month-to-month,No,Mailed check,63.12,1099.43,No
0734-NOOIS,Female,0,Yes,No,26,Yes,No,Fiber optic,No,No,No,No,No,No,Two year,Yes,Bank transfer (automatic),58.64,1544.78,Yes
0735-ZTVHU,Male,0,No,No,12,Yes,Yes,Fiber optic,No,No,No,Yes,No,No,Month-to-month,No,Mailed check,52.21,582.15,Yes
0736-SFTYS,Male,0,No,Yes,51,Yes,Yes,DSL,Yes,Yes,No,Yes,Yes,No,Month-to-month,Yes,Electronic check,59.66,3156.06,No
0737-DWGDV,Male,0,No,No,63,Yes,Yes,Fiber optic,Yes,No,Yes,No,No,Yes,Month-to-month,No,Mailed check,73.37,4655.05,No
0738-LMCVL,Male,0,No,No,57,No,No phone service,DSL,No,No,No,No,No,No,One year,Yes,Bank transfer (automatic),39.15,2254.06,No
0739-BXBWI,Female,1,Yes,No,18,Yes,No,Fiber optic,No,No,No,Yes,No,No,Month-to-month,Yes,Electronic check,62.17,1144.46,Yes
0740-AHWFF,Female,0,Yes,No,2,Yes,Yes,Fiber optic,No,No,No,No,No,No,One year,No,Electronic check,70.36,87.5,No
0741-VYRQL,Male,0,Yes,Yes,66,Yes,Yes,Fiber optic,No,No,No,No,Yes,Yes,Two year,No,Mailed check,74.35,4910.72,No
0742-FZHSJ,Male,1,Yes,No,25,Yes,Yes,No,No internet service,No internet service,No internet service,No internet service,No internet service,No internet service,Month-to-month,No,Mailed check,27.43,585.18,No
0743-AYMQC,Female,0,Yes,No,5,Yes,Yes,DSL,No,Yes,No,No,No,No,Two year,No,Bank transfer (automatic),45.48,120.02,No
0744-HNCPM,Male,0,No,Yes,12,No,No phone service,Fiber optic,Yes,Yes,No,No,No,No,Two year,Yes,Electronic check,75.59,893.51,No
0745-TXQMF,Female,0,Yes,No,26,Yes,No,DSL,Yes,Yes,Yes,No,No,No,One year,No,Electronic check,52.07,1345.42,No
0746-QNQHK,Male,0,Yes,Yes,9,Yes,No,No,No internet service,No internet service,No internet service,No internet service,No internet service,No internet service,One year,Yes,Electronic check,20.2,229.18,No
0747-TAZGU,Female,0,No,No,15,Yes,Yes,DSL,No,Yes,No,Yes,No,No,One year,Yes,Credit card (automatic),47.18,650.1,No
0748-UQJKV,Female,0,No,No,22,Yes,Yes,No,No internet service,No internet service,No internet service,No internet service,No internet service,No internet service,Two year,No,Mailed check,18.25,401.44,No
0749-IIXEQ,Male,0,Yes,Yes,46,Yes,No,DSL,No,Yes,No,No,No,Yes,Two year,Yes,Credit card (automatic),52.53,2389.71,No
0750-IQXUS,Male,0,Yes,No,11,Yes,Yes,DSL,Yes,No,No,No,No,No,One year,No,Credit card (automatic),46.17,425.37,No
0751-GWIGM,Male,0,Yes,No,27,Yes,Yes,Fiber optic,No,Yes,No,No,No,No,Two year,Yes,Electronic check,58.4,1556.97,No
0752-KNSKM,Female,0,Yes,Yes,17,Yes,No,Fiber optic,No,No,No,No,No,No,Month-to-month,Yes,Mailed check,60.31,976.26,No
0753-NMAHL,Male,0,No,No,57,No,No phone service,Fiber optic,No,No,Yes,No,No,No,Month-to-month,Yes,Mailed check,55.61,3134.61,No
0754-SLHHU,Male,0,Yes,No,1,Yes,Yes,Fiber optic,Yes,No,Yes,No,Yes,Yes,Two year,Yes,Bank transfer (automatic),87.25,66.18,No
0755-MLPAM,Male,0,No,Yes,45,Yes,No,Fiber optic,No,No,No,Yes,Yes,Yes,Month-to-month,Yes,Electronic check,82.38,3814.58,Yes
0756-ZGZEH,Male,0,No,No,16,Yes,No,Fiber optic,No,No,No,Yes,No,Yes,Two year,Yes,Credit card (automatic),76.65,1262.99,No
0757-YNWMO,Male,0,No,No,63,Yes,No,Fiber optic,No,Yes,Yes,No,Yes,No,One year,Yes,Bank transfer (automatic),76.86,4891.5,No
0758-WQOTR,Female,0,Yes,No,64,Yes,No,Fiber optic,No,Yes,Yes,No,No,No,Month-to-month,No,Electronic check,59.55,3834.43,No
0759-RBDAD,Male,0,No,Yes,53,Yes,No,DSL,No,No,No,No,No,Yes,Month-to-month,Yes,Electronic check,47.22,2505.24,Yes
0760-RESOH,Male,1,No,No,42,Yes,Yes,No,No internet service,No internet service,No internet service,No internet service,No internet service,No internet service,One year,No,Credit card (automatic),18.25,814.25,No
0761-TQALZ,Male,0,No,No,54,No,No phone service,No,No internet service,No internet service,No internet service,No internet service,No internet service,No internet service,One year,Yes,Electronic check,21.91,1169.43,No
0762-SOIGB,Male,0,No,No,13,Yes,Yes,DSL,No,Yes,No,Yes,No,Yes,One year,Yes,Mailed check,52.65,608.27,No
0763-IJBSK,Female,0,No,Yes,43,Yes,No,Fiber optic,No,No,Yes,No,Yes,Yes,Month-to-month,Yes,Bank transfer (automatic),80.1,3437.97,No
0764-MJNRS,Female,0,No,No,37,Yes,No,Fiber optic,No,No,No,No,Yes,Yes,Two year,No,Electronic check,79.21,2926.15,No
0765-VIYGC,Male,1,No,Yes,57,No,No phone service,Fiber optic,No,No,No,Yes,No,Yes,Month-to-month,Yes,Bank transfer (automatic),63.56,3736.43,No
0766-TFUBF,Male,0,No,No,48,Yes,No,DSL,No,Yes,No,No,No,No,Two year,Yes,Electronic check,46.54,2280.76,No
0767-CPHBQ,Male,1,No,Yes,15,Yes,No,Fiber optic,No,No,No,No,Yes,No,Month-to-month,No,Electronic check,74.27,1092.41,Yes
0768-ILCKA,Female,0,No,Yes,29,Yes,No,No,No internet service,No internet service,No internet service,No internet service,No internet service,No internet service,One year,Yes,Electronic check,18.25,519.53,No
0769-WMOZE,Female,0,No,No,67,Yes,No,DSL,No,Yes,No,Yes,Yes,No,Two year,No,Electronic check,53.43,3556.01,No
0770-UQYWX,Male,0,No,Yes,70,Yes,Yes,No,No internet service,No internet service,No internet service,No internet service,No internet service,No internet service,Month-to-month,Yes,Mailed check,23.57,1610.42,No
0771-YFUVK,Female,0,Yes,No,36,No,No phone service,No,No internet service,No internet service,No internet service,No internet service,No internet service,No internet service,One year,No,Credit card (automatic),18.25,685.47,No
0772-RDCMW,Female,1,No,No,68,Yes,No,Fiber optic,No,No,No,Yes,Yes,No,Month-to-month,Yes,Bank transfer (automatic),69.46,4609.76,No
0773-IUFZL,Female,0,No,No,54,Yes,Yes,DSL,Yes,No,Yes,No,No,Yes,Month-to-month,Yes,Mailed check,57.18,3084.44,No
0774-BCCLO,Female,0,No,Yes,38,Yes,Yes,DSL,No,No,No,No,No,No,Month-to-month,No,Credit card (automatic),44.78,1657.97,No
0775-IWHKP,Female,0,No,No,56,Yes,No,Fiber optic,Yes,No,Yes,Yes,No,Yes,Month-to-month,Yes,Electronic check,75.81,4157.54,No
0776-ZYVDA,Female,0,Yes,No,48,Yes,Yes,Fiber optic,Yes,No,No,Yes,No,No,One year,No,Credit card (automatic),61.21,2843.66,No
0777-XGBXE,Male,0,Yes,No,62,No,No phone service,Fiber optic,No,Yes,No,No,No,Yes,Two year,Yes,Electronic check,76.38,4755.02,No
0778-GDEXA,Female,0,No,No,33,Yes,No,No,No internet service,No internet service,No internet service,No internet service,No internet service,No internet service,One year,Yes,Electronic check,18.25,686.91,No
0779-AOTSJ,Male,0,No,No,56,No,No phone service,No,No internet service,No internet service,No internet service,No internet service,No internet service,No internet service,One year,Yes,Mailed check,19.51,1025.84,No
0780-RCKOK,Female,0,Yes,No,61,Yes,Yes,No,No internet service,No internet service,No internet service,No internet service,No internet service,No internet service,Month-to-month,No,Electronic check,18.25,1154.76,No
0781-QQFEH,Male,0,No,Yes,38,Yes,No,No,No internet service,No internet service,No internet service,No internet service,No internet service,No internet service,Month-to-month,Yes,Electronic check,18.25,674.54,Yes
0782-BPTXL,Female,0,No,No,66,No,No phone service,Fiber optic,Yes,No,No,No,Yes,Yes,One year,Yes,Bank transfer (automatic),87.87,5780.08,No
0783-FADQM,Male,0,No,No,61,Yes,No,DSL,No,Yes,No,No,No,Yes,Month-to-month,Yes,Mailed check,56.2,3444.57,Yes
0784-REXXC,Male,1,No,Yes,28,Yes,No,DSL,No,Yes,No,No,Yes,Yes,One year,No,Mailed check,63.13,1751.59,No
0785-KMDZN,Female,1,Yes,Yes,30,Yes,No,DSL,Yes,No,No,Yes,No,Yes,Two year,Yes,Electronic check,50.78,1540.9,No
0786-VKJSR,Male,0,No,Yes,59,Yes,Yes,Fiber optic,Yes,Yes,Yes,No,No,No,Month-to-month,Yes,Electronic check,76.14,4546.12,No
0787-FOUJE,Male,0,No,Yes,38,Yes,Yes,DSL,No,Yes,Yes,No,Yes,No,Two year,Yes,Bank transfer (automatic),57.52,2193.07,No
0788-ZEJEC,Female,1,No,Yes,0,Yes,No,DSL,No,Yes,No,No,No,No,Two year,Yes,Bank transfer (automatic),55.7,18.8,No
0789-WFDRI,Male,0,No,Yes,55,No,No phone service,No,No internet service,No internet service,No internet service,No internet service,No internet service,No internet service,One year,Yes,Electronic check,18.25,1050.28,No
0790-QMOTQ,Female,0,Yes,Yes,57,Yes,No,No,No internet service,No internet service,No internet service,No internet service,No internet service,No internet service,Month-to-month,No,Bank transfer (automatic),18.25,1021.97,No
0791-MPVDE,Male,1,No,No,20,Yes,Yes,DSL,No,Yes,Yes,No,Yes,Yes,One year,No,Electronic check,66.84,1390.76,No
0792-EIQMB,Male,0,No,No,53,Yes,Yes,DSL,No,No,Yes,Yes,No,No,Two year,No,Electronic check,39.34,2167.76,No
0793-MVUWS,Female,0,No,No,70,Yes,No,Fiber optic,No,Yes,Yes,No,Yes,Yes,One year,Yes,Credit card (automatic),84.02,5932.46,No
0794-CJBMS,Male,0,No,No,42,Yes,No,DSL,No,No,No,Yes,Yes,Yes,One year,Yes,Credit card (automatic),54.56,2312.69,No
0795-ZQUNL,Male,0,No,No,53,Yes,No,No,No internet service,No internet service,No internet service,No internet service,No internet service,No internet service,Month-to-month,Yes,Mailed check,20.13,1115.24,No
0796-ULKGD,Female,0,No,No,1,Yes,Yes,Fiber optic,Yes,No,Yes,No,Yes,Yes,Month-to-month,No,Bank transfer (automatic),82.0,56.39,Yes
0797-SAXCM,Female,0,No,No,13,Yes,Yes,DSL,Yes,No,No,Yes,No,Yes,Month-to-month,No,Mailed check,50.16,694.68,Yes
0798-OBKDS,Female,0,No,Yes,2,Yes,Yes,Fiber optic,Yes,Yes,No,No,No,Yes,Month-to-month,No,Credit card (automatic),77.02,142.48,Yes
0799-QCRHV,Male,1,Yes,No,13,Yes,No,DSL,No,No,No,No,Yes,Yes,One year,Yes,Mailed check,52.45,666.12,No
0800-YXZSE,Male,0,Yes,No,4,Yes,No,No,No internet service,No internet service,No internet service,No internet service,No internet service,No internet service,Month-to-month,Yes,Credit card (automatic),24.73,76.9,No
0801-GUHEQ,Female,0,No,No,38,Yes,Yes,Fiber optic,No,No,No,Yes,Yes,No,One year,No,Electronic check,69.53,2706.96,No
0802-EDVSU,Male,0,No,Yes,0,Yes,Yes,No,No internet service,No internet service,No internet service,No internet service,No internet service,No internet service,Month-to-month,Yes,Electronic check,19.36,61.68,Yes
0803-BKVMO,Male,0,Yes,No,42,Yes,No,DSL,No,No,No,Yes,Yes,No,One year,No,Credit card (automatic),56.41,2433.04,No
0804-LVUVK,Male,0,No,Yes,58,Yes,Yes,DSL,No,No,Yes,No,No,No,Month-to-month,No,Mailed check,37.15,2176.28,No
0805-GEQXT,Male,0,No,No,14,No,No phone service,Fiber optic,No,Yes,No,No,No,Yes,Month-to-month,Yes,Bank transfer (automatic),69.54,867.76,Yes
0806-INZLF,Male,0,No,No,45,Yes,No,No,No internet service,No internet service,No internet service,No internet service,No internet service,No internet service,Month-to-month,Yes,Mailed check,22.76,883.13,No
0807-QSSZP,Female,0,Yes,No,6,Yes,Yes,Fiber optic,No,Yes,Yes,No,No,No,Month-to-month,Yes,Electronic check,59.43,372.66,Yes
0808-LLTFW,Female,0,Yes,Yes,41,Yes,No,No,No internet service,No internet service,No internet service,No internet service,No internet service,No internet service,Month-to-month,No,Credit card (automatic),18.25,735.78,No
0809-ZDFKA,Male,0,No,No,6,Yes,No,DSL,No,No,No,Yes,Yes,No,Two year,No,Electronic check,52.97,236.88,No
0810-XWOKY,Male,0,Yes,Yes,46,Yes,No,DSL,No,No,No,Yes,No,No,Month-to-month,Yes,Mailed check,41.05,1898.39,Yes
0811-SRQSU,Male,0,No,Yes,18,Yes,Yes,DSL,No,Yes,Yes,No,Yes,No,Two year,No,Credit card (automatic),53.04,934.28,No
0812-NRSOO,Female,1,No,No,52,Yes,Yes,Fiber optic,Yes,Yes,Yes,No,No,No,Two year,No,Bank transfer (automatic),63.72,3385.29,No
0813-DGMCP,Female,1,No,No,15,Yes,Yes,No,No internet service,No internet service,No internet service,No internet service,No internet service,No internet service,Month-to-month,Yes,Bank transfer (automatic),22.63,337.62,Yes
0814-IHTMQ,Female,0,No,No,61,Yes,No,Fiber optic,No,No,Yes,Yes,No,No,Two year,Yes,Electronic check,57.59,3488.75,No
0815-QQAHS,Female,1,Yes,No,65,Yes,Yes,DSL,No,No,Yes,Yes,No,Yes,Two year,Yes,Mailed check,53.78,3427.84,No
0816-FCEMO,Female,0,Yes,Yes,64,Yes,No,Fiber optic,No,No,No,No,Yes,No,Two year,Yes,Electronic check,72.74,4657.74,No
0817-NWPRV,Male,1,No,No,50,Yes,No,DSL,No,No,No,No,Yes,No,Two year,Yes,Electronic check,45.92,2337.82,No
0818-VKCVJ,Male,0,No,No,35,Yes,No,Fiber optic,No,No,No,Yes,No,No,Month-to-month,Yes,Bank transfer (automatic),53.47,1861.75,Yes
0819-JUPLB,Male,0,Yes,No,34,Yes,Yes,DSL,No,Yes,No,No,Yes,Yes,One year,Yes,Bank transfer (automatic),67.08,2319.76,No
0820-IXCXY,Male,0,Yes,No,23,Yes,Yes,No,No internet service,No internet service,No internet service,No internet service,No internet service,No internet service,One year,Yes,Electronic check,21.78,500.33,No
0821-OCSRH,Female,0,Yes,No,68,Yes,No,No,No internet service,No internet service,No internet service,No internet service,No internet service,No internet service,Two year,Yes,Credit card (automatic),21.61,1508.63,No
0822-ZQHGG,Male,0,No,No,28,Yes,Yes,Fiber optic,No,No,No,Yes,Yes,No,Month-to-month,No,Electronic check,69.9,1959.52,No
0823-CADYE,Male,0,Yes,No,0,Yes,No,DSL,Yes,Yes,No,Yes,No,No,Month-to-month,Yes,Mailed check,54.82,18.8,Yes
0824-AOEMH,Male,0,Yes,No,56,No,No phone service,DSL,No,No,No,No,No,No,One year,Yes,Electronic check,55.91,3192.63,No
0825-HEIAD,Male,0,No,No,8,No,No phone service,DSL,Yes,Yes,No,No,Yes,No,Month-to-month,Yes,Electronic check,68.45,598.29,No
0826-CBHWI,Female,0,Yes,No,14,Yes,No,Fiber optic,Yes,No,No,Yes,No,No,Month-to-month,Yes,Credit card (automatic),66.3,983.44,No
0827-BNNDF,Female,0,No,Yes,15,Yes,Yes,DSL,Yes,Yes,Yes,Yes,No,No,One year,Yes,Mailed check,53.86,986.66,No
0828-KCHCN,Male,1,Yes,Yes,47,Yes,No,No,No internet service,No internet service,No internet service,No internet service,No internet service,No internet service,Month-to-month,No,Electronic check,18.83,880.04,No
0829-MMBMS,Male,0,No,No,35,Yes,No,No,No internet service,No internet service,No internet service,No internet service,No internet service,No internet service,Month-to-month,No,Electronic check,18.25,635.66,No
0830-FPBHQ,Male,0,Yes,Yes,52,No,No phone service,DSL,No,No,No,Yes,No,Yes,Month-to-month,No,Electronic check,57.67,2991.23,Yes
0831-WBJPF,Male,1,Yes,No,2,Yes,Yes,Fiber optic,No,No,No,Yes,Yes,Yes,One year,Yes,Credit card (automatic),76.54,124.49,Yes
0832-BBZMX,Female,0,No,No,18,Yes,No,Fiber optic,Yes,Yes,No,Yes,No,Yes,Month-to-month,Yes,Mailed check,73.4,1348.72,No
0833-OBGCH,Female,0,Yes,No,40,Yes,No,Fiber optic,Yes,No,Yes,No,No,No,Month-to-month,Yes,Mailed check,70.34,2798.21,No
0834-WNXWV,Male,0,No,No,36,Yes,Yes,DSL,Yes,No,No,No,No,No,Month-to-month,Yes,Bank transfer (automatic),56.96,2123.36,Yes
0835-GUGAQ,Male,1,Yes,Yes,58,Yes,Yes,DSL,No,Yes,No,No,No,No,Two year,Yes,Mailed check,47.45,2754.87,No
0836-IUMUS,Female,0,Yes,No,66,Yes,Yes,Fiber optic,Yes,No,Yes,No,No,Yes,Month-to-month,Yes,Electronic check,73.85,4903.21,No
0837-USYYV,Female,0,No,Yes,7,Yes,Yes,DSL,No,No,No,No,No,Yes,Month-to-month,Yes,Electronic check,55.29,409.2,Yes
0838-QWWJJ,Male,0,No,No,13,Yes,Yes,Fiber optic,No,Yes,Yes,No,No,Yes,Month-to-month,No,Mailed check,76.73,1026.86,No
0839-DHVTT,Male,1,Yes,No,60,Yes,No,No,No internet service,No internet service,No internet service,No internet service,No internet service,No internet service,Month-to-month,Yes,Bank transfer (automatic),18.25,1049.06,No
0840-RNRNT,Male,0,No,No,34,No,No phone service,Fiber optic,No,No,Yes,No,Yes,No,One year,Yes,Credit card (automatic),64.91,2270.96,No
0841-UXOVD,Female,0,No,Yes,15,Yes,No,No,No internet service,No internet service,No internet service,No internet service,No internet service,No internet service,Month-to-month,Yes,Electronic check,18.25,297.96,No
0842-MWHRL,Female,0,Yes,No,70,Yes,No,Fiber optic,Yes,No,No,Yes,No,Yes,Two year,No,Bank transfer (automatic),76.9,5408.67,No
0843-WNBRX,Female,0,No,Yes,34,Yes,Yes,DSL,No,No,No,No,No,No,Month-to-month,Yes,Bank transfer (automatic),44.0,1519.57,No
0844-BKILQ,Female,0,Yes,No,7,No,No phone service,No,No internet service,No internet service,No internet service,No internet service,No internet service,No internet service,Two year,No,Credit card (automatic),18.25,18.8,No
0845-OYQZZ,Female,1,Yes,No,59,Yes,No,DSL,No,No,No,No,No,Yes,Month-to-month,No,Credit card (automatic),55.2,3262.12,Yes
0846-RVFQW,Male,0,Yes,Yes,11,Yes,No,No,No internet service,No internet service,No internet service,No internet service,No internet service,No internet service,Two year,No,Bank transfer (automatic),27.18,303.24,No
0847-XRHIF,Male,1,No,No,48,Yes,No,Fiber optic,Yes,No,No,No,No,No,One year,No,Credit card (automatic),64.22,3095.8,No
0848-ELYKY,Male,0,Yes,No,67,No,No phone service,No,No internet service,No internet service,No internet service,No internet service,No internet service,No internet service,Month-to-month,Yes,Credit card (automatic),18.25,1273.56,No
0849-AKSIB,Male,0,No,No,34,Yes,No,DSL,Yes,Yes,No,No,Yes,No,One year,Yes,Electronic check,63.62,2208.76,No
0850-LDDRO,Female,0,Yes,No,44,Yes,Yes,DSL,No,No,No,Yes,No,No,Month-to-month,No,Bank transfer (automatic),49.03,2206.71,Yes
0851-SMSQF,Male,0,Yes,No,40,Yes,No,DSL,No,No,No,No,No,No,Month-to-month,Yes,Bank transfer (automatic),37.74,1461.25,Yes
0852-PXLSE,Female,0,No,No,60,Yes,No,DSL,No,Yes,No,Yes,No,No,One year,No,Bank transfer (automatic),53.39,3209.65,No
0853-QZWZA,Female,1,No,No,14,Yes,No,Fiber optic,Yes,No,Yes,No,No,Yes,Month-to-month,No,Credit card (automatic),72.04,930.36,No
0854-YXWJO,Male,1,Yes,No,66,Yes,No,DSL,No,Yes,No,No,No,No,Month-to-month,No,Electronic check,44.27,2926.01,No
0855-WUUKM,Male,0,Yes,No,58,Yes,Yes,Fiber optic,Yes,No,Yes,Yes,Yes,No,Two year,Yes,Electronic check,81.22,4654.74,No
0856-EAXLK,Male,0,No,No,1,Yes,No,Fiber optic,No,No,Yes,Yes,Yes,Yes,Month-to-month,No,Mailed check,78.7,65.51,Yes
0857-QDOYI,Male,0,Yes,No,5,Yes,No,Fiber optic,Yes,No,No,No,No,Yes,Two year,No,Electronic check,68.14,381.01,No
0858-UTSSL,Male,1,No,No,56,No,No phone service,No,No internet service,No internet service,No internet service,No internet service,No internet service,No internet service,One year,Yes,Electronic check,23.46,1420.52,No
0859-EJQEV,Male,0,No,No,15,Yes,No,DSL,No,Yes,No,No,No,Yes,Month-to-month,Yes,Electronic check,48.69,682.4,No
0860-PGICO,Female,1,No,No,22,Yes,No,DSL,No,No,No,Yes,No,No,Month-to-month,Yes,Bank transfer (automatic),44.66,995.23,Yes
0861-PRNCL,Female,0,No,No,40,Yes,Yes,DSL,Yes,No,No,Yes,No,Yes,Two year,No,Bank transfer (automatic),58.91,2354.03,No
0862-IGIMR,Female,0,No,Yes,29,Yes,Yes,DSL,Yes,Yes,No,No,Yes,No,One year,No,Electronic check,67.4,1931.51,No
0863-EMDBP,Male,0,Yes,No,66,Yes,No,Fiber optic,Yes,Yes,No,No,Yes,No,Month-to-month,No,Credit card (automatic),75.57,5002.07,No
0864-IIFKV,Female,0,Yes,No,54,Yes,Yes,No,No internet service,No internet service,No internet service,No internet service,No internet service,No internet service,Month-to-month,No,Electronic check,18.25,1000.72,Yes
0865-XVADM,Male,0,Yes,No,3,Yes,Yes,Fiber optic,No,No,Yes,No,No,Yes,Month-to-month,Yes,Electronic check,69.96,214.44,Yes
0866-WMMBI,Male,1,Yes,No,27,Yes,Yes,Fiber optic,Yes,No,No,No,No,Yes,One year,Yes,Mailed check,72.89,1899.31,No
0867-XHGDR,Female,0,No,No,49,Yes,No,No,No internet service,No internet service,No internet service,No internet service,No internet service,No internet service,Month-to-month,Yes,Bank transfer (automatic),18.25,896.16,No
0868-CFLLU,Female,0,Yes,No,27,Yes,No,No,No internet service,No internet service,No internet service,No internet service,No internet service,No internet service,Month-to-month,No,Bank transfer (automatic),18.56,532.63,No
0869-HVVAD,Male,0,No,No,52,Yes,Yes,No,No internet service,No internet service,No internet service,No internet service,No internet service,No internet service,Two year,Yes,Bank transfer (automatic),20.23,970.01,No
0870-UKCMY,Male,0,No,No,66,Yes,No,No,No internet service,No internet service,No internet service,No internet service,No internet service,No internet service,Month-to-month,No,Credit card (automatic),22.55,1451.57,No
0871-QVVJU,Female,0,No,Yes,25,Yes,Yes,Fiber optic,No,No,Yes,Yes,Yes,No,Month-to-month,No,Electronic check,71.03,1729.99,No
0872-LOUJN,Female,0,No,No,38,Yes,No,DSL,No,No,Yes,No,No,No,Month-to-month,Yes,Credit card (automatic),38.96,1471.87,Yes
0873-MEFXB,Female,0,No,No,12,Yes,Yes,Fiber optic,No,No,No,No,Yes,No,Month-to-month,No,Bank transfer (automatic),77.87,972.96,Yes
0874-VQDNJ,Female,0,Yes,No,70,Yes,No,DSL,No,Yes,Yes,No,No,No,One year,No,Credit card (automatic),43.27,3018.22,No
0875-CYCOF,Female,0,No,No,53,No,No phone service,DSL,Yes,Yes,Yes,No,No,No,Month-to-month,No,Electronic check,46.86,2556.09,No
0876-QLVTX,Female,0,Yes,Yes,12,Yes,Yes,No,No internet service,No internet service,No internet service,No internet service,No internet service,No internet service,Month-to-month,Yes,Electronic check,18.98,243.72,No
0877-KYDZZ,Male,0,No,No,58,Yes,Yes,Fiber optic,No,No,No,Yes,Yes,No,Month-to-month,No,Credit card (automatic),72.85,4229.03,No
0878-FATWP,Female,0,Yes,Yes,3,Yes,No,Fiber optic,Yes,No,No,No,No,No,Month-to-month,No,Mailed check,62.64,189.89,Yes
0879-OQHZL,Male,0,Yes,No,56,Yes,No,Fiber optic,No,No,Yes,No,No,No,Month-to-month,Yes,Electronic check,62.66,3419.2,Yes
0880-VUJOI,Male,0,No,No,59,Yes,Yes,Fiber optic,No,No,No,Yes,No,Yes,Month-to-month,Yes,Credit card (automatic),72.72,4285.14,No
0881-BEFGU,Female,1,No,Yes,46,No,No phone service,Fiber optic,No,Yes,No,No,No,Yes,Month-to-month,Yes,Mailed check,71.76,3321.46,No
0882-YAWZG,Female,0,No,No,4,Yes,No,No,No internet service,No internet service,No internet service,No internet service,No internet service,No internet service,Month-to-month,Yes,Bank transfer (automatic),18.25,166.05,No
0883-TYLPP,Female,0,Yes,No,35,Yes,Yes,No,No internet service,No internet service,No internet service,No internet service,No internet service,No internet service,Two year,Yes,Electronic check,29.4,981.97,No
0884-KUDMG,Male,0,Yes,No,18,Yes,No,DSL,No,Yes,No,Yes,No,Yes,Month-to-month,No,Bank transfer (automatic),55.61,1064.91,No
0885-DOSIK,Male,0,Yes,No,29,Yes,Yes,DSL,Yes,No,No,No,Yes,Yes,Month-to-month,Yes,Bank transfer (automatic),52.02,1539.27,No
0886-HAWYX,Female,0,No,No,40,Yes,No,Fiber optic,No,No,Yes,No,Yes,No,Month-to-month,Yes,Electronic check,66.31,2622.83,Yes
0887-HMVDH,Female,1,No,No,47,Yes,Yes,Fiber optic,No,No,No,Yes,No,No,Month-to-month,Yes,Bank transfer (automatic),63.01,2931.4,Yes
0888-CIBBM,Male,0,Yes,No,27,Yes,Yes,Fiber optic,Yes,No,No,No,Yes,No,One year,No,Electronic check,74.75,2084.5,Yes
0889-OWLZD,Male,0,No,No,30,Yes,No,Fiber optic,No,No,No,Yes,Yes,No,Two year,Yes,Electronic check,70.0,2126.65,No
0890-ZHIWE,Female,0,Yes,No,56,Yes,No,Fiber optic,No,No,Yes,Yes,Yes,No,Month-to-month,No,Bank transfer (automatic),73.55,4167.99,Yes
0891-XTRKO,Female,0,No,Yes,42,Yes,No,No,No internet service,No internet service,No internet service,No internet service,No internet service,No internet service,Two year,Yes,Credit card (automatic),18.25,748.31,No
0892-VIQZL,Female,0,Yes,No,64,Yes,Yes,Fiber optic,Yes,Yes,No,No,Yes,Yes,Month-to-month,No,Mailed check,90.76,5759.49,Yes
0893-GJYZY,Male,0,No,No,8,Yes,Yes,DSL,No,No,No,No,No,No,Two year,No,Electronic check,39.08,171.75,Yes
0894-JMSKM,Male,0,No,No,11,Yes,No,No,No internet service,No internet service,No internet service,No internet service,No internet service,No internet service,One year,No,Bank transfer (automatic),21.14,171.24,Yes
0895-UHHDO,Female,0,Yes,Yes,11,Yes,No,DSL,No,Yes,No,No,Yes,No,Month-to-month,Yes,Bank transfer (automatic),53.18,551.47,Yes
0896-KKAQO,Female,0,Yes,Yes,41,Yes,No,No,No internet service,No internet service,No internet service,No internet service,No internet service,No internet service,Month-to-month,Yes,Credit card (automatic),18.37,793.91,No
0897-TFXVY,Female,0,Yes,No,72,No,No phone service,No,No internet service,No internet service,No internet service,No internet service,No internet service,No internet service,Two year,Yes,Electronic check,22.3,1554.3,No
0898-OINRZ,Male,0,Yes,Yes,52,Yes,No,DSL,Yes,No,No,Yes,Yes,Yes,Month-to-month,No,Bank transfer (automatic),60.36,3056.26,Yes
0899-QRETT,Male,1,Yes,No,56,Yes,No,Fiber optic,Yes,Yes,Yes,No,No,No,Month-to-month,No,Electronic check,67.05,3725.95,Yes
0900-IKXVA,Male,0,Yes,No,15,Yes,Yes,Fiber optic,No,No,No,Yes,Yes,No,Month-to-month,Yes,Credit card (automatic),77.96,1142.95,Yes
0901-RFBOZ,Female,1,Yes,No,49,Yes,No,No,No internet service,No internet service,No internet service,No internet service,No internet service,No internet service,Month-to-month,No,Bank transfer (automatic),22.61,1108.29,No
0902-UNEFF,Female,0,Yes,Yes,3,Yes,No,Fiber optic,No,Yes,No,No,Yes,No,Month-to-month,No,Mailed check,79.38,365.75,No
0903-VRNJN,Female,0,Yes,No,12,Yes,Yes,DSL,No,No,No,Yes,No,No,One year,Yes,Electronic check,40.25,499.16,No
0904-MCFHL,Male,0,Yes,No,59,Yes,No,DSL,No,No,Yes,No,No,Yes,Two year,Yes,Bank transfer (automatic),50.74,3002.19,No
0905-MKLAQ,Male,0,Yes,Yes,27,Yes,No,Fiber optic,Yes,No,Yes,No,No,Yes,Month-to-month,No,Mailed check,70.9,1934.0,Yes
0906-PKMRK,Male,0,No,No,11,Yes,No,Fiber optic,No,Yes,No,Yes,Yes,Yes,One year,Yes,Credit card (automatic),86.33,1059.2,No
0907-LFIPD,Female,0,No,No,23,Yes,No,DSL,Yes,No,No,No,No,Yes,One year,Yes,Bank transfer (automatic),56.34,1208.06,No
0908-CPXZY,Female,0,No,No,0,Yes,No,Fiber optic,Yes,No,Yes,No,Yes,Yes,Month-to-month,No,Bank transfer (automatic),89.21,61.9,Yes
0909-LKEYR,Male,0,Yes,Yes,33,Yes,Yes,Fiber optic,No,No,No,Yes,No,No,Month-to-month,No,Electronic check,58.67,1978.69,No
0910-SWWFV,Female,0,Yes,Yes,2,No,No phone service,No,No internet service,No internet service,No internet service,No internet service,No internet service,No internet service,One year,Yes,Mailed check,19.93,18.8,No
0911-RZFDL,Female,0,Yes,No,21,No,No phone service,DSL,No,No,No,No,No,No,Month-to-month,No,Mailed check,53.33,1085.04,No
0912-SBQKK,Male,0,No,No,26,Yes,Yes,Fiber optic,Yes,Yes,No,No,No,No,Month-to-month,Yes,Bank transfer (automatic),70.19,1778.83,Yes
0913-UPBBW,Male,0,No,No,20,Yes,Yes,Fiber optic,No,No,Yes,No,No,Yes,Month-to-month,No,Mailed check,65.85,1245.17,Yes
0914-HMJHD,Male,0,Yes,Yes,12,Yes,No,Fiber optic,No,No,No,No,No,Yes,Month-to-month,No,Credit card (automatic),72.65,845.35,Yes
0915-OAKGQ,Male,0,No,No,43,Yes,No,No,No internet service,No internet service,No internet service,No internet service,No internet service,No internet service,Month-to-month,Yes,Electronic check,20.77,826.39,No
0916-TXRVV,Male,0,No,No,23,Yes,No,Fiber optic,Yes,Yes,Yes,Yes,No,No,Month-to-month,Yes,Credit card (automatic),65.62,1536.42,No
0917-LIEJD,Female,0,No,No,45,Yes,No,Fiber optic,Yes,No,No,No,No,No,Month-to-month,Yes,Electronic check,67.09,3091.22,Yes
0918-EJKUX,Male,0,Yes,No,16,Yes,No,Fiber optic,Yes,No,Yes,No,No,Yes,Month-to-month,No,Mailed check,80.08,1242.27,Yes
0919-JHBWH,Female,0,Yes,No,4,Yes,Yes,DSL,No,No,No,No,Yes,No,Month-to-month,Yes,Bank transfer (automatic),46.66,128.03,Yes
0920-PVEYC,Female,0,Yes,Yes,37,No,No phone service,DSL,Yes,No,No,No,No,No,Two year,Yes,Mailed check,51.31,1956.56,No
0921-LMMJD,Male,0,Yes,No,58,Yes,Yes,DSL,No,No,No,No,No,Yes,Two year,No,Mailed check,46.79,2654.43,No
0922-IVXWB,Male,0,No,Yes,26,Yes,No,Fiber optic,No,No,Yes,No,Yes,No,Month-to-month,Yes,Bank transfer (automatic),65.91,1634.43,Yes
0923-SAYGQ,Female,0,Yes,No,53,Yes,Yes,Fiber optic,Yes,No,Yes,Yes,Yes,No,Two year,No,Electronic check,75.66,3976.5,No
0924-CTTUC,Female,0,No,No,70,Yes,No,Fiber optic,No,No,Yes,No,No,Yes,Month-to-month,Yes,Credit card (automatic),73.66,5193.3,Yes
0925-CQGZN,Female,0,Yes,No,54,Yes,No,No,No internet service,No internet service,No internet service,No internet service,No internet service,No internet service,Two year,Yes,Mailed check,24.22,1319.68,No
0926-QRMTT,Male,0,Yes,No,70,No,No phone service,Fiber optic,Yes,No,Yes,Yes,Yes,Yes,Month-to-month,Yes,Bank transfer (automatic),86.58,6115.18,No
0927-URDAR,Female,0,Yes,Yes,42,Yes,Yes,DSL,No,No,Yes,No,No,Yes,Month-to-month,No,Mailed check,44.33,1810.14,No
0928-AZZMT,Male,1,Yes,Yes,37,Yes,No,DSL,Yes,No,Yes,No,No,Yes,Month-to-month,Yes,Bank transfer (automatic),50.57,1917.38,No
0929-TWJKI,Male,0,No,No,60,Yes,No,DSL,Yes,No,No,No,Yes,No,Month-to-month,Yes,Bank transfer (automatic),53.33,3189.47,No
0930-IEZAQ,Female,0,No,No,44,Yes,Yes,No,No internet service,No internet service,No internet service,No internet service,No internet service,No internet service,Month-to-month,Yes,Mailed check,22.72,906.8,No
0931-VBXMI,Male,0,No,No,57,Yes,Yes,No,No internet service,No internet service,No internet service,No internet service,No internet service,No internet service,Month-to-month,No,Electronic check,18.25,1108.89,No
0932-DEKXS,Female,0,No,No,28,Yes,Yes,DSL,Yes,No,No,Yes,Yes,No,One year,No,Electronic check,59.93,1682.48,No
0933-UCLZS,Female,1,Yes,No,53,Yes,No,Fiber optic,No,No,Yes,Yes,Yes,No,One year,No,Credit card (automatic),79.49,4284.6,No
0934-SMGOW,Male,1,No,Yes,33,Yes,Yes,Fiber optic,No,No,Yes,No,No,Yes,Month-to-month,Yes,Mailed check,65.33,2217.16,No
0935-GZHEU,Male,0,Yes,Yes,20,No,No phone service,DSL,No,Yes,No,No,Yes,Yes,Month-to-month,No,Bank transfer (automatic),65.25,1357.54,Yes
0936-NDWJT,Female,1,No,Yes,44,Yes,Yes,Fiber optic,Yes,No,No,No,Yes,No,Month-to-month,Yes,Credit card (automatic),77.92,3555.86,Yes
0937-ORTMH,Male,0,No,No,0,Yes,No,No,No internet service,No internet service,No internet service,No internet service,No internet service,No internet service,Two year,Yes,Mailed check,24.17,18.8,Yes
0938-IPSPG,Male,0,Yes,No,9,Yes,Yes,No,No internet service,No internet service,No internet service,No internet service,No internet service,No internet service,Two year,Yes,Mailed check,21.1,295.17,No
0939-NNYDZ,Female,1,Yes,No,57,Yes,No,Fiber optic,Yes,No,No,No,No,No,One year,No,Electronic check,64.43,3660.86,No
0940-OCEAC,Male,0,No,No,27,Yes,Yes,DSL,Yes,No,Yes,No,No,No,Month-to-month,Yes,Electronic check,37.18,1049.84,No
0941-OXHDB,Female,1,Yes,No,60,Yes,Yes,Fiber optic,No,No,No,No,Yes,No,Two year,Yes,Mailed check,67.99,4085.65,No
0942-XXJDC,Female,0,Yes,No,29,Yes,No,No,No internet service,No internet service,No internet service,No internet service,No internet service,No internet service,One year,Yes,Electronic check,23.04,714.7,No
0943-BYQWU,Male,0,Yes,No,27,No,No phone service,DSL,Yes,No,No,No,No,No,Month-to-month,Yes,Electronic check,51.75,1392.37,No
0944-XTWME,Female,1,No,No,28,Yes,No,Fiber optic,Yes,Yes,No,Yes,No,Yes,One year,No,Mailed check,74.39,2162.77,No
0945-UIYYV,Male,0,Yes,No,30,Yes,Yes,DSL,No,No,No,No,Yes,No,One year,No,Mailed check,56.3,1729.34,Yes
0946-FEYJH,Female,0,No,No,67,Yes,Yes,DSL,No,Yes,Yes,Yes,Yes,No,One year,No,Credit card (automatic),60.02,3964.29,No
0947-GGFUT,Male,0,No,Yes,30,Yes,No,DSL,No,No,No,Yes,No,No,Month-to-month,Yes,Electronic check,40.95,1250.77,Yes
0948-CSVOD,Female,0,No,No,40,Yes,Yes,DSL,No,Yes,No,Yes,Yes,No,Month-to-month,Yes,Bank transfer (automatic),51.07,2076.53,No
0949-LFSDO,Female,1,Yes,No,63,Yes,No,No,No internet service,No internet service,No internet service,No internet service,No internet service,No internet service,Month-to-month,No,Electronic check,26.99,1736.44,No
0950-IEMWZ,Male,0,No,No,41,Yes,No,DSL,Yes,Yes,No,No,Yes,No,Two year,No,Credit card (automatic),59.55,2394.29,No
0951-REYPS,Male,0,Yes,Yes,43,No,No phone service,Fiber optic,No,No,Yes,Yes,No,Yes,Two year,Yes,Electronic check,72.37,3098.98,No
0952-NYPOV,Male,0,No,Yes,30,Yes,No,No,No internet service,No internet service,No internet service,No internet service,No internet service,No internet service,One year,No,Mailed check,18.25,562.77,No
0953-DGPXV,Male,1,No,Yes,10,Yes,Yes,No,No internet service,No internet service,No internet service,No internet service,No internet service,No internet service,One year,Yes,Electronic check,18.25,172.61,No
0954-UVUHQ,Male,0,No,Yes,35,Yes,No,Fiber optic,No,No,Yes,No,Yes,No,Month-to-month,Yes,Mailed check,73.36,2669.75,Yes
0955-PWJJB,Male,0,No,No,31,Yes,No,DSL,No,Yes,No,No,Yes,Yes,Month-to-month,Yes,Electronic check,66.96,2069.35,No
0956-IQKJV,Male,0,No,Yes,38,Yes,No,DSL,No,No,Yes,Yes,No,No,Month-to-month,No,Mailed check,42.3,1561.47,No
0957-YQDPT,Male,0,Yes,No,66,Yes,No,Fiber optic,Yes,No,No,No,No,Yes,Two year,Yes,Credit card (automatic),69.65,4591.19,No
0958-OYUEF,Male,0,No,No,59,Yes,No,No,No internet service,No internet service,No internet service,No internet service,No internet service,No internet service,One year,No,Bank transfer (automatic),23.92,1335.06,No
0959-QAYSD,Female,0,Yes,No,24,Yes,No,DSL,Yes,No,No,No,No,Yes,Month-to-month,Yes,Electronic check,58.63,1411.93,Yes
0960-QIXBH,Male,0,Yes,Yes,27,Yes,No,No,No internet service,No internet service,No internet service,No internet service,No internet service,No internet service,One year,Yes,Credit card (automatic),32.43,829.34,No
0961-OGFAO,Female,0,Yes,No,18,No,No phone service,DSL,No,No,No,No,Yes,No,Two year,Yes,Electronic check,48.69,834.92,No
0962-WZGYQ,Male,0,No,Yes,28,Yes,No,DSL,No,No,No,Yes,No,Yes,One year,Yes,Bank transfer (automatic),41.46,1194.62,No
0963-BIIMF,Male,1,Yes,Yes,49,Yes,No,Fiber optic,No,Yes,No,No,No,No,Month-to-month,No,Bank transfer (automatic),62.81,2986.98,No
0964-FTTUC,Female,0,No,No,18,No,No phone service,DSL,No,No,No,No,No,Yes,Month-to-month,Yes,Mailed check,48.03,848.41,No
0965-QQLPO,Female,0,No,No,55,Yes,No,Fiber optic,No,Yes,No,No,Yes,No,Month-to-month,No,Mailed check,75.56,4218.37,Yes
0966-MWAQC,Male,0,No,Yes,17,Yes,No,Fiber optic,No,No,No,Yes,No,No,Month-to-month,No,Mailed check,63.35,1023.06,No
0967-ZODDR,Female,1,No,No,44,Yes,No,DSL,No,No,Yes,No,No,Yes,Two year,Yes,Bank transfer (automatic),47.25,2076.69,No
0968-QSKTC,Male,0,Yes,Yes,40,Yes,Yes,Fiber optic,No,No,No,No,No,No,Month-to-month,No,Electronic check,65.29,2708.0,Yes
0969-HNZAN,Female,0,No,No,12,Yes,No,DSL,Yes,No,No,Yes,Yes,Yes,Month-to-month,No,Credit card (automatic),65.02,841.16,No
0970-BWDXS,Male,0,No,No,67,Yes,No,Fiber optic,Yes,No,Yes,No,Yes,No,Month-to-month,Yes,Electronic check,64.37,4292.14,No
0971-FYAQH,Female,1,No,No,67,No,No phone service,Fiber optic,No,No,Yes,No,No,No,Two year,No,Mailed check,59.77,3963.72,No
0972-SUAEP,Male,0,Yes,Yes,23,Yes,No,No,No internet service,No internet service,No internet service,No internet service,No internet service,No internet service,One year,Yes,Electronic check,18.25,450.92,No
0973-FHMPC,Female,0,Yes,No,32,Yes,No,DSL,No,No,No,No,Yes,Yes,Month-to-month,Yes,Mailed check,60.66,1923.67,Yes
0974-SLPKJ,Male,0,No,No,72,Yes,No,Fiber optic,Yes,Yes,No,Yes,No,No,Month-to-month,Yes,Credit card (automatic),75.23,5502.2,No
0975-YTDLW,Female,0,Yes,Yes,54,Yes,Yes,DSL,No,No,No,No,Yes,No,One year,No,Mailed check,44.14,2413.29,No
0976-BXVSY,Male,0,Yes,No,2,No,No phone service,Fiber optic,No,No,Yes,No,Yes,No,Month-to-month,Yes,Electronic check,69.17,51.09,Yes
0977-EHGNX,Male,0,Yes,No,2,Yes,Yes,Fiber optic,No,Yes,Yes,No,No,Yes,Two year,No,Mailed check,83.19,94.88,No
0978-WCRPW,Male,0,Yes,No,29,Yes,No,Fiber optic,Yes,No,No,Yes,No,Yes,Month-to-month,Yes,Electronic check,73.06,2064.06,Yes
0979-SSRTP,Female,0,Yes,No,17,Yes,No,Fiber optic,No,No,Yes,Yes,No,No,Month-to-month,Yes,Mailed check,56.81,924.6,Yes
0980-HAQLU,Female,0,No,Yes,65,Yes,No,DSL,No,No,No,No,No,No,Two year,No,Credit card (automatic),49.34,3203.56,No
0981-KELQF,Female,1,No,No,42,Yes,Yes,No,No internet service,No internet service,No internet service,No internet service,No internet service,No internet service,Two year,Yes,Bank transfer (automatic),22.5,970.2,No
0982-AEYNE,Female,0,Yes,No,72,Yes,Yes,No,No internet service,No internet service,No internet service,No internet service,No internet service,No internet service,Month-to-month,Yes,Credit card (automatic),27.12,1890.41,No
0983-VXARP,Female,0,Yes,Yes,65,Yes,No,DSL,Yes,No,Yes,No,Yes,Yes,Two year,Yes,Electronic check,61.6,3934.88,No
0984-ISVEB,Male,0,No,No,26,Yes,No,Fiber optic,No,Yes,Yes,Yes,No,No,Month-to-month,No,Electronic check,62.88,1579.88,Yes
0985-OGDAM,Female,0,Yes,No,18,Yes,Yes,DSL,No,No,Yes,No,No,Yes,Month-to-month,Yes,Mailed check,45.02,786.94,Yes
0986-TVGOW,Male,0,No,No,15,No,No phone service,No,No internet service,No internet service,No internet service,No internet service,No internet service,No internet service,One year,No,Bank transfer (automatic),22.56,368.9,No
0987-NWSVX,Male,0,Yes,No,25,No,No phone service,Fiber optic,No,No,Yes,Yes,No,No,Two year,Yes,Electronic check,56.56,1359.62,Yes
0988-TXRJI,Male,0,No,No,13,Yes,Yes,DSL,No,Yes,No,No,No,No,Month-to-month,Yes,Electronic check,40.52,551.25,Yes
0989-YHZJQ,Male,0,No,Yes,46,Yes,No,Fiber optic,Yes,No,No,No,No,No,Month-to-month,Yes,Electronic check,65.69,2993.83,No
0990-BFZEI,Male,0,No,Yes,17,Yes,No,Fiber optic,No,No,No,Yes,No,No,One year,No,Electronic check,61.71,1004.75,No
0991-ERZTI,Female,0,No,No,27,Yes,No,Fiber optic,Yes,No,Yes,No,No,No,One year,Yes,Bank transfer (automatic),64.65,1726.48,No
0992-QQLGC,Male,0,Yes,No,18,No,No phone service,Fiber optic,Yes,No,No,Yes,No,No,Two year,No,Mailed check,65.59,1167.57,No
0993-JBYCP,Female,0,Yes,No,29,Yes,No,Fiber optic,No,No,No,Yes,No,Yes,Month-to-month,Yes,Electronic check,77.78,2334.4,No
0994-BXJFV,Male,0,No,No,20,Yes,Yes,DSL,Yes,Yes,Yes,Yes,No,Yes,Month-to-month,Yes,Credit card (automatic),65.2,1323.63,Yes
0995-ZKWGO,Male,0,No,No,20,Yes,No,Fiber optic,No,No,No,No,Yes,No,One year,No,Mailed check,69.77,1337.34,Yes
0996-FTIVT,Female,0,Yes,No,47,Yes,No,Fiber optic,Yes,Yes,Yes,Yes,Yes,Yes,One year,No,Electronic check,93.18,4461.2,Yes
0997-LSTCO,Female,0,No,Yes,54,Yes,No,Fiber optic,Yes,Yes,No,Yes,No,No,Two year,Yes,Electronic check,74.33,4081.31,No
0998-BUBVC,Male,0,No,No,29,Yes,No,DSL,No,No,No,No,No,No,Month-to-month,No,Mailed check,41.64,1152.97,No
0999-FOJIA,Male,0,No,No,41,Yes,No,DSL,No,No,No,No,No,No,Month-to-month,Yes,Electronic check,36.2,1427.62,Yes
1000-PFIDB,Male,0,Yes,No,36,No,No phone service,DSL,No,Yes,Yes,No,No,Yes,One year,No,Electronic check,45.8,1616.9,No
1001-DASZY,Female,0,No,Yes,40,No,No phone service,Fiber optic,Yes,Yes,No,No,Yes,No,One year,Yes,Mailed check,89.12,3500.86,No
1002-JUOVS,Female,0,Yes,No,45,Yes,No,DSL,No,No,Yes,Yes,No,Yes,Month-to-month,No,Mailed check,50.19,2295.45,Yes
1003-PUXVD,Male,0,No,No,59,Yes,No,Fiber optic,Yes,No,No,Yes,Yes,Yes,One year,No,Mailed check,87.38,5191.24,No
1004-BYMAQ,Female,0,Yes,Yes,0,Yes,No,Fiber optic,Yes,No,No,No,No,No,Month-to-month,Yes,Credit card (automatic),60.6,18.8,No
1005-MDGQI,Female,0,No,No,53,No,No phone service,Fiber optic,Yes,No,No,No,No,No,Month-to-month,Yes,Mailed check,63.85,3368.13,Yes
1006-DSAJD,Female,0,Yes,No,34,Yes,No,No,No internet service,No internet service,No internet service,No internet service,No internet service,No internet service,Month-to-month,No,Mailed check,18.25,634.11,No
1007-IMNJF,Female,0,Yes,No,15,Yes,No,Fiber optic,Yes,No,No,No,Yes,Yes,One year,Yes,Bank transfer (automatic),79.99,1182.76,No
1008-PFQJR,Female,0,Yes,No,4,Yes,No,Fiber optic,Yes,No,No,No,No,No,Two year,Yes,Bank transfer (automatic),66.65,245.76,No
1009-VRCTU,Female,0,Yes,Yes,30,Yes,No,Fiber optic,Yes,No,Yes,Yes,No,Yes,Month-to-month,No,Mailed check,76.67,2291.71,No
1010-YOODI,Female,0,No,No,36,Yes,No,Fiber optic,No,No,Yes,No,No,Yes,Month-to-month,No,Mailed check,70.62,2551.14,No
1011-ZSXQK,Male,0,Yes,Yes,24,Yes,No,DSL,Yes,No,No,Yes,Yes,No,Two year,Yes,Mailed check,55.5,1354.25,No
1012-YIJRT,Female,0,No,No,61,Yes,No,Fiber optic,Yes,Yes,No,No,No,No,Month-to-month,No,Credit card (automatic),72.66,4379.5,No
1013-MHGQU,Female,1,No,Yes,24,Yes,Yes,DSL,No,Yes,Yes,No,No,No,Month-to-month,No,Mailed check,31.4,745.01,Yes
1014-WOTOA,Male,0,No,No,66,Yes,Yes,DSL,No,Yes,No,No,No,No,Month-to-month,No,Mailed check,48.96,3232.9,No
1015-YNEKP,Female,0,Yes,Yes,37,No,No phone service,DSL,Yes,Yes,Yes,Yes,No,Yes,Month-to-month,Yes,Bank transfer (automatic),71.32,2635.88,No
1016-BHKRC,Female,0,Yes,Yes,47,Yes,Yes,Fiber optic,No,No,No,No,No,Yes,Two year,Yes,Bank transfer (automatic),62.63,2849.3,Yes
1017-ZAKPR,Female,0,Yes,No,63,Yes,Yes,Fiber optic,No,No,No,Yes,No,No,One year,Yes,Electronic check,50.46,3171.77,No
1018-PWJRF,Female,0,No,No,1,No,No phone service,DSL,No,No,No,Yes,No,No,Month-to-month,No,Bank transfer (automatic),31.54,18.8,No
1019-SDMXN,Male,0,Yes,No,63,Yes,No,DSL,Yes,No,Yes,No,No,Yes,Month-to-month,No,Electronic check,59.95,3734.13,Yes
1020-CJFAW,Female,1,No,Yes,68,Yes,No,Fiber optic,No,No,Yes,No,Yes,No,Month-to-month,No,Credit card (automatic),64.11,4389.21,No
1021-XNHSN,Male,0,Yes,No,19,Yes,Yes,DSL,No,Yes,Yes,No,No,No,Month-to-month,Yes,Mailed check,45.98,915.18,No
1022-JQIFK,Female,0,No,No,10,Yes,No,Fiber optic,Yes,Yes,Yes,Yes,No,Yes,Two year,Yes,Mailed check,82.47,840.48,Yes
1023-YGQAV,Female,0,Yes,No,30,Yes,No,DSL,Yes,Yes,Yes,No,No,Yes,Month-to-month,Yes,Electronic check,59.12,1715.1,Yes
1024-EIRXU,Female,0,Yes,No,34,Yes,Yes,DSL,No,No,No,Yes,Yes,Yes,Month-to-month,Yes,Credit card (automatic),57.61,1909.4,No
1025-BZKFZ,Female,0,No,Yes,43,Yes,Yes,Fiber optic,Yes,No,Yes,No,Yes,No,Month-to-month,No,Electronic check,73.38,3223.46,Yes
1026-HDRKE,Male,0,No,Yes,54,No,No phone service,No,No internet service,No internet service,No internet service,No internet service,No internet service,No internet service,One year,Yes,Electronic check,18.25,1050.61,No
1027-ORBVK,Male,0,No,No,44,Yes,No,Fiber optic,No,Yes,No,No,No,Yes,Two year,No,Bank transfer (automatic),79.05,3509.24,No
1028-ZYMDV,Male,1,Yes,No,20,Yes,Yes,Fiber optic,No,No,Yes,No,No,No,Month-to-month,Yes,Electronic check,65.49,1263.39,Yes
1029-GKVXD,Male,0,No,No,51,Yes,Yes,Fiber optic,No,No,Yes,No,Yes,No,Month-to-month,Yes,Credit card (automatic),71.02,3656.38,No
1030-OAWCN,Male,0,No,No,19,Yes,No,Fiber optic,No,No,No,No,Yes,No,Month-to-month,Yes,Mailed check,65.71,1314.99,Yes
1031-FRYAF,Female,0,Yes,No,8,Yes,No,No,No internet service,No internet service,No internet service,No internet service,No internet service,No internet service,Two year,Yes,Credit card (automatic),19.71,268.73,No
1032-FUPEQ,Male,0,Yes,No,8,No,No phone service,Fiber optic,No,No,Yes,Yes,No,Yes,Month-to-month,No,Credit card (automatic),68.99,498.99,Yes
1033-JURGC,Male,0,No,No,57,Yes,Yes,No,No internet service,No internet service,No internet service,No internet service,No internet service,No internet service,Month-to-month,Yes,Electronic check,18.25,1147.08,No
1034-MOTSC,Female,0,No,No,70,Yes,No,DSL,No,No,No,No,No,No,One year,Yes,Mailed check,40.12,2713.59,No
1035-DEADL,Male,0,No,Yes,32,Yes,Yes,Fiber optic,Yes,Yes,No,Yes,No,No,Month-to-month,Yes,Credit card (automatic),68.57,2266.78,No
1036-XJWYU,Female,1,No,Yes,0,Yes,No,DSL,No,No,No,No,No,Yes,One year,No,Bank transfer (automatic),55.68,18.8,No
1037-ZTXYM,Male,0,Yes,No,2,Yes,Yes,Fiber optic,No,Yes,No,No,No,No,Month-to-month,Yes,Bank transfer (automatic),60.45,154.38,Yes
1038-WNWED,Female,0,No,No,38,Yes,Yes,Fiber optic,No,No,No,Yes,Yes,Yes,Two year,Yes,Mailed check,78.9,2942.31,No
1039-NJQJZ,Male,0,No,Yes,11,Yes,Yes,DSL,No,No,No,No,Yes,No,Month-to-month,No,Credit card (automatic),45.66,556.51,Yes
1040-GPAQU,Female,0,No,Yes,15,Yes,Yes,Fiber optic,No,No,No,Yes,No,Yes,One year,Yes,Electronic check,69.74,1002.07,Yes
1041-IFSMC,Male,0,No,No,49,Yes,No,Fiber optic,No,No,No,Yes,Yes,No,Month-to-month,Yes,Credit card (automatic),71.28,3447.47,No
1042-GVIVE,Male,0,No,No,26,Yes,No,Fiber optic,No,No,No,No,Yes,Yes,One year,No,Bank transfer (automatic),78.67,2108.63,No
1043-JWQLW,Female,0,Yes,No,28,Yes,No,DSL,No,No,No,Yes,No,No,One year,Yes,Mailed check,44.39,1175.18,No
1044-PCYVI,Female,0,Yes,No,68,Yes,No,No,No internet service,No internet service,No internet service,No internet service,No internet service,No internet service,Two year,No,Bank transfer (automatic),28.32,1886.94,No
1045-OEWMN,Female,0,Yes,No,51,No,No phone service,DSL,No,No,No,No,Yes,No,Month-to-month,Yes,Bank transfer (automatic),33.63,1786.51,No
1046-TOPWM,Male,0,No,No,5,Yes,Yes,No,No internet service,No internet service,No internet service,No internet service,No internet service,No internet service,Month-to-month,No,Electronic check,24.44,141.34,No
1047-QWHUB,Female,0,Yes,Yes,23,Yes,No,DSL,No,Yes,Yes,No,Yes,Yes,Month-to-month,Yes,Electronic check,64.76,1523.05,Yes
1048-EFLRV,Male,0,No,No,39,Yes,No,DSL,Yes,No,No,Yes,No,No,Month-to-month,Yes,Electronic check,44.94,1727.77,No
1049-VAQKJ,Female,0,Yes,Yes,32,Yes,Yes,Fiber optic,No,Yes,No,Yes,No,No,Two year,Yes,Mailed check,63.67,1970.02,No
1050-SNZJO,Male,0,Yes,No,8,Yes,No,Fiber optic,No,No,Yes,No,No,No,Two year,Yes,Mailed check,63.04,497.03,No
1051-SDBIJ,Female,0,No,No,48,Yes,Yes,DSL,Yes,Yes,Yes,Yes,Yes,No,Two year,No,Credit card (automatic),60.31,2867.87,No
1052-KNGWO,Female,0,No,Yes,66,Yes,No,DSL,Yes,No,No,No,Yes,No,Month-to-month,Yes,Electronic check,59.02,3868.82,Yes
1053-VSVOX,Male,0,Yes,Yes,22,Yes,No,No,No internet service,No internet service,No internet service,No internet service,No internet service,No internet service,Month-to-month,No,Mailed check,20.07,431.48,No
1054-HKIOA,Female,0,No,Yes,21,Yes,No,No,No internet service,No internet service,No internet service,No internet service,No internet service,No internet service,One year,No,Credit card (automatic),22.71,494.21,No
1055-ASCJH,Female,0,Yes,No,71,Yes,Yes,DSL,No,No,No,Yes,No,Yes,Two year,No,Bank transfer (automatic),53.89,3790.2,No
1056-OJARB,Female,0,Yes,Yes,7,Yes,No,Fiber optic,No,No,No,No,Yes,No,Two year,No,Mailed check,69.36,508.24,No
1057-SMVAB,Male,0,Yes,No,18,Yes,Yes,DSL,No,No,No,Yes,No,No,Month-to-month,Yes,Electronic check,43.83,849.18,No
1058-POMPQ,Male,0,No,No,37,Yes,Yes,Fiber optic,No,No,No,No,No,Yes,One year,No,Electronic check,72.46,2705.68,No
1059-UGXZQ,Female,0,Yes,No,5,Yes,Yes,Fiber optic,No,No,No,No,No,No,One year,Yes,Electronic check,60.93,372.04,Yes
1060-GMEZQ,Female,0,No,No,51,Yes,Yes,Fiber optic,No,No,No,No,No,No,Two year,Yes,Bank transfer (automatic),56.52,2932.47,No
1061-CGZQG,Male,0,No,No,33,Yes,Yes,Fiber optic,No,No,No,No,No,Yes,One year,No,Electronic check,65.79,2218.9,Yes
1062-UAQQK,Male,1,Yes,No,10,Yes,No,DSL,Yes,Yes,No,No,Yes,No,Month-to-month,Yes,Mailed check,61.93,589.94,Yes
1063-YCOUK,Female,0,Yes,Yes,42,Yes,No,Fiber optic,Yes,No,No,No,No,No,Two year,Yes,Mailed check,68.2,2912.81,Yes
1064-ZPYVI,Male,0,Yes,Yes,34,No,No phone service,No,No internet service,No internet service,No internet service,No internet service,No internet service,No internet service,Month-to-month,No,Electronic check,18.37,624.67,No
1065-XXAYV,Female,1,No,No,10,Yes,No,Fiber optic,No,Yes,No,No,No,No,Two year,No,Credit card (automatic),68.6,759.77,No
1066-PISLS,Female,0,No,No,39,Yes,Yes,Fiber optic,No,No,No,Yes,No,No,Month-to-month,Yes,Bank transfer (automatic),56.5,2286.16,Yes
1067-VIGNS,Male,0,No,Yes,31,Yes,Yes,DSL,No,Yes,Yes,No,No,No,Month-to-month,No,Bank transfer (automatic),44.4,1420.92,No
1068-SBIMO,Male,1,Yes,No,48,Yes,No,Fiber optic,No,Yes,Yes,Yes,Yes,No,One year,No,Mailed check,72.1,3472.57,No
1069-CKUNY,Male,0,Yes,No,56,Yes,No,No,No internet service,No internet service,No internet service,No internet service,No internet service,No internet service,Month-to-month,Yes,Credit card (automatic),18.25,1040.13,No
1070-HRSPB,Male,0,Yes,No,64,Yes,No,No,No internet service,No internet service,No internet service,No internet service,No internet service,No internet service,One year,No,Credit card (automatic),18.25,1179.52,No
1071-HVFLO,Male,0,Yes,No,47,Yes,No,Fiber optic,No,No,No,No,No,No,Month-to-month,No,Electronic check,77.14,3585.75,Yes
1072-YHDOT,Male,0,Yes,No,51,Yes,Yes,Fiber optic,Yes,Yes,No,Yes,No,Yes,Two year,Yes,Mailed check,85.63,4319.43,No
1073-YQMRB,Male,0,No,No,38,Yes,Yes,Fiber optic,Yes,No,No,Yes,No,Yes,Two year,Yes,Bank transfer (automatic),77.42,2974.36,No
1074-MMVOT,Male,0,No,No,53,No,No phone service,DSL,No,Yes,No,No,No,Yes,One year,No,Credit card (automatic),53.02,2776.09,No
1075-JCSCV,Female,0,No,No,24,Yes,No,No,No internet service,No internet service,No internet service,No internet service,No internet service,No internet service,One year,Yes,Bank transfer (automatic),18.25,451.1,No
1076-NHWDT,Female,0,Yes,No,44,Yes,Yes,DSL,No,No,No,No,Yes,No,Month-to-month,Yes,Credit card (automatic),42.39,1846.72,No
1077-KZKKB,Male,0,Yes,No,28,Yes,Yes,Fiber optic,Yes,No,No,No,No,No,Month-to-month,No,Bank transfer (automatic),64.19,1749.46,Yes
1078-QIBXO,Female,0,Yes,Yes,31,Yes,No,Fiber optic,No,No,Yes,No,No,No,Month-to-month,Yes,Electronic check,64.59,1967.89,No
1079-PYDHI,Female,0,Yes,Yes,66,Yes,No,DSL,No,Yes,No,No,Yes,Yes,Two year,No,Electronic check,59.75,4055.51,No
1080-ZZEPM,Female,0,No,No,11,Yes,No,DSL,Yes,No,Yes,No,Yes,No,One year,Yes,Credit card (automatic),57.83,601.98,No
1081-GZTQC,Female,0,Yes,No,57,Yes,Yes,Fiber optic,Yes,Yes,Yes,No,No,No,Two year,No,Electronic check,70.96,4011.85,No
1082-ESLGI,Female,0,No,Yes,19,Yes,No,DSL,No,No,No,Yes,No,No,One year,No,Mailed check,40.73,728.77,No
1083-FZQPW,Male,0,No,Yes,49,Yes,Yes,DSL,Yes,No,No,Yes,No,Yes,Month-to-month,No,Mailed check,68.26,3355.44,No
1084-CUZDJ,Male,0,Yes,Yes,7,Yes,Yes,Fiber optic,Yes,Yes,No,No,Yes,No,Two year,No,Electronic check,81.37,556.64,Yes
1085-EUVJL,Male,0,No,No,30,Yes,Yes,No,No internet service,No internet service,No internet service,No internet service,No internet service,No internet service,One year,Yes,Bank transfer (automatic),21.09,547.24,No
1086-JMKVP,Male,0,No,No,23,No,No phone service,DSL,Yes,No,Yes,No,Yes,No,Month-to-month,Yes,Credit card (automatic),52.09,1274.07,Yes
1087-HHYHM,Male,0,Yes,No,12,Yes,Yes,Fiber optic,No,No,No,Yes,No,No,Two year,Yes,Credit card (automatic),56.7,565.76,No
1088-BLJLK,Male,0,No,No,71,Yes,Yes,DSL,No,Yes,Yes,No,Yes,Yes,Two year,No,Credit card (automatic),59.49,4176.2,No
1089-OPQZB,Female,0,Yes,No,41,Yes,No,Fiber optic,Yes,Yes,No,No,No,No,One year,No,Mailed check,63.42,2584.06,Yes
1090-RLSZW,Male,0,No,No,25,Yes,Yes,No,No internet service,No internet service,No internet service,No internet service,No internet service,No internet service,Two year,Yes,Credit card (automatic),18.79,507.91,No
1091-RQFYO,Female,0,Yes,No,37,No,No phone service,DSL,No,No,No,Yes,Yes,Yes,Month-to-month,Yes,Mailed check,62.6,2283.85,Yes
1092-CFCAM,Male,0,Yes,No,37,Yes,No,No,No internet service,No internet service,No internet service,No internet service,No internet service,No internet service,Two year,No,Credit card (automatic),18.25,641.03,No
1093-UZNMD,Female,0,Yes,No,54,Yes,No,No,No internet service,No internet service,No internet service,No internet service,No internet service,No internet service,Two year,Yes,Bank transfer (automatic),19.32,1051.06,No
1094-GVJGU,Female,0,No,No,9,Yes,No,Fiber optic,No,Yes,Yes,No,No,Yes,Two year,Yes,Electronic check,71.04,615.67,Yes
1095-OODWW,Male,0,Yes,No,10,Yes,No,Fiber optic,Yes,No,No,No,Yes,No,One year,Yes,Bank transfer (automatic),78.89,721.64,No
1096-FXTZE,Male,1,Yes,No,2,Yes,Yes,No,No internet service,No internet service,No internet service,No internet service,No internet service,No internet service,Month-to-month,Yes,Credit card (automatic),18.25,95.89,No
1097-TLAHA,Male,0,Yes,No,22,Yes,No,No,No internet service,No internet service,No internet service,No internet service,No internet service,No internet service,Month-to-month,Yes,Mailed check,24.18,562.41,No
1098-EVFUC,Male,0,Yes,No,61,Yes,Yes,DSL,No,No,No,No,No,Yes,Two year,Yes,Mailed check,47.05,2914.13,No
1099-OEXNR,Female,0,No,No,69,Yes,No,No,No internet service,No internet service,No internet service,No internet service,No internet service,No internet service,Month-to-month,Yes,Bank transfer (automatic),22.37,1552.82,No
1100-PFYXN,Male,0,No,No,40,Yes,Yes,DSL,Yes,No,No,No,No,Yes,Month-to-month,Yes,Credit card (automatic),55.0,2194.61,Yes
1101-XHGHM,Male,0,No,No,40,Yes,No,No,No internet service,No internet service,No internet service,No internet service,No internet service,No internet service,One year,Yes,Mailed check,22.39,965.48,No
1102-FRBHK,Female,1,No,No,3,Yes,No,DSL,No,Yes,Yes,No,No,No,Month-to-month,No,Electronic check,50.04,112.91,Yes
1103-AVFPT,Female,1,No,No,2,Yes,No,Fiber optic,No,No,No,Yes,No,Yes,One year,Yes,Electronic check,79.29,183.77,Yes
1104-LKJCM,Male,1,No,Yes,50,Yes,No,Fiber optic,Yes,Yes,Yes,No,No,No,Two year,No,Credit card (automatic),70.6,3539.06,No
1105-COPMQ,Male,1,No,Yes,54,Yes,No,Fiber optic,No,No,No,No,Yes,Yes,Month-to-month,Yes,Electronic check,79.86,4317.52,No
1106-CTKUS,Female,0,Yes,No,62,Yes,Yes,No,No internet service,No internet service,No internet service,No internet service,No internet service,No internet service,Month-to-month,Yes,Bank transfer (automatic),27.13,1607.21,No
1107-VKPUC,Male,1,No,No,48,Yes,Yes,No,No internet service,No internet service,No internet service,No internet service,No internet service,No internet service,One year,Yes,Mailed check,18.25,828.09,No
1108-VFNXR,Female,0,No,No,71,Yes,No,DSL,No,Yes,No,No,Yes,No,One year,Yes,Electronic check,57.37,4165.56,No
1109-QDWOK,Female,1,No,No,69,No,No phone service,DSL,Yes,Yes,No,No,No,Yes,Two year,Yes,Electronic check,57.06,3967.72,No
1110-ZCCPE,Male,0,No,No,68,Yes,No,Fiber optic,No,No,Yes,No,No,Yes,Month-to-month,Yes,Mailed check,69.3,4653.97,No
1111-UJSYD,Female,0,Yes,No,7,Yes,No,Fiber optic,No,No,No,No,No,Yes,Month-to-month,No,Electronic check,66.39,379.48,Yes
1112-SKBJK,Male,0,No,No,7,Yes,Yes,Fiber optic,Yes,No,Yes,No,No,Yes,Two year,No,Credit card (automatic),78.33,491.44,No
1113-YTPSW,Male,0,No,No,18,Yes,Yes,No,No internet service,No internet service,No internet service,No internet service,No internet service,No internet service,One year,No,Credit card (automatic),18.87,295.1,No
1114-XKNBW,Male,0,Yes,Yes,54,Yes,Yes,No,No internet service,No internet service,No internet service,No internet service,No internet service,No internet service,One year,Yes,Electronic check,18.25,1018.46,No
1115-EESUL,Female,0,Yes,No,72,Yes,Yes,DSL,No,No,No,Yes,No,No,Two year,Yes,Credit card (automatic),33.73,2334.92,No
1116-RDVQJ,Male,0,Yes,No,71,Yes,No,Fiber optic,No,Yes,No,No,Yes,Yes,Month-to-month,Yes,Credit card (automatic),85.65,6163.18,No
1117-TFYNK,Male,0,No,No,7,Yes,Yes,Fiber optic,No,No,No,Yes,No,No,Month-to-month,No,Credit card (automatic),65.38,479.1,No
1118-KRWVR,Female,0,No,No,56,Yes,No,Fiber optic,No,No,No,Yes,Yes,No,Two year,No,Bank transfer (automatic),60.73,3461.09,No
1119-XWKUL,Male,0,No,No,71,Yes,Yes,No,No internet service,No internet service,No internet service,No internet service,No internet service,No internet service,Month-to-month,No,Mailed check,18.64,1327.44,No
1120-EWIYI,Male,0,Yes,No,6,Yes,Yes,Fiber optic,No,No,No,Yes,Yes,Yes,One year,Yes,Mailed check,76.96,453.02,No
1121-VJVSA,Male,0,No,Yes,45,Yes,Yes,Fiber optic,No,No,Yes,Yes,Yes,No,Month-to-month,Yes,Electronic check,74.45,3322.68,No
1122-GDAOH,Female,1,Yes,No,21,Yes,No,Fiber optic,Yes,No,Yes,No,No,No,One year,No,Electronic check,60.18,1239.73,No
1123-LVVRO,Female,0,Yes,Yes,43,Yes,Yes,DSL,Yes,No,Yes,No,No,No,Month-to-month,No,Bank transfer (automatic),44.88,1943.48,Yes
1124-QNNRT,Male,0,Yes,No,4,Yes,No,DSL,No,No,Yes,No,No,Yes,Month-to-month,No,Electronic check,43.66,188.28,No
1125-RPAWK,Male,0,No,No,24,Yes,Yes,DSL,Yes,Yes,Yes,No,Yes,Yes,Month-to-month,Yes,Electronic check,75.98,1763.0,No
1126-OLHVT,Male,1,Yes,No,46,No,No phone service,No,No internet service,No internet service,No internet service,No internet service,No internet service,No internet service,Month-to-month,Yes,Credit card (automatic),18.25,715.09,No
1127-FCXZM,Female,0,Yes,No,42,Yes,No,Fiber optic,No,Yes,Yes,Yes,Yes,No,Month-to-month,Yes,Mailed check,80.81,3380.36,No
1128-MBEQF,Male,0,Yes,Yes,14,Yes,Yes,Fiber optic,No,Yes,Yes,No,No,No,Month-to-month,Yes,Mailed check,65.27,985.0,No
1129-BDVZK,Male,0,Yes,Yes,63,Yes,No,No,No internet service,No internet service,No internet service,No internet service,No internet service,No internet service,Month-to-month,No,Electronic check,18.25,1131.83,No
1130-HLHKV,Male,0,No,No,30,Yes,No,DSL,No,Yes,No,No,Yes,Yes,Month-to-month,Yes,Credit card (automatic),68.04,1892.59,Yes
1131-THHZQ,Female,1,No,No,43,Yes,No,No,No internet service,No internet service,No internet service,No internet service,No internet service,No internet service,Month-to-month,Yes,Credit card (automatic),23.77,1046.21,No
1132-TTWPN,Female,0,No,Yes,46,Yes,No,Fiber optic,Yes,No,No,No,Yes,No,One year,Yes,Mailed check,83.53,3829.18,No
1133-KGPMO,Female,0,No,Yes,11,Yes,No,DSL,No,Yes,No,Yes,Yes,Yes,Month-to-month,Yes,Bank transfer (automatic),67.81,701.4,No
1134-XPUWX,Female,0,No,No,63,Yes,No,Fiber optic,No,No,No,No,No,Yes,Two year,No,Electronic check,73.29,4512.26,No
1135-ICSTE,Female,0,No,No,22,Yes,No,No,No internet service,No internet service,No internet service,No internet service,No internet service,No internet service,Month-to-month,No,Electronic check,24.22,552.05,No
1136-JQOWY,Male,0,Yes,Yes,49,Yes,Yes,Fiber optic,No,No,No,No,No,No,Two year,No,Electronic check,43.11,2151.12,No
1137-HOUNT,Male,0,No,No,35,No,No phone service,Fiber optic,Yes,No,No,Yes,Yes,No,Month-to-month,No,Bank transfer (automatic),76.92,2678.81,Yes
1138-GUWLQ,Male,0,Yes,No,10,Yes,Yes,DSL,No,No,No,No,No,No,Month-to-month,Yes,Credit card (automatic),45.04,397.59,Yes
1139-QJSNK,Male,0,No,No,46,Yes,Yes,Fiber optic,No,No,No,No,No,No,Two year,Yes,Mailed check,61.15,2698.0,Yes
1140-BRGLZ,Female,0,No,No,55,No,No phone service,Fiber optic,Yes,Yes,Yes,No,No,No,One year,No,Credit card (automatic),67.46,3837.15,No
1141-BTRFX,Female,0,Yes,No,68,Yes,No,Fiber optic,No,Yes,No,No,Yes,No,One year,Yes,Electronic check,71.48,4857.56,No
1142-JTOET,Male,0,Yes,No,36,Yes,No,No,No internet service,No internet service,No internet service,No internet service,No internet service,No internet service,Month-to-month,Yes,Mailed check,19.78,743.71,Yes
1143-CEYHH,Female,0,Yes,Yes,9,Yes,No,No,No internet service,No internet service,No internet service,No internet service,No internet service,No internet service,Month-to-month,No,Electronic check,19.33,164.85,Yes
1144-HLXWH,Male,0,Yes,Yes,55,Yes,Yes,Fiber optic,No,Yes,No,No,Yes,No,Month-to-month,No,Electronic check,76.04,4176.22,Yes
1145-KNHXJ,Female,0,No,Yes,41,Yes,Yes,Fiber optic,Yes,Yes,Yes,No,No,No,Month-to-month,No,Mailed check,70.02,2861.11,No
1146-GQDMD,Male,0,No,No,29,No,No phone service,No,No internet service,No internet service,No internet service,No internet service,No internet service,No internet service,Month-to-month,Yes,Electronic check,23.16,693.57,No
1147-EZVDR,Male,1,No,No,21,Yes,No,No,No internet service,No internet service,No internet service,No internet service,No internet service,No internet service,Two year,Yes,Electronic check,18.25,421.9,No
1148-FXXWV,Male,0,No,No,54,Yes,No,Fiber optic,No,No,Yes,No,Yes,Yes,Two year,Yes,Mailed check,84.0,4562.84,No
1149-BWKNE,Female,0,Yes,No,37,Yes,Yes,Fiber optic,No,No,Yes,No,No,Yes,Month-to-month,Yes,Bank transfer (automatic),76.34,2875.01,No
1150-FJHNX,Male,1,Yes,No,55,Yes,No,No,No internet service,No internet service,No internet service,No internet service,No internet service,No internet service,Two year,Yes,Bank transfer (automatic),18.25,1020.38,No
1151-CLPWQ,Male,0,No,No,70,Yes,No,Fiber optic,No,Yes,No,No,No,No,Two year,Yes,Credit card (automatic),62.81,4393.8,No
1152-AWJYW,Female,0,No,No,35,Yes,No,Fiber optic,No,Yes,No,No,No,Yes,Month-to-month,No,Mailed check,79.22,2773.68,No
1153-JUXBI,Male,0,No,Yes,10,Yes,Yes,DSL,No,No,Yes,Yes,No,Yes,One year,Yes,Mailed check,52.1,511.17,No
1154-VMYPR,Female,0,Yes,No,6,Yes,No,Fiber optic,Yes,Yes,No,Yes,No,No,Month-to-month,Yes,Electronic check,64.25,427.25,Yes
1155-SLHQO,Female,1,No,No,33,Yes,Yes,DSL,No,No,Yes,No,Yes,Yes,One year,No,Mailed check,62.97,1984.83,No
1156-JOOWG,Female,0,No,Yes,62,Yes,Yes,Fiber optic,Yes,No,Yes,No,No,No,Month-to-month,Yes,Electronic check,55.63,3470.02,No
1157-MQIHT,Male,0,No,Yes,1,Yes,No,Fiber optic,No,Yes,No,Yes,Yes,No,Two year,Yes,Mailed check,77.51,68.69,No
1158-ZURMP,Female,0,No,Yes,61,Yes,No,Fiber optic,No,No,Yes,No,No,No,One year,Yes,Electronic check,66.73,4069.85,No
1159-ILLFS,Female,0,No,No,6,Yes,Yes,DSL,No,No,No,Yes,Yes,No,One year,Yes,Mailed check,49.86,315.2,Yes
1160-GYCPR,Female,0,Yes,Yes,42,Yes,No,DSL,No,No,Yes,No,No,No,Two year,No,Bank transfer (automatic),44.03,1863.94,No
1161-PWGDY,Male,0,No,No,17,Yes,No,Fiber optic,Yes,No,No,No,No,No,One year,Yes,Electronic check,66.67,1170.31,Yes
1162-HMMQQ,Female,0,Yes,No,19,Yes,No,Fiber optic,Yes,No,Yes,Yes,No,No,Month-to-month,No,Credit card (automatic),61.25,1160.37,Yes
1163-EFSMY,Male,0,Yes,No,6,Yes,No,Fiber optic,Yes,No,No,Yes,No,Yes,Two year,Yes,Electronic check,72.17,421.82,No
1164-ZNVDG,Female,0,No,No,51,Yes,Yes,No,No internet service,No internet service,No internet service,No internet service,No internet service,No internet service,Two year,No,Credit card (automatic),18.45,922.85,No
1165-HYMFF,Female,0,No,No,36,Yes,No,Fiber optic,No,No,No,Yes,Yes,Yes,Two year,No,Bank transfer (automatic),78.76,2815.2,No
1166-XUCCM,Male,0,Yes,No,45,Yes,Yes,DSL,Yes,No,Yes,Yes,No,Yes,Month-to-month,No,Mailed check,60.83,2691.2,No
1167-VBPVF,Male,0,Yes,No,41,Yes,No,Fiber optic,Yes,No,No,No,No,Yes,Month-to-month,Yes,Electronic check,82.45,3459.55,No
1168-HWHYF,Male,0,No,No,59,Yes,Yes,Fiber optic,No,No,No,No,Yes,Yes,Two year,Yes,Electronic check,84.33,4954.22,No
1169-NCJCL,Female,0,Yes,No,31,No,No phone service,Fiber optic,Yes,Yes,No,Yes,No,No,Two year,Yes,Mailed check,77.39,2295.79,No
1170-QETYI,Female,0,Yes,No,37,Yes,No,DSL,No,No,No,Yes,No,No,Month-to-month,Yes,Credit card (automatic),41.39,1520.62,No
1171-UZTGV,Male,1,Yes,Yes,38,Yes,No,Fiber optic,No,No,No,No,No,Yes,Two year,Yes,Mailed check,56.65,2092.91,No
1172-DMMJR,Male,0,No,No,25,Yes,Yes,DSL,Yes,Yes,Yes,Yes,No,No,Month-to-month,Yes,Bank transfer (automatic),50.02,1246.4,No
1173-QTTMQ,Male,0,Yes,Yes,29,Yes,Yes,Fiber optic,Yes,No,No,No,No,No,Two year,No,Electronic check,61.13,1745.52,No
1174-VDAAO,Male,0,No,Yes,40,Yes,Yes,Fiber optic,Yes,Yes,Yes,Yes,No,Yes,One year,Yes,Credit card (automatic),83.36,3313.47,No
1175-MQXZH,Male,0,Yes,Yes,8,Yes,Yes,Fiber optic,No,Yes,Yes,No,No,Yes,Month-to-month,No,Electronic check,74.29,624.53,Yes
1176-RMWNH,Female,0,No,Yes,31,Yes,Yes,Fiber optic,Yes,Yes,Yes,No,Yes,Yes,Two year,No,Electronic check,91.57,2854.08,No
1177-HZOMG,Female,1,Yes,No,55,Yes,No,Fiber optic,No,No,No,No,No,No,Month-to-month,Yes,Mailed check,60.25,3371.2,Yes
1178-EQYPW,Male,0,No,No,52,Yes,Yes,DSL,No,No,No,No,No,Yes,Month-to-month,No,Mailed check,47.25,2544.44,No
1179-BVRQG,Male,0,No,No,6,Yes,No,Fiber optic,No,No,Yes,No,No,Yes,One year,Yes,Bank transfer (automatic),65.8,405.2,No
1180-MRNRM,Female,0,Yes,Yes,22,Yes,No,No,No internet service,No internet service,No internet service,No internet service,No internet service,No internet service,Month-to-month,No,Mailed check,18.25,394.39,Yes
1181-KUUPW,Male,0,No,No,51,Yes,Yes,Fiber optic,Yes,No,No,No,Yes,No,Two year,Yes,Mailed check,77.19,3955.32,No
1182-QHSTO,Male,1,No,Yes,20,Yes,Yes,DSL,No,Yes,Yes,No,No,No,Two year,Yes,Bank transfer (automatic),51.88,993.79,Yes
1183-ITJLU,Male,0,Yes,No,22,Yes,No,DSL,No,Yes,Yes,No,Yes,No,One year,Yes,Bank transfer (automatic),57.19,1216.89,No
1184-WTAYT,Male,1,No,No,68,Yes,Yes,Fiber optic,Yes,Yes,Yes,Yes,No,No,Month-to-month,Yes,Mailed check,82.75,5597.24,No
1185-IVOAL,Female,1,No,Yes,17,Yes,No,DSL,No,Yes,Yes,Yes,Yes,No,Month-to-month,Yes,Credit card (automatic),58.18,977.62,No
1186-CKBPI,Male,0,Yes,No,36,Yes,Yes,Fiber optic,Yes,No,Yes,No,No,Yes,One year,Yes,Mailed check,76.09,2707.14,Yes
1187-OLAMN,Female,0,Yes,No,6,Yes,No,Fiber optic,No,No,Yes,No,No,Yes,Month-to-month,Yes,Credit card (automatic),75.7,506.95,Yes
1188-YYHHL,Female,0,No,No,60,Yes,Yes,No,No internet service,No internet service,No internet service,No internet service,No internet service,No internet service,Month-to-month,No,Electronic check,18.25,1124.42,No
1189-AKHJS,Female,1,No,No,2,Yes,Yes,Fiber optic,Yes,No,No,No,Yes,Yes,Month-to-month,Yes,Bank transfer (automatic),81.78,137.18,Yes
1190-KGKQA,Female,0,No,No,0,Yes,Yes,Fiber optic,No,Yes,No,Yes,No,Yes,Month-to-month,No,Credit card (automatic),78.07,18.8,No
1191-ZUUHW,Male,0,No,No,59,No,No phone service,DSL,No,Yes,Yes,No,No,No,Two year,Yes,Electronic check,41.38,2434.3,No
1192-XFVRF,Female,0,Yes,No,5,Yes,No,DSL,Yes,Yes,Yes,Yes,Yes,No,Month-to-month,No,Credit card (automatic),67.17,379.0,Yes
1193-EMSVH,Male,0,Yes,No,70,Yes,Yes,DSL,No,No,No,No,Yes,No,One year,Yes,Credit card (automatic),47.54,3347.81,No
1194-IQCSK,Male,1,No,No,57,Yes,No,DSL,Yes,Yes,Yes,No,No,Yes,Month-to-month,Yes,Mailed check,64.09,3645.36,No
1195-XQUSB,Female,0,No,No,30,Yes,No,Fiber optic,No,No,No,Yes,No,No,One year,No,Mailed check,60.54,1796.01,Yes
1196-HSGQF,Male,0,Yes,No,7,Yes,Yes,Fiber optic,Yes,No,No,Yes,Yes,Yes,Two year,Yes,Electronic check,94.74,653.32,Yes
1197-SXFBF,Male,0,No,No,14,Yes,No,Fiber optic,No,No,No,Yes,No,Yes,Month-to-month,Yes,Mailed check,73.69,966.21,Yes
1198-WESTD,Female,0,No,No,6,Yes,No,DSL,Yes,No,Yes,No,No,Yes,Month-to-month,Yes,Credit card (automatic),57.95,335.17,No
1199-VZQKD,Female,0,No,No,6,Yes,No,DSL,No,Yes,No,Yes,No,No,Month-to-month,Yes,Credit card (automatic),43.22,161.68,No
1200-ZMTZQ,Female,0,Yes,No,32,Yes,No,No,No internet service,No internet service,No internet service,No internet service,No internet service,No internet service,Two year,No,Electronic check,18.25,502.12,No
1201-IDWNS,Male,0,Yes,Yes,40,Yes,Yes,Fiber optic,Yes,Yes,No,No,No,Yes,Month-to-month,Yes,Electronic check,80.35,3227.53,No
1202-ZCNHX,Male,0,No,No,56,No,No phone service,DSL,No,No,Yes,Yes,No,Yes,Month-to-month,No,Electronic check,52.8,2952.05,Yes
1203-AJRPH,Female,0,No,No,6,Yes,Yes,No,No internet service,No internet service,No internet service,No internet service,No internet service,No internet service,Month-to-month,Yes,Mailed check,21.7,66.69,No
1204-ALHXP,Female,0,Yes,No,58,Yes,No,Fiber optic,No,No,No,No,No,No,Two year,Yes,Credit card (automatic),52.74,3102.32,No
1205-RDFLI,Male,0,No,No,19,Yes,Yes,DSL,Yes,No,Yes,No,No,Yes,One year,No,Electronic check,53.32,1002.77,No
1206-OPXLX,Male,1,Yes,No,70,Yes,No,DSL,Yes,Yes,No,Yes,Yes,No,One year,No,Mailed check,61.62,4335.39,No
1207-WNMYB,Female,0,Yes,No,49,Yes,Yes,Fiber optic,Yes,No,Yes,No,Yes,No,Month-to-month,Yes,Credit card (automatic),70.19,3485.88,No
1208-CZXVJ,Male,0,Yes,Yes,13,Yes,No,Fiber optic,No,Yes,No,Yes,No,No,Two year,No,Mailed check,67.04,829.25,No
1209-IZTHJ,Male,1,Yes,Yes,14,Yes,No,No,No internet service,No internet service,No internet service,No internet service,No internet service,No internet service,Month-to-month,No,Mailed check,18.25,184.12,No
1210-SCXEC,Female,0,No,Yes,9,Yes,No,Fiber optic,No,No,No,No,Yes,Yes,Month-to-month,No,Electronic check,82.96,718.63,Yes
1211-ZPQOC,Female,1,No,Yes,64,Yes,Yes,Fiber optic,Yes,No,No,No,No,No,Month-to-month,Yes,Mailed check,63.89,4049.67,Yes
1212-LIULZ,Male,1,Yes,No,54,Yes,Yes,Fiber optic,No,Yes,Yes,Yes,No,Yes,One year,Yes,Mailed check,75.24,4064.7,No
1213-OBWRT,Male,0,No,No,27,Yes,No,Fiber optic,No,No,No,No,No,No,Month-to-month,Yes,Mailed check,60.88,1660.25,No
1214-LWDWP,Male,0,No,Yes,47,No,No phone service,DSL,Yes,Yes,Yes,No,No,No,Month-to-month,Yes,Credit card (automatic),52.64,2445.18,No
1215-WPAVY,Male,0,Yes,No,2,Yes,Yes,Fiber optic,Yes,Yes,No,No,Yes,No,Month-to-month,No,Credit card (automatic),84.27,209.21,Yes
1216-BCZUY,Female,0,No,No,59,Yes,No,DSL,No,No,Yes,Yes,No,No,Month-to-month,Yes,Mailed check,34.08,2096.04,No
1217-TQTVU,Male,1,No,Yes,2,No,No phone service,No,No internet service,No internet service,No internet service,No internet service,No internet service,No internet service,Two year,Yes,Electronic check,19.91,18.8,No
1218-ATFOZ,Female,1,No,No,67,Yes,No,Fiber optic,No,No,No,No,Yes,No,Month-to-month,No,Credit card (automatic),70.7,4690.17,Yes
1219-ZNTON,Male,0,No,No,38,Yes,No,Fiber optic,Yes,No,No,Yes,No,No,Month-to-month,Yes,Mailed check,80.6,3048.63,No
1220-YUXYZ,Female,0,Yes,Yes,53,Yes,No,Fiber optic,Yes,No,No,Yes,Yes,Yes,Month-to-month,No,Electronic check,89.51,4704.06,Yes
1221-EFQKP,Male,0,Yes,Yes,31,Yes,No,No,No internet service,No internet service,No internet service,No internet service,No internet service,No internet service,Month-to-month,Yes,Bank transfer (automatic),20.61,658.46,Yes
1222-LOWDR,Male,0,No,No,15,Yes,Yes,Fiber optic,No,No,Yes,No,No,Yes,Month-to-month,Yes,Bank transfer (automatic),63.84,906.4,No
1223-UCVHW,Female,0,No,No,16,Yes,No,Fiber optic,No,No,Yes,No,No,Yes,Month-to-month,Yes,Mailed check,69.09,1071.27,Yes
1224-CHRJY,Male,1,Yes,No,10,No,No phone service,No,No internet service,No internet service,No internet service,No internet service,No internet service,No internet service,Two year,Yes,Electronic check,31.56,385.67,Yes
1225-TQHWK,Female,0,Yes,No,31,Yes,No,No,No internet service,No internet service,No internet service,No internet service,No internet service,No internet service,Month-to-month,No,Electronic check,18.25,630.69,No
1226-EZMUW,Female,0,No,No,26,Yes,No,DSL,Yes,No,No,No,No,Yes,Month-to-month,Yes,Bank transfer (automatic),53.96,1462.5,No
1227-EXMFE,Female,0,Yes,No,4,Yes,Yes,Fiber optic,Yes,No,Yes,Yes,No,Yes,Month-to-month,Yes,Electronic check,81.6,285.21,No
1228-IPBAH,Male,0,Yes,No,17,Yes,Yes,No,No internet service,No internet service,No internet service,No internet service,No internet service,No internet service,Month-to-month,Yes,Credit card (automatic),31.1,563.14,No
1229-SKLLG,Male,0,Yes,No,2,Yes,No,Fiber optic,Yes,No,Yes,No,No,No,Two year,Yes,Electronic check,64.04,180.1,No
1230-ZMHVZ,Male,0,Yes,No,27,Yes,No,Fiber optic,No,No,Yes,Yes,Yes,No,One year,No,Mailed check,73.11,1920.79,No
1231-IGZUX,Female,0,Yes,Yes,65,Yes,No,DSL,Yes,Yes,No,Yes,No,No,One year,Yes,Bank transfer (automatic),54.92,3469.1,No
1232-OBWTY,Male,0,No,No,33,Yes,Yes,Fiber optic,No,No,No,Yes,No,Yes,One year,Yes,Credit card (automatic),73.49,2456.16,No
1233-LAWVH,Male,0,Yes,No,21,Yes,Yes,Fiber optic,Yes,No,No,Yes,Yes,Yes,Month-to-month,No,Credit card (automatic),86.57,1722.11,Yes
1234-EOAAY,Female,0,No,No,29,Yes,No,DSL,Yes,Yes,No,No,Yes,No,Month-to-month,No,Mailed check,66.99,1907.51,Yes
1235-JVJUO,Female,0,No,No,47,Yes,No,DSL,Yes,No,No,Yes,No,No,Two year,No,Electronic check,51.04,2314.01,No
1236-QVFCM,Female,1,No,Yes,64,Yes,Yes,DSL,Yes,Yes,No,No,Yes,Yes,Month-to-month,Yes,Electronic check,72.5,4641.49,No
1237-PHOQQ,Female,0,No,Yes,60,Yes,No,DSL,Yes,No,No,No,No,No,Month-to-month,Yes,Mailed check,53.73,3321.07,Yes
1238-VZMQF,Male,0,No,No,18,Yes,No,DSL,Yes,No,Yes,Yes,No,No,Two year,Yes,Bank transfer (automatic),45.95,863.95,No
1239-QPNMF,Female,0,Yes,No,51,Yes,Yes,No,No internet service,No internet service,No internet service,No internet service,No internet service,No internet service,One year,Yes,Credit card (automatic),21.17,1154.81,No
1240-CNNOH,Female,0,Yes,No,40,Yes,No,DSL,Yes,Yes,No,No,Yes,No,One year,Yes,Mailed check,58.99,2385.84,No
1241-OVMQU,Male,0,Yes,Yes,64,Yes,Yes,Fiber optic,No,Yes,No,No,No,No,Month-to-month,Yes,Bank transfer (automatic),53.2,3324.12,Yes
1242-XCFEV,Male,0,Yes,No,49,Yes,No,DSL,No,No,Yes,No,Yes,Yes,Month-to-month,No,Bank transfer (automatic),61.3,2999.05,No
1243-ZQWYB,Female,0,No,Yes,40,Yes,No,Fiber optic,No,No,Yes,No,No,No,One year,No,Electronic check,61.0,2454.75,Yes
1244-ZOEZT,Male,0,No,No,32,Yes,No,Fiber optic,Yes,No,No,No,Yes,No,Month-to-month,Yes,Credit card (automatic),69.19,2240.11,No
1245-FFRRD,Male,0,Yes,Yes,16,Yes,No,Fiber optic,Yes,No,Yes,Yes,No,No,Month-to-month,Yes,Mailed check,61.67,1036.03,No
1246-QYNNM,Female,0,No,No,54,Yes,Yes,No,No internet service,No internet service,No internet service,No internet service,No internet service,No internet service,Two year,Yes,Electronic check,25.14,1317.92,No
1247-GLWOS,Male,1,No,No,45,Yes,Yes,DSL,No,Yes,Yes,No,Yes,No,Month-to-month,Yes,Mailed check,48.39,2186.34,Yes
1248-KOLCQ,Female,1,Yes,No,58,Yes,Yes,Fiber optic,No,No,No,No,No,No,Month-to-month,No,Credit card (automatic),59.93,3463.07,Yes
1249-CSTDC,Male,0,No,No,70,No,No phone service,No,No internet service,No internet service,No internet service,No internet service,No internet service,No internet service,Month-to-month,Yes,Bank transfer (automatic),24.35,1746.05,No
1250-ZPLHX,Male,0,No,No,56,Yes,Yes,Fiber optic,Yes,No,Yes,Yes,No,No,Month-to-month,Yes,Electronic check,59.54,3332.13,No
1251-QGKRA,Male,0,Yes,No,19,No,No phone service,No,No internet service,No internet service,No internet service,No internet service,No internet service,No internet service,One year,No,Credit card (automatic),20.48,391.8,No
1252-CDMFZ,Male,0,No,No,40,Yes,Yes,DSL,No,Yes,No,No,Yes,Yes,Month-to-month,Yes,Electronic check,66.97,2683.54,Yes
1253-NEPOO,Female,0,No,No,70,Yes,No,No,No internet service,No internet service,No internet service,No internet service,No internet service,No internet service,Month-to-month,Yes,Bank transfer (automatic),24.39,1725.39,No
1254-DHPPD,Female,0,No,No,37,Yes,No,Fiber optic,Yes,Yes,No,No,No,No,Month-to-month,Yes,Electronic check,71.52,2646.78,No
1255-MZMBC,Male,0,No,No,26,Yes,Yes,DSL,Yes,Yes,No,Yes,Yes,Yes,Month-to-month,Yes,Bank transfer (automatic),72.35,1944.04,No
1256-VHXOK,Male,0,No,No,8,Yes,Yes,Fiber optic,No,No,No,No,Yes,No,Two year,Yes,Electronic check,67.61,457.6,Yes
1257-IGMBH,Male,0,Yes,Yes,67,Yes,No,Fiber optic,No,Yes,No,Yes,No,Yes,One year,Yes,Credit card (automatic),77.15,5213.63,No
1258-GXLSG,Female,1,No,No,37,Yes,No,DSL,No,No,Yes,No,Yes,No,Month-to-month,Yes,Bank transfer (automatic),53.98,2018.54,No
1259-JYPCJ,Male,0,No,No,24,Yes,No,Fiber optic,Yes,No,Yes,No,Yes,No,Month-to-month,No,Mailed check,68.08,1646.72,Yes
1260-FRREU,Female,1,No,No,13,Yes,Yes,DSL,Yes,No,No,No,No,Yes,One year,No,Credit card (automatic),57.31,732.86,No
1261-GBKMW,Male,1,No,No,36,Yes,No,No,No internet service,No internet service,No internet service,No internet service,No internet service,No internet service,Month-to-month,Yes,Electronic check,33.79,1306.48,No
1262-EFXZN,Female,0,No,No,49,Yes,Yes,Fiber optic,No,No,No,No,Yes,Yes,Month-to-month,Yes,Credit card (automatic),77.32,3788.53,Yes
1263-LDWFJ,Female,0,Yes,No,71,Yes,Yes,DSL,No,No,No,Yes,Yes,Yes,Month-to-month,No,Electronic check,60.84,4382.81,No
1264-ROHZI,Male,0,No,Yes,41,Yes,No,DSL,Yes,No,Yes,No,No,No,Two year,No,Bank transfer (automatic),41.21,1785.66,No
1265-EJTFP,Female,0,No,No,53,No,No phone service,No,No internet service,No internet service,No internet service,No internet service,No internet service,No internet service,Month-to-month,Yes,Electronic check,26.21,1353.82,No
1266-XCJKK,Male,0,Yes,No,34,Yes,Yes,DSL,No,No,Yes,Yes,No,No,Two year,No,Electronic check,42.52,1438.64,No
1267-QDDQI,Female,0,No,No,30,Yes,No,DSL,No,No,No,No,No,No,Month-to-month,No,Credit card (automatic),39.64,1111.34,No
1268-SEVXF,Female,0,No,No,45,Yes,Yes,Fiber optic,No,Yes,No,No,No,No,Month-to-month,Yes,Mailed check,69.04,3053.0,Yes
1269-CVATV,Male,0,Yes,No,16,Yes,No,DSL,Yes,Yes,No,No,Yes,No,One year,No,Electronic check,64.74,1066.14,No
1270-PWKMJ,Female,0,No,Yes,52,Yes,Yes,DSL,No,No,Yes,No,No,Yes,Month-to-month,Yes,Bank transfer (automatic),44.17,2291.08,Yes
1271-CILWN,Male,0,No,No,21,No,No phone service,Fiber optic,No,Yes,No,Yes,Yes,Yes,Month-to-month,No,Credit card (automatic),87.3,1804.99,Yes
1272-ARQII,Female,0,No,No,57,Yes,No,DSL,Yes,No,No,No,No,No,Month-to-month,No,Mailed check,46.79,2789.0,No
1273-WJSOE,Male,0,Yes,Yes,40,Yes,No,DSL,No,No,No,Yes,No,No,Month-to-month,Yes,Electronic check,40.06,1589.25,Yes
1274-OTWYB,Female,0,No,Yes,2,No,No phone service,Fiber optic,Yes,Yes,No,No,No,Yes,Two year,Yes,Electronic check,80.05,95.2,No
1275-MXPOY,Female,1,No,No,62,Yes,No,No,No internet service,No internet service,No internet service,No internet service,No internet service,No internet service,Month-to-month,Yes,Bank transfer (automatic),24.06,1446.09,No
1276-JNJYN,Male,0,No,Yes,65,Yes,No,No,No internet service,No internet service,No internet service,No internet service,No internet service,No internet service,Month-to-month,No,Bank transfer (automatic),18.25,1194.91,No
1277-ZWIYN,Female,0,No,Yes,45,Yes,No,Fiber optic,Yes,Yes,Yes,No,No,No,One year,Yes,Credit card (automatic),67.55,3056.7,No
1278-CTPBJ,Male,0,No,No,7,Yes,Yes,Fiber optic,No,No,Yes,No,No,No,Month-to-month,Yes,Electronic check,60.6,388.35,No
1279-CKKUU,Male,0,Yes,No,38,Yes,No,No,No internet service,No internet service,No internet service,No internet service,No internet service,No internet service,Two year,No,Electronic check,18.25,653.92,No
1280-VMGWQ,Female,0,No,No,24,Yes,Yes,Fiber optic,No,No,No,Yes,Yes,No,Month-to-month,No,Bank transfer (automatic),69.6,1634.32,No
1281-BLYJR,Male,0,Yes,No,46,Yes,No,Fiber optic,Yes,No,No,No,Yes,No,Month-to-month,No,Electronic check,73.34,3450.96,No
1282-VKPQS,Male,1,Yes,No,33,Yes,No,No,No internet service,No internet service,No internet service,No internet service,No internet service,No internet service,Month-to-month,No,Mailed check,25.29,903.82,Yes
1283-RCUZP,Male,0,Yes,No,67,Yes,No,Fiber optic,No,Yes,Yes,No,No,No,Month-to-month,No,Credit card (automatic),65.03,4355.86,No
1284-FYLKO,Male,0,No,No,56,Yes,Yes,No,No internet service,No internet service,No internet service,No internet service,No internet service,No internet service,Month-to-month,Yes,Electronic check,28.68,1622.73,No
1285-OPJLM,Male,0,Yes,No,24,Yes,Yes,No,No internet service,No internet service,No internet service,No internet service,No internet service,No internet service,Month-to-month,Yes,Bank transfer (automatic),20.03,487.73,No
1286-DGVBZ,Male,0,Yes,No,72,Yes,No,Fiber optic,No,No,No,Yes,No,No,Month-to-month,No,Credit card (automatic),65.5,4689.36,No
1287-OHGOW,Female,0,Yes,No,61,Yes,No,No,No internet service,No internet service,No internet service,No internet service,No internet service,No internet service,One year,No,Electronic check,22.83,1430.01,No
1288-NHLMK,Male,0,No,No,38,Yes,No,Fiber optic,Yes,No,No,No,Yes,No,Two year,Yes,Bank transfer (automatic),82.22,3041.12,No
1289-QQXDU,Male,0,No,No,6,Yes,No,Fiber optic,No,No,No,No,No,No,One year,No,Credit card (automatic),58.44,369.48,Yes
1290-HEZPD,Female,0,Yes,No,5,Yes,No,DSL,Yes,No,No,No,No,Yes,Month-to-month,Yes,Electronic check,56.13,335.94,Yes
1291-VOLEW,Male,0,No,No,53,Yes,No,No,No internet service,No internet service,No internet service,No internet service,No internet service,No internet service,Month-to-month,No,Electronic check,18.25,925.03,No
1292-PNJGM,Male,0,Yes,No,18,No,No phone service,DSL,Yes,No,Yes,No,Yes,No,Two year,No,Electronic check,47.87,840.13,No
1293-TECOD,Male,0,Yes,Yes,46,No,No phone service,No,No internet service,No internet service,No internet service,No internet service,No internet service,No internet service,Two year,No,Bank transfer (automatic),24.32,1000.11,No
1294-ONTSM,Female,0,Yes,No,18,Yes,No,DSL,No,No,No,Yes,No,No,Month-to-month,Yes,Mailed check,36.36,610.23,No
1295-JUEWT,Female,0,Yes,No,33,Yes,No,Fiber optic,No,No,No,Yes,Yes,Yes,One year,Yes,Mailed check,85.03,2893.41,No
1296-TYFDB,Male,0,No,No,42,Yes,No,DSL,No,No,Yes,No,No,No,Month-to-month,Yes,Electronic check,39.82,1575.97,Yes
1297-VPREV,Male,1,Yes,No,12,Yes,Yes,Fiber optic,No,No,No,No,No,No,Month-to-month,Yes,Electronic check,64.54,733.45,Yes
1298-DMSWB,Female,0,No,No,35,Yes,No,Fiber optic,No,Yes,No,Yes,No,No,Two year,Yes,Bank transfer (automatic),69.05,2489.09,No
1299-MKVDV,Male,0,No,No,24,Yes,No,No,No internet service,No internet service,No internet service,No internet service,No internet service,No internet service,Month-to-month,No,Mailed check,18.25,426.44,No
1300-TTODI,Female,0,Yes,No,55,Yes,No,Fiber optic,No,Yes,Yes,No,No,No,Month-to-month,No,Credit card (automatic),63.57,3462.47,No
1301-GSSFF,Male,0,Yes,No,20,Yes,No,Fiber optic,No,No,Yes,Yes,No,Yes,Month-to-month,No,Bank transfer (automatic),64.78,1303.0,No
1302-TOOYT,Male,0,No,No,33,Yes,No,DSL,No,Yes,No,Yes,No,No,Month-to-month,Yes,Bank transfer (automatic),29.38,938.41,Yes
1303-IDRRE,Female,0,Yes,No,24,Yes,Yes,DSL,No,No,Yes,No,Yes,Yes,Month-to-month,Yes,Credit card (automatic),56.63,1325.69,No
1304-TWKEV,Male,1,Yes,No,10,Yes,No,No,No internet service,No internet service,No internet service,No internet service,No internet service,No internet service,Two year,No,Credit card (automatic),18.25,192.89,No
1305-ZDLBM,Female,0,Yes,No,18,Yes,Yes,DSL,No,Yes,No,No,No,No,Month-to-month,No,Mailed check,44.83,783.51,Yes
1306-JIJGD,Female,0,No,No,48,Yes,No,No,No internet service,No internet service,No internet service,No internet service,No internet service,No internet service,One year,No,Electronic check,18.25,889.68,No
1307-SJCYU,Male,0,No,Yes,48,Yes,No,DSL,No,No,Yes,No,Yes,No,Month-to-month,Yes,Mailed check,52.54,2616.25,Yes
1308-SUBTJ,Male,0,Yes,No,33,Yes,No,DSL,No,No,No,Yes,No,No,Month-to-month,Yes,Electronic check,40.45,1374.64,No
1309-BBXQP,Female,0,Yes,No,1,Yes,No,No,No internet service,No internet service,No internet service,No internet service,No internet service,No internet service,Month-to-month,Yes,Electronic check,24.56,39.36,No
1310-PNGUK,Female,1,Yes,No,29,No,No phone service,No,No internet service,No internet service,No internet service,No internet service,No internet service,No internet service,Month-to-month,Yes,Mailed check,24.3,691.2,No
1311-XAKWU,Male,0,Yes,No,37,Yes,Yes,DSL,No,No,No,No,Yes,No,Month-to-month,Yes,Bank transfer (automatic),54.2,1928.32,Yes
1312-DGZOR,Male,0,No,Yes,14,Yes,No,Fiber optic,No,No,No,Yes,No,No,Month-to-month,No,Mailed check,61.54,922.6,Yes
1313-LQAKA,Male,0,No,Yes,59,Yes,No,No,No internet service,No internet service,No internet service,No internet service,No internet service,No internet service,Two year,Yes,Credit card (automatic),18.28,1061.48,No
1314-OUJGB,Male,1,Yes,No,3,Yes,No,DSL,Yes,No,No,No,Yes,No,Month-to-month,No,Bank transfer (automatic),52.54,109.43,Yes
1315-JXDLS,Female,1,Yes,Yes,13,Yes,No,DSL,Yes,Yes,No,No,Yes,Yes,Month-to-month,Yes,Credit card (automatic),66.57,791.68,No
1316-ZKHRK,Female,0,Yes,Yes,7,Yes,No,Fiber optic,Yes,No,Yes,Yes,No,Yes,Month-to-month,No,Electronic check,74.01,522.81,Yes
1317-KMCLC,Male,0,Yes,No,10,Yes,No,DSL,No,No,No,No,Yes,Yes,Month-to-month,No,Electronic check,64.4,650.04,Yes
1318-JQVBQ,Female,0,No,No,49,Yes,Yes,Fiber optic,No,No,No,No,Yes,No,One year,Yes,Electronic check,74.84,3634.63,Yes
1319-PBVTF,Male,1,Yes,Yes,37,Yes,Yes,Fiber optic,No,No,No,Yes,No,No,Month-to-month,No,Mailed check,52.36,1978.02,Yes
1320-YJJHA,Female,0,Yes,Yes,23,No,No phone service,No,No internet service,No internet service,No internet service,No internet service,No internet service,No internet service,Two year,Yes,Electronic check,20.97,496.41,No
1321-MXIVJ,Female,0,Yes,Yes,37,Yes,Yes,No,No internet service,No internet service,No internet service,No internet service,No internet service,No internet service,Month-to-month,Yes,Bank transfer (automatic),20.33,701.21,No
1322-OEVPM,Male,1,No,Yes,61,No,No phone service,Fiber optic,No,No,No,Yes,No,No,Month-to-month,Yes,Electronic check,54.74,3257.85,Yes
1323-VYTRK,Male,0,No,Yes,55,Yes,No,Fiber optic,No,No,No,Yes,No,No,Month-to-month,Yes,Bank transfer (automatic),63.8,3500.29,No
1324-IPBZY,Male,0,Yes,No,64,Yes,No,Fiber optic,Yes,No,No,No,No,Yes,Two year,Yes,Electronic check,84.63,5390.22,No
1325-BLHIL,Male,0,Yes,No,16,No,No phone service,DSL,No,No,Yes,No,No,No,Month-to-month,Yes,Electronic check,37.83,625.69,Yes
1326-ZIJYB,Female,0,Yes,No,16,Yes,No,No,No internet service,No internet service,No internet service,No internet service,No internet service,No internet service,Month-to-month,Yes,Credit card (automatic),19.82,358.82,Yes
1327-PTGBA,Female,0,No,No,26,Yes,No,DSL,No,Yes,No,No,Yes,No,One year,Yes,Electronic check,57.63,1557.1,No
1328-SDXVB,Male,0,No,No,24,Yes,No,DSL,No,No,Yes,Yes,No,Yes,Month-to-month,No,Credit card (automatic),62.4,1446.03,No
1329-YNBOL,Female,0,No,Yes,48,Yes,No,Fiber optic,Yes,Yes,No,Yes,No,Yes,Month-to-month,Yes,Electronic check,84.48,4031.8,Yes
1330-ETGXU,Female,0,Yes,Yes,57,Yes,No,Fiber optic,No,Yes,No,No,Yes,No,Two year,No,Electronic check,71.72,4055.83,Yes
1331-JNNER,Male,0,No,No,0,Yes,No,Fiber optic,No,Yes,Yes,Yes,No,Yes,Month-to-month,Yes,Credit card (automatic),71.18,18.8,Yes
1332-XNBZL,Male,1,Yes,No,12,Yes,No,DSL,No,Yes,Yes,Yes,Yes,No,Month-to-month,No,Mailed check,55.01,704.11,Yes
1333-VXFDM,Male,0,No,Yes,52,Yes,No,Fiber optic,Yes,No,Yes,No,Yes,No,Two year,Yes,Mailed check,74.62,3875.61,No
1334-DVNPD,Female,0,No,Yes,20,Yes,Yes,No,No internet service,No internet service,No internet service,No internet service,No internet service,No internet service,Month-to-month,Yes,Bank transfer (automatic),23.85,519.74,No
1335-XYAMD,Male,0,No,No,0,Yes,No,Fiber optic,No,No,Yes,No,No,Yes,Month-to-month,Yes,Mailed check,70.01,18.8,No
1336-TRFCW,Male,0,Yes,No,30,Yes,Yes,DSL,No,Yes,No,No,Yes,No,One year,Yes,Bank transfer (automatic),56.09,1717.81,No
1337-MPEDU,Female,1,Yes,No,60,Yes,No,DSL,No,Yes,No,No,No,No,Two year,Yes,Mailed check,41.23,2444.83,No
1338-HSNGN,Female,0,Yes,No,2,Yes,No,Fiber optic,No,No,No,No,Yes,Yes,One year,No,Electronic check,79.28,100.39,Yes
1339-FLPQM,Female,0,Yes,Yes,28,Yes,Yes,Fiber optic,Yes,Yes,Yes,No,Yes,Yes,Month-to-month,No,Bank transfer (automatic),92.46,2615.17,No
1340-WNGNO,Female,1,No,Yes,47,Yes,Yes,Fiber optic,No,No,Yes,No,No,Yes,Month-to-month,Yes,Electronic check,80.89,3741.23,Yes
1341-LQIVO,Male,0,Yes,No,61,Yes,Yes,No,No internet service,No internet service,No internet service,No internet service,No internet service,No internet service,Month-to-month,No,Mailed check,19.81,1169.45,No
1342-LBEMT,Female,0,No,No,24,Yes,No,DSL,Yes,No,No,Yes,No,No,Month-to-month,Yes,Mailed check,46.38,1124.84,No
1343-WHNOK,Male,1,No,Yes,33,Yes,No,Fiber optic,No,Yes,Yes,No,No,No,Two year,Yes,Mailed check,62.52,2041.24,No
1344-AUCQS,Male,0,Yes,No,17,Yes,Yes,Fiber optic,Yes,No,No,Yes,No,No,Two year,Yes,Bank transfer (automatic),61.11,1080.03,No
1345-NVWHM,Female,0,Yes,No,64,Yes,No,No,No internet service,No internet service,No internet service,No internet service,No internet service,No internet service,Month-to-month,Yes,Electronic check,22.56,1410.78,No
1346-TCEIF,Male,0,No,Yes,27,Yes,No,DSL,No,No,Yes,No,Yes,No,Month-to-month,Yes,Electronic check,52.38,1340.53,Yes
1347-YVBME,Male,1,No,No,3,No,No phone service,DSL,No,No,No,Yes,Yes,No,One year,Yes,Credit card (automatic),43.45,118.78,Yes
1348-YHWAT,Female,0,Yes,No,20,Yes,Yes,Fiber optic,Yes,No,No,No,No,No,One year,Yes,Credit card (automatic),58.19,1034.36,No
1349-LWKGO,Female,0,Yes,No,69,Yes,No,Fiber optic,No,Yes,No,No,No,No,Two year,No,Credit card (automatic),69.78,4798.86,No
1350-VXKVZ,Female,1,No,No,20,Yes,No,Fiber optic,No,Yes,Yes,Yes,No,Yes,Month-to-month,No,Bank transfer (automatic),71.16,1360.56,No
1351-PCTNC,Male,0,No,Yes,19,Yes,Yes,No,No internet service,No internet service,No internet service,No internet service,No internet service,No internet service,One year,Yes,Credit card (automatic),20.71,429.82,No
1352-AZUOA,Male,0,No,No,40,Yes,Yes,No,No internet service,No internet service,No internet service,No internet service,No internet service,No internet service,One year,Yes,Electronic check,21.46,867.45,No
1353-QBTFH,Female,0,No,No,52,Yes,Yes,DSL,No,Yes,Yes,No,Yes,No,Month-to-month,No,Electronic check,55.83,2930.97,Yes
1354-PSACC,Female,0,No,Yes,61,Yes,Yes,Fiber optic,No,No,Yes,No,No,No,Two year,No,Bank transfer (automatic),58.76,3626.4,Yes
1355-ELLTM,Female,0,Yes,No,30,Yes,No,DSL,No,No,No,No,No,No,One year,Yes,Mailed check,43.21,1331.04,Yes
1356-TIGDS,Female,1,No,Yes,24,Yes,No,No,No internet service,No internet service,No internet service,No internet service,No internet service,No internet service,Month-to-month,No,Electronic check,25.96,654.89,No
1357-VSFMK,Female,0,No,Yes,68,Yes,Yes,DSL,No,No,Yes,No,Yes,No,Month-to-month,Yes,Bank transfer (automatic),50.0,3438.69,No
1358-MMYVT,Female,0,Yes,No,71,Yes,Yes,No,No internet service,No internet service,No internet service,No internet service,No internet service,No internet service,Month-to-month,Yes,Electronic check,18.25,1342.43,No
1359-OUMVK,Female,0,No,Yes,16,Yes,Yes,Fiber optic,No,No,Yes,Yes,Yes,No,Two year,No,Bank transfer (automatic),64.34,966.72,No
1360-SHTHJ,Male,0,Yes,No,19,Yes,No,Fiber optic,No,Yes,No,No,No,Yes,Month-to-month,No,Credit card (automatic),82.08,1596.83,Yes
1361-ZPSZW,Female,0,Yes,No,44,Yes,No,Fiber optic,No,No,No,No,No,Yes,Two year,Yes,Bank transfer (automatic),66.09,2917.61,No
1362-KMITX,Female,0,No,Yes,49,Yes,Yes,Fiber optic,Yes,No,No,No,No,Yes,Two year,Yes,Mailed check,79.75,3927.36,No
1363-SPGSL,Female,0,Yes,No,50,Yes,No,DSL,No,Yes,Yes,Yes,No,No,Two year,Yes,Mailed check,38.29,1995.07,No
1364-OWNKZ,Female,1,Yes,No,71,Yes,No,Fiber optic,No,Yes,No,Yes,No,Yes,One year,No,Electronic check,68.72,4900.74,No
1365-JKFBK,Male,0,No,No,32,Yes,No,Fiber optic,No,No,No,No,Yes,No,Month-to-month,No,Bank transfer (automatic),72.17,2298.91,Yes
1366-SFNTF,Female,0,Yes,No,28,Yes,Yes,No,No internet service,No internet service,No internet service,No internet service,No internet service,No internet service,Month-to-month,Yes,Credit card (automatic),18.25,423.5,No
1367-QJACH,Male,0,No,No,21,No,No phone service,Fiber optic,Yes,Yes,Yes,Yes,No,No,One year,Yes,Mailed check,76.61,1594.87,No
1368-HTVOX,Male,0,Yes,Yes,66,Yes,No,Fiber optic,No,No,No,Yes,No,Yes,Two year,Yes,Credit card (automatic),69.88,4637.77,Yes
1369-GKGDY,Male,1,Yes,Yes,2,No,No phone service,No,No internet service,No internet service,No internet service,No internet service,No internet service,No internet service,One year,Yes,Electronic check,18.25,18.8,Yes
1370-LZFNL,Female,0,Yes,No,5,Yes,Yes,No,No internet service,No internet service,No internet service,No internet service,No internet service,No internet service,Month-to-month,Yes,Electronic check,18.25,149.15,Yes
1371-KSUEN,Female,0,No,Yes,39,Yes,No,DSL,Yes,No,No,No,No,Yes,Month-to-month,Yes,Electronic check,64.32,2593.1,Yes
1372-UXPYM,Male,0,No,No,68,Yes,No,Fiber optic,No,Yes,No,No,No,No,One year,No,Mailed check,64.04,4363.26,No
1373-YVVYT,Male,0,No,No,4,Yes,Yes,DSL,Yes,Yes,Yes,No,No,No,Month-to-month,Yes,Electronic check,49.55,188.58,No
1374-VDKQG,Female,0,No,Yes,2,Yes,No,Fiber optic,No,Yes,No,No,Yes,Yes,Month-to-month,Yes,Credit card (automatic),83.91,152.19,Yes
1375-NZKVI,Male,0,Yes,Yes,3,Yes,No,No,No internet service,No internet service,No internet service,No internet service,No internet service,No internet service,Month-to-month,Yes,Bank transfer (automatic),21.07,151.81,No
1376-WMWRK,Male,0,No,Yes,62,Yes,Yes,No,No internet service,No internet service,No internet service,No internet service,No internet service,No internet service,Two year,Yes,Bank transfer (automatic),21.14,1370.82,No
1377-OYZYV,Female,0,Yes,No,4,Yes,Yes,No,No internet service,No internet service,No internet service,No internet service,No internet service,No internet service,One year,No,Electronic check,20.16,18.8,No
1378-SADNN,Female,0,Yes,No,60,No,No phone service,Fiber optic,No,Yes,Yes,Yes,No,Yes,Month-to-month,Yes,Electronic check,66.32,3977.66,No
1379-CQCPN,Male,0,No,Yes,56,Yes,Yes,DSL,No,No,No,Yes,No,No,Month-to-month,Yes,Bank transfer (automatic),43.68,2535.95,Yes
1380-TMONX,Male,0,Yes,Yes,41,Yes,Yes,DSL,No,No,No,No,No,No,Two year,Yes,Electronic check,38.72,1630.46,No
1381-YSFJO,Female,0,No,No,55,Yes,No,Fiber optic,Yes,Yes,No,Yes,No,No,Month-to-month,No,Bank transfer (automatic),75.29,4093.0,No
1382-UVTZF,Female,0,Yes,Yes,71,Yes,Yes,DSL,Yes,No,No,No,Yes,No,One year,Yes,Credit card (automatic),63.21,4475.73,No
1383-WYJGV,Female,0,No,No,27,No,No phone service,DSL,No,Yes,No,No,No,No,One year,No,Credit card (automatic),44.93,1198.33,No
1384-QRQIJ,Male,0,Yes,No,54,Yes,Yes,Fiber optic,No,Yes,No,No,Yes,Yes,Month-to-month,Yes,Electronic check,85.89,4583.96,No
1385-JYGPR,Female,0,No,No,37,Yes,Yes,DSL,No,No,Yes,No,No,No,Two year,Yes,Credit card (automatic),38.39,1530.58,No
1386-FTAAL,Male,0,Yes,No,22,Yes,Yes,DSL,No,Yes,No,No,No,No,One year,Yes,Electronic check,38.42,906.73,No
1387-UBDQD,Male,1,No,No,6,Yes,Yes,No,No internet service,No internet service,No internet service,No internet service,No internet service,No internet service,One year,Yes,Mailed check,27.2,184.74,No
1388-KVZDA,Female,1,No,No,37,Yes,No,DSL,No,No,Yes,No,No,No,Month-to-month,No,Mailed check,38.04,1426.19,No
1389-GRICH,Female,0,No,Yes,56,Yes,Yes,No,No internet service,No internet service,No internet service,No internet service,No internet service,No internet service,Two year,Yes,Mailed check,21.07,1247.39,No
1390-XSDRT,Female,0,No,No,36,Yes,Yes,No,No internet service,No internet service,No internet service,No internet service,No internet service,No internet service,One year,No,Bank transfer (automatic),18.25,637.21,No
1391-KNYRP,Female,0,No,No,5,Yes,No,Fiber optic,No,Yes,No,Yes,Yes,No,Two year,No,Credit card (automatic),69.5,389.28,No
1392-CODEQ,Male,0,No,Yes,9,Yes,Yes,No,No internet service,No internet service,No internet service,No internet service,No internet service,No internet service,Month-to-month,No,Bank transfer (automatic),18.25,273.06,Yes
1393-GPNZP,Male,0,No,Yes,26,Yes,No,DSL,No,Yes,No,No,Yes,No,One year,No,Electronic check,55.73,1468.26,Yes
1394-GIDVK,Male,0,Yes,Yes,56,Yes,Yes,No,No internet service,No internet service,No internet service,No internet service,No internet service,No internet service,One year,Yes,Credit card (automatic),18.25,1062.44,No
1395-BLLDR,Male,0,No,Yes,15,Yes,No,No,No internet service,No internet service,No internet service,No internet service,No internet service,No internet service,One year,Yes,Bank transfer (automatic),18.25,268.46,No
1396-ZUGAZ,Female,1,No,No,58,Yes,No,No,No internet service,No internet service,No internet service,No internet service,No internet service,No internet service,One year,Yes,Electronic check,20.7,1176.33,No
1397-ZWZMF,Male,1,No,Yes,27,Yes,Yes,DSL,No,Yes,No,No,No,No,Month-to-month,No,Bank transfer (automatic),37.32,956.87,Yes
1398-FLHXV,Female,0,Yes,No,2,Yes,Yes,No,No internet service,No internet service,No internet service,No internet service,No internet service,No internet service,One year,No,Electronic check,18.25,45.54,No
1399-SEREY,Female,0,No,No,56,Yes,No,No,No internet service,No internet service,No internet service,No internet service,No internet service,No internet service,Month-to-month,Yes,Bank transfer (automatic),21.16,1112.47,Yes
1400-JAJEL,Male,0,Yes,No,64,Yes,Yes,No,No internet service,No internet service,No internet service,No internet service,No internet service,No internet service,Month-to-month,Yes,Credit card (automatic),20.65,1286.1,No
1401-VGIVU,Male,0,No,No,66,Yes,No,DSL,No,No,No,Yes,Yes,Yes,Month-to-month,Yes,Bank transfer (automatic),49.07,3213.52,No
1402-LWAKU,Male,0,Yes,No,29,No,No phone service,DSL,No,Yes,No,Yes,Yes,No,Month-to-month,No,Electronic check,57.13,1686.5,Yes
1403-OBTGU,Male,0,No,Yes,18,Yes,Yes,Fiber optic,Yes,Yes,No,No,No,No,Month-to-month,Yes,Credit card (automatic),64.32,1119.65,Yes
1404-LVRCG,Male,0,No,Yes,7,Yes,Yes,Fiber optic,No,Yes,Yes,No,Yes,No,Month-to-month,No,Credit card (automatic),75.94,531.12,Yes
1405-KRLFE,Female,0,Yes,Yes,61,Yes,Yes,DSL,No,No,No,Yes,Yes,No,Month-to-month,Yes,Electronic check,51.02,3045.04,Yes
1406-ZALZK,Female,0,No,No,18,Yes,Yes,No,No internet service,No internet service,No internet service,No internet service,No internet service,No internet service,Month-to-month,Yes,Electronic check,26.86,488.56,Yes
1407-DRDQB,Male,1,Yes,Yes,35,Yes,No,Fiber optic,No,No,No,No,Yes,No,Month-to-month,Yes,Credit card (automatic),69.99,2497.41,Yes
1408-XVBLF,Male,0,No,No,68,Yes,Yes,Fiber optic,Yes,No,No,No,No,Yes,One year,Yes,Electronic check,72.7,4927.18,No
1409-JYWYU,Male,0,No,No,59,Yes,Yes,Fiber optic,No,No,No,Yes,No,Yes,One year,No,Bank transfer (automatic),64.89,3762.1,No
1410-WPNGS,Male,0,Yes,Yes,33,Yes,Yes,Fiber optic,No,No,No,No,No,Yes,Two year,No,Credit card (automatic),71.78,2380.31,Yes
1411-WQIZM,Male,0,No,No,54,Yes,No,DSL,No,No,Yes,Yes,No,No,Two year,Yes,Electronic check,32.65,1857.09,No
1412-VEWEJ,Male,1,No,No,26,Yes,Yes,DSL,No,No,Yes,No,Yes,Yes,Two year,Yes,Credit card (automatic),56.19,1445.95,No
1413-UJGZO,Female,0,Yes,No,38,Yes,Yes,Fiber optic,No,No,No,No,No,No,Two year,Yes,Mailed check,45.07,1722.54,No
1414-GOCSJ,Female,0,No,No,41,Yes,Yes,Fiber optic,No,Yes,Yes,No,Yes,Yes,Two year,Yes,Electronic check,77.49,3128.94,No
1415-OCFLO,Male,0,No,Yes,41,Yes,Yes,Fiber optic,Yes,No,Yes,No,No,No,Month-to-month,No,Electronic check,69.66,2833.45,No
1416-FMSCH,Male,1,Yes,Yes,47,No,No phone service,DSL,No,No,Yes,No,Yes,No,Month-to-month,No,Bank transfer (automatic),45.64,2116.98,No
1417-HWZTO,Female,0,Yes,Yes,30,Yes,No,DSL,No,Yes,No,No,No,Yes,One year,Yes,Bank transfer (automatic),53.32,1626.79,No
1418-DSUCM,Male,0,No,Yes,21,Yes,Yes,Fiber optic,Yes,No,No,No,No,No,Two year,No,Bank transfer (automatic),60.29,1229.36,No
1419-HWPMC,Male,0,Yes,No,40,Yes,No,Fiber optic,No,No,Yes,No,Yes,Yes,Month-to-month,Yes,Bank transfer (automatic),85.14,3385.53,No
1420-PINMU,Male,0,Yes,No,23,Yes,Yes,Fiber optic,No,No,No,Yes,No,Yes,Two year,Yes,Bank transfer (automatic),68.05,1577.11,No
1421-YGOGF,Female,0,Yes,Yes,39,Yes,No,Fiber optic,Yes,No,No,Yes,No,No,Month-to-month,Yes,Mailed check,65.15,2439.62,No
1422-BIVXQ,Male,0,No,Yes,31,No,No phone service,Fiber optic,No,No,No,No,Yes,Yes,Month-to-month,Yes,Electronic check,76.03,2393.69,No
1423-ELAJK,Female,0,No,No,50,Yes,No,DSL,Yes,No,No,No,No,No,One year,No,Bank transfer (automatic),54.96,2683.2,No
1424-PNHXQ,Male,0,Yes,Yes,32,Yes,Yes,DSL,No,Yes,No,No,Yes,Yes,One year,Yes,Credit card (automatic),58.19,1802.06,No
1425-YRLYQ,Male,0,No,No,27,Yes,No,Fiber optic,No,No,No,No,Yes,No,Two year,No,Electronic check,67.28,1759.02,No
1426-ZNPNI,Female,1,No,Yes,62,Yes,No,Fiber optic,No,Yes,No,No,No,No,One year,Yes,Credit card (automatic),72.04,4537.34,No
1427-DYWKF,Male,0,No,No,21,Yes,Yes,DSL,No,Yes,Yes,No,Yes,No,Month-to-month,No,Credit card (automatic),54.17,1203.32,Yes
1428-OEKYR,Female,0,No,No,17,Yes,Yes,DSL,No,No,No,No,No,No,Two year,No,Electronic check,42.19,677.84,No
1429-MKNRY,Female,0,No,No,1,Yes,Yes,DSL,Yes,Yes,No,No,No,No,Two year,No,Mailed check,53.13,134.85,Yes
1430-SXOIH,Male,0,Yes,Yes,25,No,No phone service,No,No internet service,No internet service,No internet service,No internet service,No internet service,No internet service,Two year,No,Mailed check,22.66,646.76,No
1431-TADNY,Female,0,Yes,No,38,Yes,Yes,Fiber optic,Yes,No,Yes,No,Yes,No,One year,Yes,Credit card (automatic),80.49,3064.93,No
1432-BPCZH,Female,0,Yes,No,16,Yes,Yes,Fiber optic,No,Yes,No,No,No,Yes,Two year,Yes,Electronic check,78.91,1367.61,No
1433-FPXPG,Male,1,No,No,15,No,No phone service,No,No internet service,No internet service,No internet service,No internet service,No internet service,No internet service,Month-to-month,No,Electronic check,18.25,338.83,No
1434-MMEYT,Male,0,No,No,26,Yes,No,DSL,No,No,No,No,No,Yes,One year,No,Bank transfer (automatic),53.64,1388.67,No
1435-VRORB,Male,0,Yes,No,48,Yes,Yes,Fiber optic,No,Yes,No,Yes,Yes,No,Month-to-month,Yes,Electronic check,73.1,3538.05,No
1436-JWMRO,Female,0,Yes,No,2,Yes,Yes,Fiber optic,No,No,No,No,No,No,Month-to-month,Yes,Credit card (automatic),62.49,92.19,Yes
1437-LOMRO,Male,0,No,Yes,41,Yes,Yes,No,No internet service,No internet service,No internet service,No internet service,No internet service,No internet service,Two year,Yes,Credit card (automatic),18.25,732.28,No
1438-YWKSC,Male,0,Yes,No,62,Yes,Yes,No,No internet service,No internet service,No internet service,No internet service,No internet service,No internet service,One year,Yes,Electronic check,23.83,1470.84,No
1439-GUZNN,Male,0,Yes,No,28,Yes,No,Fiber optic,No,No,No,Yes,No,Yes,Two year,Yes,Mailed check,67.82,1854.51,No
1440-VMLXI,Male,0,Yes,Yes,1,Yes,Yes,Fiber optic,No,Yes,No,No,No,No,Two year,No,Mailed check,62.65,72.5,Yes
1441-ASKWV,Female,1,No,No,13,Yes,No,No,No internet service,No internet service,No internet service,No internet service,No internet service,No internet service,Month-to-month,No,Bank transfer (automatic),24.26,217.0,No
1442-WXVSR,Male,0,Yes,No,11,Yes,Yes,No,No internet service,No internet service,No internet service,No internet service,No internet service,No internet service,Two year,Yes,Mailed check,18.25,208.4,No
1443-LWAST,Male,0,No,No,23,Yes,Yes,No,No internet service,No internet service,No internet service,No internet service,No internet service,No internet service,Month-to-month,No,Electronic check,20.03,442.03,Yes
1444-QEZCB,Male,1,Yes,No,27,Yes,No,DSL,No,No,No,No,No,No,Month-to-month,No,Electronic check,40.68,1135.68,Yes
1445-CHPFM,Male,0,No,Yes,17,Yes,No,Fiber optic,Yes,No,No,No,Yes,Yes,Month-to-month,No,Credit card (automatic),86.26,1444.4,Yes
1446-WVVPP,Male,1,Yes,Yes,5,Yes,Yes,No,No internet service,No internet service,No internet service,No internet service,No internet service,No internet service,Two year,No,Bank transfer (automatic),18.39,106.03,Yes
1447-CMNHL,Female,0,Yes,Yes,29,Yes,No,DSL,No,No,Yes,No,Yes,Yes,Two year,No,Electronic check,58.34,1676.83,No
1448-WWVUZ,Male,0,Yes,No,33,Yes,Yes,Fiber optic,Yes,Yes,No,No,Yes,No,One year,No,Electronic check,77.51,2504.45,No
1449-HUYIA,Male,0,Yes,No,57,No,No phone service,DSL,Yes,No,No,No,No,No,Two year,Yes,Credit card (automatic),49.37,2822.03,No
1450-FWSWK,Female,0,No,No,27,Yes,Yes,Fiber optic,No,No,Yes,No,Yes,Yes,One year,Yes,Mailed check,80.75,2182.16,No
1451-KWMKR,Male,0,Yes,No,71,Yes,No,No,No internet service,No internet service,No internet service,No internet service,No internet service,No internet service,Two year,Yes,Mailed check,24.82,1810.08,No
1452-WOAUY,Female,0,No,Yes,52,Yes,Yes,Fiber optic,No,No,Yes,No,Yes,No,Month-to-month,Yes,Credit card (automatic),73.77,3909.22,No
1453-GWMLR,Female,0,Yes,No,15,Yes,No,Fiber optic,Yes,Yes,Yes,Yes,No,No,Two year,No,Credit card (automatic),73.35,1212.5,No
1454-XSOHS,Female,1,Yes,No,25,Yes,No,Fiber optic,Yes,No,No,No,No,No,Month-to-month,Yes,Mailed check,62.52,1580.61,Yes
1455-JGRPT,Female,0,No,No,64,No,No phone service,Fiber optic,Yes,No,Yes,No,Yes,Yes,Month-to-month,Yes,Credit card (automatic),85.41,5486.5,No
1456-FIUMY,Male,0,Yes,No,56,Yes,No,Fiber optic,No,No,No,Yes,Yes,No,Month-to-month,No,Mailed check,60.33,3391.2,No
1457-UZHPM,Male,0,Yes,No,30,Yes,Yes,Fiber optic,Yes,No,No,No,No,No,Month-to-month,Yes,Mailed check,57.44,1681.58,Yes
1458-MQWTE,Female,1,Yes,No,26,Yes,No,No,No internet service,No internet service,No internet service,No internet service,No internet service,No internet service,Month-to-month,No,Electronic check,18.25,456.13,No
1459-VUQIB,Female,0,No,No,48,Yes,No,DSL,No,No,Yes,Yes,No,Yes,Month-to-month,No,Credit card (automatic),48.37,2344.71,Yes
1460-YZRIF,Female,1,No,No,8,Yes,No,Fiber optic,Yes,Yes,No,Yes,Yes,No,Two year,No,Credit card (automatic),86.43,752.05,No
1461-KYFFM,Female,0,Yes,No,25,Yes,Yes,DSL,No,No,No,Yes,No,No,Month-to-month,No,Bank transfer (automatic),43.19,1139.23,No
1462-KNBHC,Female,0,No,No,5,Yes,No,Fiber optic,Yes,No,No,No,No,Yes,Two year,No,Credit card (automatic),71.48,346.28,Yes
1463-WUCAX,Male,0,No,Yes,6,Yes,No,No,No internet service,No internet service,No internet service,No internet service,No internet service,No internet service,Two year,Yes,Electronic check,26.81,121.67,No
1464-SRQTX,Female,0,No,No,12,Yes,Yes,DSL,Yes,Yes,No,No,No,No,One year,No,Credit card (automatic),48.82,658.64,No
1465-MCADY,Male,0,Yes,Yes,48,Yes,Yes,Fiber optic,No,No,No,No,No,Yes,Two year,Yes,Credit card (automatic),77.38,3683.87,No
1466-MQKBY,Female,0,No,Yes,9,Yes,No,No,No internet service,No internet service,No internet service,No internet service,No internet service,No internet service,Month-to-month,No,Electronic check,18.25,102.37,Yes
1467-PBSWS,Female,0,Yes,Yes,42,Yes,No,Fiber optic,Yes,Yes,Yes,Yes,Yes,No,Two year,No,Electronic check,80.17,3378.14,No
1468-YPVSI,Male,1,Yes,No,48,Yes,No,Fiber optic,No,No,No,Yes,No,No,Month-to-month,Yes,Electronic check,54.93,2621.67,Yes
1469-AJSAB,Female,0,Yes,Yes,17,Yes,Yes,DSL,Yes,Yes,No,No,No,No,Month-to-month,Yes,Electronic check,49.37,834.19,No
1470-PLHWR,Male,1,No,No,10,Yes,Yes,DSL,Yes,Yes,No,No,Yes,Yes,Month-to-month,Yes,Credit card (automatic),60.92,597.92,No
1471-BYMFU,Male,0,No,No,9,Yes,No,Fiber optic,Yes,Yes,No,Yes,Yes,No,One year,Yes,Mailed check,76.55,685.14,No
1472-ZFIPK,Female,1,No,Yes,27,Yes,Yes,No,No internet service,No internet service,No internet service,No internet service,No internet service,No internet service,Month-to-month,Yes,Bank transfer (automatic),24.61,661.24,No
1473-GJJYT,Female,0,No,No,52,Yes,Yes,Fiber optic,No,No,Yes,No,Yes,No,Month-to-month,No,Mailed check,72.71,3809.0,Yes
1474-RXTIO,Male,0,No,Yes,53,Yes,No,No,No internet service,No internet service,No internet service,No internet service,No internet service,No internet service,Month-to-month,Yes,Bank transfer (automatic),22.62,1205.28,No
1475-DHIMI,Male,0,No,Yes,24,Yes,Yes,Fiber optic,No,No,No,No,Yes,No,Month-to-month,No,Electronic check,69.42,1664.27,Yes
1476-ZDQPO,Female,0,Yes,No,5,Yes,Yes,No,No internet service,No internet service,No internet service,No internet service,No internet service,No internet service,Two year,Yes,Credit card (automatic),18.25,113.05,No
1477-CYTEW,Male,0,Yes,No,10,Yes,Yes,No,No internet service,No internet service,No internet service,No internet service,No internet service,No internet service,Month-to-month,No,Bank transfer (automatic),18.71,227.12,Yes
1478-ETORO,Female,0,Yes,Yes,32,Yes,No,DSL,No,Yes,No,No,Yes,Yes,Month-to-month,Yes,Mailed check,67.14,2083.87,No
1479-BMDJM,Female,0,Yes,No,68,No,No phone service,Fiber optic,No,No,No,No,No,Yes,Month-to-month,No,Electronic check,72.83,4917.63,Yes
1480-JIHCP,Female,0,No,Yes,45,Yes,No,DSL,No,No,Yes,No,Yes,No,Month-to-month,No,Electronic check,42.1,1814.94,Yes
1481-NIUKC,Male,0,No,No,54,Yes,No,Fiber optic,No,No,Yes,Yes,No,No,Month-to-month,Yes,Bank transfer (automatic),60.56,3267.94,No
1482-EJMDX,Female,0,No,Yes,69,No,No phone service,Fiber optic,Yes,Yes,No,No,Yes,No,One year,Yes,Mailed check,81.86,5621.62,No
1483-MLEJX,Male,0,Yes,No,50,Yes,No,Fiber optic,No,Yes,Yes,No,No,No,Month-to-month,No,Mailed check,61.59,3031.51,No
1484-ITGBV,Male,0,No,No,24,Yes,No,Fiber optic,Yes,No,Yes,No,No,No,One year,No,Credit card (automatic),67.74,1625.48,No
1485-XWGHG,Female,0,Yes,No,22,No,No phone service,DSL,Yes,No,No,Yes,No,No,Month-to-month,Yes,Electronic check,39.47,817.91,Yes
1486-UWNZS,Male,0,No,No,49,Yes,No,DSL,No,No,Yes,No,No,Yes,Month-to-month,No,Mailed check,51.59,2552.82,No
1487-EWYRT,Male,0,Yes,No,45,Yes,No,DSL,Yes,No,No,No,No,No,Month-to-month,Yes,Electronic check,31.49,1412.74,No
1488-LWQMB,Male,0,No,No,43,Yes,No,DSL,No,Yes,Yes,No,Yes,No,One year,Yes,Electronic check,52.33,2235.93,No
1489-YMZGJ,Male,0,No,No,12,Yes,Yes,Fiber optic,No,No,No,No,Yes,Yes,One year,Yes,Credit card (automatic),76.52,924.95,Yes
1490-WFCZC,Male,0,No,Yes,70,Yes,Yes,Fiber optic,No,No,No,Yes,Yes,No,Month-to-month,Yes,Bank transfer (automatic),76.67,5392.79,No
1491-RKVTE,Female,0,Yes,No,47,No,No phone service,DSL,Yes,No,No,Yes,Yes,Yes,Month-to-month,No,Bank transfer (automatic),63.31,2971.1,No
1492-SVSOP,Female,0,Yes,Yes,16,Yes,No,No,No internet service,No internet service,No internet service,No internet service,No internet service,No internet service,Month-to-month,Yes,Electronic check,18.25,276.02,No
1493-XIDOY,Male,0,Yes,No,72,Yes,No,Fiber optic,Yes,Yes,Yes,No,Yes,Yes,One year,Yes,Credit card (automatic),95.03,6832.3,No
1494-LWCWN,Female,0,Yes,No,13,No,No phone service,Fiber optic,No,Yes,No,No,Yes,No,Month-to-month,Yes,Electronic check,75.26,1016.62,Yes
1495-QSFDG,Female,0,No,No,29,Yes,No,No,No internet service,No internet service,No internet service,No internet service,No internet service,No internet service,Two year,Yes,Electronic check,21.42,543.12,No
1496-SQYPO,Female,1,No,Yes,29,No,No phone service,No,No internet service,No internet service,No internet service,No internet service,No internet service,No internet service,Month-to-month,Yes,Electronic check,18.25,526.54,Yes
1497-VHSHR,Male,0,Yes,No,32,Yes,No,DSL,No,No,Yes,Yes,Yes,No,Month-to-month,No,Electronic check,57.04,1891.17,No
1498-PTSJQ,Male,0,No,Yes,53,No,No phone service,Fiber optic,No,No,Yes,No,No,Yes,Month-to-month,Yes,Bank transfer (automatic),68.3,3662.33,No
1499-MMGJB,Female,0,No,Yes,56,No,No phone service,No,No internet service,No internet service,No internet service,No internet service,No internet service,No internet service,Two year,No,Electronic check,18.47,1048.23,No
1500-DYFXR,Female,0,Yes,Yes,30,Yes,No,DSL,No,No,No,Yes,Yes,No,Two year,Yes,Bank transfer (automatic),51.97,1587.1,No
1501-WFYWQ,Female,0,No,Yes,22,Yes,No,DSL,No,No,Yes,No,Yes,No,Two year,Yes,Bank transfer (automatic),52.46,1267.14,No
1502-NXKZS,Male,0,No,No,51,Yes,No,Fiber optic,No,No,No,No,Yes,No,Two year,Yes,Mailed check,81.81,4180.75,No
1503-BCKFN,Male,0,No,No,53,Yes,No,Fiber optic,No,Yes,No,No,Yes,No,Month-to-month,No,Bank transfer (automatic),80.51,4244.75,No
1504-SZPUV,Female,1,No,Yes,46,Yes,Yes,DSL,No,No,No,No,No,No,One year,Yes,Mailed check,41.21,1958.66,No
1505-XGHST,Male,1,Yes,No,48,Yes,Yes,DSL,No,Yes,Yes,Yes,No,Yes,Month-to-month,Yes,Bank transfer (automatic),49.76,2397.31,No
1506-PVGIM,Male,0,Yes,No,55,Yes,Yes,Fiber optic,No,Yes,No,No,Yes,No,Month-to-month,Yes,Credit card (automatic),69.68,3742.16,No
1507-AHXVD,Male,0,No,No,7,Yes,Yes,No,No internet service,No internet service,No internet service,No internet service,No internet service,No internet service,Month-to-month,Yes,Mailed check,20.25,152.31,No
1508-CCVMH,Female,0,Yes,No,21,No,No phone service,Fiber optic,Yes,No,No,No,No,No,Month-to-month,Yes,Bank transfer (automatic),74.13,1583.95,No
1509-GAPFG,Male,0,Yes,Yes,61,Yes,No,No,No internet service,No internet service,No internet service,No internet service,No internet service,No internet service,Two year,Yes,Credit card (automatic),26.82,1589.09,No
1510-LWIKJ,Male,0,No,No,53,Yes,Yes,DSL,No,No,Yes,No,No,Yes,One year,No,Electronic check,52.51,2884.31,No
1511-UARDE,Female,0,No,No,34,Yes,Yes,DSL,No,Yes,Yes,Yes,No,Yes,Month-to-month,Yes,Electronic check,47.62,1587.89,No
1512-IQCPE,Female,1,No,No,14,Yes,No,Fiber optic,Yes,No,No,No,No,Yes,One year,No,Electronic check,69.85,952.33,No
1513-PCTOC,Female,1,Yes,No,4,No,No phone service,DSL,No,No,No,No,No,No,One year,Yes,Bank transfer (automatic),38.12,200.1,Yes
1514-TNPQX,Male,0,Yes,No,16,Yes,Yes,DSL,Yes,No,No,No,No,No,Month-to-month,Yes,Electronic check,44.66,746.09,Yes
1515-TWRRV,Male,0,No,No,2,Yes,Yes,DSL,Yes,No,No,No,No,Yes,Month-to-month,Yes,Electronic check,52.94,115.36,Yes
1516-NROOF,Male,0,No,No,18,Yes,No,DSL,No,Yes,Yes,No,Yes,No,Month-to-month,Yes,Mailed check,60.89,1118.57,Yes
1517-ORDWH,Male,0,No,Yes,36,Yes,No,Fiber optic,No,No,No,Yes,No,No,Month-to-month,No,Electronic check,66.92,2390.88,Yes
1518-OCOMI,Male,0,No,No,20,Yes,No,No,No internet service,No internet service,No internet service,No internet service,No internet service,No internet service,Two year,No,Electronic check,18.25,340.79,No
1519-BXHTQ,Male,0,No,No,50,Yes,No,DSL,Yes,Yes,Yes,No,No,No,Two year,Yes,Electronic check,47.75,2332.27,No
1520-MABOL,Female,0,No,No,53,Yes,No,Fiber optic,No,Yes,No,No,No,Yes,Month-to-month,Yes,Mailed check,73.1,3971.23,No
1521-NYBRV,Male,0,Yes,Yes,10,Yes,No,No,No internet service,No internet service,No internet service,No internet service,No internet service,No internet service,Month-to-month,No,Credit card (automatic),18.25,114.93,No
1522-GWYFN,Male,0,No,Yes,64,No,No phone service,DSL,Yes,Yes,No,No,No,No,Month-to-month,Yes,Credit card (automatic),51.95,3322.45,No
1523-HVBQE,Female,1,No,Yes,29,Yes,Yes,No,No internet service,No internet service,No internet service,No internet service,No internet service,No internet service,One year,Yes,Electronic check,18.5,470.6,No
1524-NYXTU,Female,0,Yes,Yes,42,Yes,Yes,No,No internet service,No internet service,No internet service,No internet service,No internet service,No internet service,Month-to-month,No,Bank transfer (automatic),25.35,1056.38,No
1525-UVCEP,Male,0,No,Yes,35,Yes,Yes,DSL,No,No,No,No,No,No,Two year,Yes,Credit card (automatic),38.88,1383.5,No
1526-RZQKQ,Male,0,Yes,Yes,56,No,No phone service,No,No internet service,No internet service,No internet service,No internet service,No internet service,No internet service,Two year,No,Mailed check,18.25,1023.64,No
1527-PZWBD,Female,0,No,Yes,25,No,No phone service,No,No internet service,No internet service,No internet service,No internet service,No internet service,No internet service,Month-to-month,Yes,Bank transfer (automatic),20.03,594.91,No
1528-UGBFQ,Male,1,Yes,No,59,Yes,Yes,DSL,No,No,No,Yes,No,Yes,Two year,Yes,Mailed check,49.12,2919.63,No
1529-GYEET,Female,0,No,No,21,No,No phone service,No,No internet service,No internet service,No internet service,No internet service,No internet service,No internet service,Month-to-month,Yes,Bank transfer (automatic),20.15,424.43,No
1530-PSIEH,Female,1,No,No,23,No,No phone service,Fiber optic,No,No,No,No,No,No,Month-to-month,Yes,Mailed check,58.77,1384.63,No
1531-IEJYB,Male,0,Yes,Yes,11,Yes,No,No,No internet service,No internet service,No internet service,No internet service,No internet service,No internet service,One year,Yes,Electronic check,18.25,176.08,No
1532-IKDVV,Female,0,No,Yes,59,Yes,Yes,Fiber optic,No,No,No,No,No,Yes,Month-to-month,Yes,Electronic check,66.77,3931.05,Yes
1533-VBWFN,Male,0,Yes,No,20,Yes,No,Fiber optic,Yes,No,No,No,Yes,No,One year,No,Electronic check,79.36,1523.21,No
1534-ARGAA,Female,0,No,Yes,35,Yes,No,Fiber optic,Yes,Yes,No,No,No,No,Month-to-month,No,Credit card (automatic),67.35,2404.57,Yes
1535-AXDDR,Female,0,No,No,6,Yes,Yes,Fiber optic,Yes,No,No,No,No,No,Month-to-month,Yes,Credit card (automatic),55.77,355.49,No
1536-KAJIW,Female,1,No,No,60,Yes,No,Fiber optic,No,Yes,No,Yes,No,No,Two year,No,Credit card (automatic),65.48,3968.95,No
1537-DFPBW,Male,0,No,No,52,No,No phone service,No,No internet service,No internet service,No internet service,No internet service,No internet service,No internet service,Two year,Yes,Electronic check,24.5,1345.28,No
1538-RJXXQ,Male,0,No,No,27,Yes,No,Fiber optic,No,Yes,Yes,No,No,Yes,Two year,Yes,Credit card (automatic),83.23,2249.26,No
1539-MXRVM,Male,0,Yes,No,23,Yes,Yes,No,No internet service,No internet service,No internet service,No internet service,No internet service,No internet service,Month-to-month,No,Electronic check,23.56,525.34,Yes
1540-QEKGJ,Male,0,Yes,No,52,Yes,Yes,Fiber optic,No,No,Yes,No,No,No,One year,No,Credit card (automatic),65.17,3405.14,No
1541-QORWV,Male,0,No,Yes,12,Yes,Yes,No,No internet service,No internet service,No internet service,No internet service,No internet service,No internet service,Two year,Yes,Electronic check,24.05,284.01,No
1542-SZBZD,Male,1,No,No,71,Yes,No,DSL,No,No,No,No,Yes,No,Two year,No,Bank transfer (automatic),50.75,3568.43,No
1543-CGXRJ,Female,0,No,No,0,Yes,Yes,DSL,Yes,No,No,Yes,Yes,No,Month-to-month,No,Bank transfer (automatic),49.31,18.8,Yes
1544-GHFVZ,Female,1,Yes,No,40,Yes,No,Fiber optic,Yes,No,No,No,No,Yes,Month-to-month,No,Electronic check,74.49,3001.53,Yes
1545-ADNQT,Male,0,Yes,No,58,Yes,No,Fiber optic,Yes,No,Yes,No,Yes,Yes,Month-to-month,Yes,Electronic check,88.44,5088.67,Yes
1546-RKUZN,Male,0,No,No,12,Yes,No,No,No internet service,No internet service,No internet service,No internet service,No internet service,No internet service,Two year,No,Bank transfer (automatic),20.28,156.16,No
1547-IOLJS,Male,0,Yes,No,53,Yes,Yes,DSL,No,Yes,Yes,No,Yes,No,Month-to-month,Yes,Bank transfer (automatic),60.84,3150.72,No
1548-XSFTX,Female,0,No,No,46,Yes,Yes,Fiber optic,Yes,No,Yes,No,No,No,Two year,Yes,Credit card (automatic),66.19,3066.66,No
1549-FHAVQ,Male,0,No,No,26,Yes,Yes,DSL,No,No,Yes,No,No,Yes,Month-to-month,No,Bank transfer (automatic),48.27,1249.29,No
1550-QXOGS,Male,0,No,No,39,Yes,No,No,No internet service,No internet service,No internet service,No internet service,No internet service,No internet service,One year,Yes,Electronic check,22.12,870.11,No
1551-VYWCV,Male,0,Yes,No,31,Yes,Yes,DSL,No,No,No,No,No,No,Month-to-month,Yes,Bank transfer (automatic),36.17,1113.57,Yes
1552-KTSIJ,Female,0,No,No,57,Yes,No,Fiber optic,Yes,Yes,No,Yes,No,No,Two year,Yes,Credit card (automatic),70.33,4029.2,No
1553-BAPRW,Female,0,Yes,No,42,No,No phone service,Fiber optic,Yes,Yes,No,Yes,No,Yes,Two year,Yes,Bank transfer (automatic),78.61,3347.3,No
1554-ZQFNW,Female,0,Yes,No,51,Yes,No,DSL,No,No,Yes,No,No,Yes,Month-to-month,Yes,Mailed check,44.76,2319.12,Yes
1555-YONXV,Female,0,No,Yes,33,No,No phone service,Fiber optic,Yes,No,Yes,No,Yes,Yes,Two year,No,Credit card (automatic),88.67,2855.17,No
1556-CXWSY,Male,1,Yes,No,5,Yes,No,No,No internet service,No internet service,No internet service,No internet service,No internet service,No internet service,Month-to-month,Yes,Mailed check,18.25,47.12,No
1557-LBCRA,Male,0,Yes,Yes,47,Yes,No,DSL,No,No,Yes,No,No,No,Two year,Yes,Electronic check,41.34,1963.69,No
1558-TUFEA,Male,0,Yes,No,17,Yes,No,No,No internet service,No internet service,No internet service,No internet service,No internet service,No internet service,Two year,Yes,Electronic check,18.25,275.16,No
1559-SAUUP,Female,0,No,No,38,Yes,No,DSL,No,Yes,Yes,Yes,Yes,No,Two year,Yes,Mailed check,56.58,2202.4,No
1560-LVHZP,Male,0,No,No,6,No,No phone service,DSL,No,No,Yes,Yes,Yes,Yes,Month-to-month,No,Bank transfer (automatic),60.19,426.84,Yes
1561-ADJKQ,Female,0,No,No,5,Yes,No,Fiber optic,No,Yes,Yes,No,No,No,Month-to-month,Yes,Bank transfer (automatic),62.03,374.99,No
1562-YWGLU,Male,1,No,No,52,Yes,No,Fiber optic,No,No,Yes,Yes,Yes,Yes,Month-to-month,Yes,Mailed check,79.81,4143.79,No
1563-GLOBN,Male,0,Yes,Yes,0,Yes,No,Fiber optic,No,No,No,No,No,No,Month-to-month,Yes,Mailed check,60.37,23.38,No
1564-MDNNP,Male,0,Yes,No,28,Yes,No,DSL,No,No,Yes,No,Yes,Yes,Month-to-month,Yes,Bank transfer (automatic),66.31,1852.21,No
1565-GSBJR,Male,0,Yes,No,68,No,No phone service,Fiber optic,No,No,No,No,Yes,Yes,Month-to-month,Yes,Credit card (automatic),89.24,6144.09,No
1566-QELFV,Female,0,No,No,48,Yes,No,DSL,No,No,Yes,Yes,Yes,No,Two year,No,Electronic check,45.07,2164.17,No
1567-ITAVO,Female,0,Yes,No,58,No,No phone service,No,No internet service,No internet service,No internet service,No internet service,No internet service,No internet service,Month-to-month,Yes,Mailed check,18.25,1142.32,No
1568-UZFSR,Female,0,No,No,12,Yes,No,Fiber optic,No,Yes,No,Yes,Yes,No,One year,Yes,Credit card (automatic),63.39,645.77,No
1569-FMAWW,Male,0,Yes,Yes,44,Yes,No,Fiber optic,No,No,Yes,No,No,No,Two year,No,Electronic check,54.17,2351.64,Yes
1570-ZMGOL,Female,0,No,No,45,Yes,Yes,No,No internet service,No internet service,No internet service,No internet service,No internet service,No internet service,Two year,No,Electronic check,18.25,804.14,No
1571-ZAODM,Male,0,No,Yes,22,Yes,No,Fiber optic,Yes,No,No,No,Yes,No,Two year,Yes,Credit card (automatic),64.38,1530.21,No
1572-WYEBW,Male,0,Yes,Yes,31,Yes,No,Fiber optic,No,Yes,Yes,No,No,No,Month-to-month,No,Credit card (automatic),56.96,1696.6,Yes
1573-ZAPWF,Male,0,No,No,71,Yes,No,No,No internet service,No internet service,No internet service,No internet service,No internet service,No internet service,Month-to-month,No,Bank transfer (automatic),18.57,1329.59,No
1574-WPNZC,Male,0,Yes,No,12,Yes,No,DSL,No,Yes,No,No,No,No,Month-to-month,Yes,Bank transfer (automatic),42.4,531.26,No
1575-OCWBA,Male,0,Yes,Yes,52,Yes,No,Fiber optic,No,Yes,No,Yes,No,Yes,One year,No,Mailed check,72.76,3839.3,No
1576-IIWGC,Female,0,Yes,No,19,Yes,Yes,DSL,Yes,Yes,No,Yes,No,Yes,Month-to-month,No,Bank transfer (automatic),55.65,1026.27,No
1577-ZRKGI,Female,0,No,No,0,No,No phone service,DSL,No,No,Yes,Yes,No,Yes,Month-to-month,No,Credit card (automatic),64.0,18.8,Yes
1578-ANTFG,Male,0,Yes,No,56,Yes,Yes,DSL,No,No,No,No,No,No,One year,No,Mailed check,41.87,2395.71,No
1579-JGZBD,Male,0,Yes,No,65,Yes,No,No,No internet service,No internet service,No internet service,No internet service,No internet service,No internet service,Month-to-month,No,Electronic check,19.75,1341.4,No
1580-UQAJS,Female,0,No,Yes,10,Yes,No,Fiber optic,No,No,Yes,Yes,No,No,Month-to-month,Yes,Credit card (automatic),66.41,655.63,Yes
1581-OJSLX,Male,1,Yes,No,45,Yes,Yes,DSL,No,Yes,Yes,Yes,No,No,Month-to-month,Yes,Mailed check,44.1,1983.79,Yes
1582-PIOQN,Female,0,Yes,No,29,Yes,No,DSL,No,Yes,Yes,Yes,No,No,One year,Yes,Electronic check,38.06,1008.53,No
1583-RZBDR,Male,0,No,No,68,Yes,Yes,Fiber optic,Yes,No,No,No,No,No,One year,Yes,Credit card (automatic),61.22,4256.25,No
1584-GMOYW,Female,0,Yes,No,6,No,No phone service,Fiber optic,No,No,No,Yes,Yes,No,Month-to-month,Yes,Electronic check,78.0,524.49,No
1585-VZAKJ,Male,0,Yes,Yes,23,Yes,Yes,Fiber optic,No,No,Yes,No,No,Yes,Two year,Yes,Mailed check,68.26,1521.68,No
1586-YEPKU,Female,0,No,No,47,Yes,No,Fiber optic,Yes,Yes,Yes,No,Yes,Yes,One year,Yes,Bank transfer (automatic),81.21,3867.56,No
1587-FIMXH,Male,0,Yes,Yes,42,Yes,No,Fiber optic,No,No,Yes,Yes,No,No,Two year,Yes,Credit card (automatic),63.84,2570.12,No
1588-NXAQX,Male,0,Yes,No,35,Yes,No,No,No internet service,No internet service,No internet service,No internet service,No internet service,No internet service,One year,Yes,Electronic check,21.66,745.02,No
1589-EYBYX,Male,0,Yes,No,0,No,No phone service,Fiber optic,Yes,Yes,No,No,No,No,Month-to-month,No,Bank transfer (automatic),67.01,18.8,Yes
1590-IDQQU,Male,1,No,No,6,Yes,Yes,No,No internet service,No internet service,No internet service,No internet service,No internet service,No internet service,Month-to-month,Yes,Credit card (automatic),20.91,67.28,No
1591-RPHZK,Male,1,Yes,Yes,43,Yes,No,DSL,Yes,No,No,No,Yes,No,Month-to-month,Yes,Bank transfer (automatic),61.61,2644.11,Yes
1592-UURWX,Female,0,Yes,No,60,No,No phone service,DSL,No,No,Yes,No,Yes,Yes,Two year,Yes,Electronic check,63.59,3818.45,No
1593-JMQRJ,Male,0,Yes,No,25,Yes,No,DSL,No,Yes,Yes,No,No,No,Two year,No,Bank transfer (automatic),43.89,1137.19,Yes
1594-PTEMR,Male,0,Yes,Yes,29,Yes,No,DSL,No,Yes,No,No,Yes,Yes,Month-to-month,No,Credit card (automatic),70.88,2147.82,Yes
1595-QINQD,Male,0,No,No,0,Yes,Yes,No,No internet service,No internet service,No internet service,No internet service,No internet service,No internet service,Two year,No,Credit card (automatic),27.56,24.88,No
1596-RTXXO,Male,0,Yes,No,62,No,No phone service,Fiber optic,Yes,No,No,No,No,Yes,Two year,No,Bank transfer (automatic),70.09,4460.72,No
1597-KLIMO,Female,0,No,Yes,14,Yes,No,Fiber optic,No,No,No,No,No,Yes,One year,No,Electronic check,80.97,1143.12,No
1598-OEWSZ,Female,0,No,Yes,62,Yes,Yes,Fiber optic,Yes,No,No,No,No,No,One year,Yes,Electronic check,65.53,4023.17,No
1599-TZYZZ,Female,1,Yes,No,54,Yes,No,Fiber optic,No,No,No,No,No,No,Two year,No,Mailed check,63.37,3386.47,No
1600-NQRUC,Male,0,Yes,Yes,56,No,No phone service,DSL,No,Yes,No,No,No,No,Month-to-month,Yes,Electronic check,45.54,2546.56,No
1601-BAJSQ,Male,0,Yes,No,19,Yes,No,Fiber optic,No,No,No,No,No,Yes,Two year,No,Electronic check,72.95,1349.69,Yes
1602-LALQX,Male,0,Yes,No,21,Yes,Yes,Fiber optic,Yes,Yes,No,No,Yes,No,Two year,Yes,Electronic check,82.69,1780.52,No
1603-CKQWZ,Male,0,No,No,49,Yes,Yes,No,No internet service,No internet service,No internet service,No internet service,No internet service,No internet service,Month-to-month,Yes,Electronic check,18.25,886.81,No
1604-CHTDU,Male,0,No,Yes,35,No,No phone service,Fiber optic,No,No,No,No,No,No,Month-to-month,No,Mailed check,61.2,2158.11,Yes
1605-VGNND,Female,0,Yes,No,36,No,No phone service,No,No internet service,No internet service,No internet service,No internet service,No internet service,No internet service,One year,Yes,Electronic check,25.64,874.64,No
1606-PXVAQ,Female,1,No,No,45,Yes,No,Fiber optic,Yes,Yes,Yes,Yes,No,Yes,Month-to-month,No,Credit card (automatic),77.36,3518.26,No
1607-YJVPP,Female,0,No,No,26,Yes,No,DSL,No,Yes,No,No,Yes,No,Month-to-month,Yes,Mailed check,60.05,1530.63,No
1608-ZHGFP,Male,0,Yes,No,18,Yes,Yes,Fiber optic,No,No,No,No,No,No,One year,Yes,Bank transfer (automatic),52.76,1007.88,Yes
1609-TPGIN,Female,0,No,Yes,15,Yes,No,No,No internet service,No internet service,No internet service,No internet service,No internet service,No internet service,One year,No,Credit card (automatic),23.41,320.57,No
1610-KZZNG,Female,0,No,No,53,Yes,Yes,Fiber optic,No,Yes,Yes,No,No,No,Month-to-month,No,Credit card (automatic),78.9,4148.56,No
1611-AZYMT,Male,0,Yes,No,33,Yes,No,DSL,No,No,No,No,No,Yes,Month-to-month,Yes,Credit card (automatic),52.2,1677.13,Yes
1612-CTDZK,Female,0,No,No,50,No,No phone service,DSL,No,Yes,Yes,Yes,No,Yes,Two year,No,Credit card (automatic),48.29,2348.89,No
1613-BNLQL,Male,0,No,Yes,35,Yes,No,DSL,No,No,No,Yes,Yes,No,Two year,Yes,Credit card (automatic),54.43,1971.78,No
1614-ZLAMN,Male,0,Yes,Yes,52,Yes,No,Fiber optic,Yes,No,No,Yes,No,Yes,Two year,Yes,Credit card (automatic),82.85,4374.35,No
1615-XBLZU,Male,0,No,No,61,Yes,No,No,No internet service,No internet service,No internet service,No internet service,No internet service,No internet service,One year,No,Credit card (automatic),22.7,1425.89,No
1616-PDHBJ,Male,0,Yes,No,30,Yes,No,Fiber optic,Yes,No,No,Yes,No,No,Month-to-month,Yes,Mailed check,63.06,1875.49,No
1617-IWOMW,Male,1,Yes,No,3,Yes,No,Fiber optic,Yes,No,No,No,No,Yes,Month-to-month,No,Electronic check,70.4,132.5,Yes
1618-QPBTT,Female,0,No,Yes,11,Yes,Yes,Fiber optic,No,Yes,Yes,No,No,No,Month-to-month,Yes,Credit card (automatic),65.42,763.57,Yes
1619-NCWLH,Male,0,Yes,No,52,Yes,No,Fiber optic,Yes,No,Yes,No,No,Yes,Month-to-month,No,Credit card (automatic),77.9,4003.54,No
1620-BDNPS,Male,0,No,No,60,Yes,No,DSL,No,Yes,No,No,No,No,Month-to-month,Yes,Bank transfer (automatic),35.92,2116.36,No
1621-BLNFM,Female,0,Yes,No,18,Yes,No,No,No internet service,No internet service,No internet service,No internet service,No internet service,No internet service,Month-to-month,Yes,Bank transfer (automatic),26.79,483.12,No
1622-DVRLT,Male,0,No,No,55,Yes,No,DSL,No,Yes,No,No,No,No,Month-to-month,Yes,Credit card (automatic),30.25,1702.97,Yes
1623-VUSHG,Male,0,No,No,8,Yes,Yes,DSL,No,Yes,No,No,No,No,Month-to-month,Yes,Mailed check,49.96,433.43,Yes
1624-PSFTU,Female,0,Yes,No,24,No,No phone service,DSL,No,Yes,Yes,Yes,Yes,No,One year,Yes,Mailed check,58.93,1455.87,No
1625-KEPGE,Female,0,Yes,Yes,53,Yes,Yes,DSL,No,No,Yes,Yes,Yes,No,One year,Yes,Credit card (automatic),55.39,2864.32,No
1626-KOCZE,Male,0,Yes,No,46,Yes,No,Fiber optic,No,No,No,No,No,No,Month-to-month,No,Mailed check,53.31,2444.69,Yes
1627-WUEIO,Female,0,Yes,Yes,40,Yes,No,DSL,Yes,No,Yes,No,Yes,No,Month-to-month,No,Credit card (automatic),60.19,2429.94,No
1628-CFQZU,Male,0,No,Yes,50,Yes,No,Fiber optic,No,Yes,No,No,Yes,No,Two year,Yes,Credit card (automatic),86.99,4269.53,No
1629-HUYKF,Female,0,Yes,Yes,49,Yes,No,Fiber optic,No,Yes,No,No,No,No,Two year,Yes,Electronic check,64.31,3147.78,No
1630-HJXCW,Female,0,No,No,6,Yes,Yes,Fiber optic,Yes,No,No,No,Yes,Yes,One year,No,Credit card (automatic),86.34,518.32,No
1631-NWNJL,Male,0,Yes,No,26,Yes,No,DSL,No,Yes,No,No,No,No,Two year,No,Credit card (automatic),37.93,925.67,No
1632-FLWNB,Male,1,No,No,47,Yes,Yes,No,No internet service,No internet service,No internet service,No internet service,No internet service,No internet service,Two year,Yes,Bank transfer (automatic),18.25,871.75,No
1633-IJZQQ,Male,1,No,No,54,Yes,No,Fiber optic,No,No,No,No,No,No,Month-to-month,No,Mailed check,58.59,3199.9,No
1634-CSALG,Female,0,Yes,Yes,62,No,No phone service,DSL,No,Yes,No,No,No,Yes,Month-to-month,Yes,Electronic check,48.38,2983.52,Yes
1635-DJMBJ,Female,0,No,No,5,Yes,No,No,No internet service,No internet service,No internet service,No internet service,No internet service,No internet service,Month-to-month,Yes,Mailed check,18.25,166.25,Yes
1636-UVYDR,Female,0,Yes,No,34,Yes,No,DSL,No,Yes,No,No,Yes,No,One year,Yes,Electronic check,52.9,1839.81,No
1637-ESBLQ,Male,0,No,No,31,Yes,No,Fiber optic,Yes,Yes,No,No,No,No,One year,Yes,Credit card (automatic),72.81,2231.7,No
1638-JBFHS,Female,0,No,Yes,5,Yes,No,Fiber optic,Yes,Yes,No,No,No,Yes,Month-to-month,Yes,Bank transfer (automatic),72.87,391.55,Yes
1639-KYLIB,Male,0,No,No,62,Yes,No,DSL,Yes,Yes,No,No,No,No,Month-to-month,Yes,Electronic check,49.75,2993.16,No
1640-HZKUD,Male,0,No,No,17,Yes,No,No,No internet service,No internet service,No internet service,No internet service,No internet service,No internet service,Two year,No,Electronic check,18.25,392.81,No
1641-JUTPH,Female,0,No,No,30,Yes,No,DSL,Yes,Yes,No,No,No,Yes,One year,Yes,Electronic check,59.74,1817.05,No
1642-DJLNP,Female,1,No,No,51,Yes,No,Fiber optic,No,No,No,Yes,Yes,No,One year,Yes,Mailed check,77.04,3946.64,No
1643-VRUVU,Female,0,Yes,No,15,Yes,No,DSL,Yes,No,Yes,No,No,No,Month-to-month,Yes,Mailed check,46.34,657.18,No
1644-LRGTX,Female,0,No,Yes,55,Yes,No,Fiber optic,No,No,Yes,Yes,Yes,Yes,Month-to-month,No,Electronic check,86.09,4674.93,Yes
1645-WGIAZ,Female,0,Yes,No,66,Yes,No,No,No internet service,No internet service,No internet service,No internet service,No internet service,No internet service,Month-to-month,Yes,Electronic check,20.13,1375.04,No
1646-FFVLV,Male,0,No,Yes,61,Yes,Yes,Fiber optic,No,Yes,No,No,No,No,Month-to-month,No,Mailed check,66.82,4099.06,No
1647-LJWZF,Female,1,No,Yes,51,Yes,No,DSL,No,No,Yes,No,Yes,Yes,One year,Yes,Bank transfer (automatic),55.78,2861.61,No
1648-QSRFX,Male,0,No,Yes,4,Yes,No,Fiber optic,No,Yes,No,No,Yes,Yes,One year,Yes,Bank transfer (automatic),88.5,388.02,Yes
1649-SJXHU,Female,0,No,No,52,Yes,Yes,Fiber optic,No,Yes,Yes,No,Yes,No,Month-to-month,No,Bank transfer (automatic),71.87,3711.3,Yes
1650-XFUYG,Female,0,No,No,16,Yes,No,Fiber optic,No,No,No,Yes,No,No,Month-to-month,Yes,Mailed check,53.9,855.52,Yes
1651-XARXY,Male,0,Yes,No,30,Yes,No,No,No internet service,No internet service,No internet service,No internet service,No internet service,No internet service,Two year,No,Credit card (automatic),19.77,597.33,No
1652-TLPJJ,Female,0,Yes,Yes,15,Yes,Yes,No,No internet service,No internet service,No internet service,No internet service,No internet service,No internet service,Month-to-month,Yes,Bank transfer (automatic),18.25,229.49,No
1653-NYTJJ,Female,0,No,Yes,56,Yes,Yes,DSL,No,No,Yes,No,No,No,One year,Yes,Mailed check,43.17,2441.55,No
1654-ZYKWB,Male,0,Yes,No,20,No,No phone service,No,No internet service,No internet service,No internet service,No internet service,No internet service,No internet service,Month-to-month,Yes,Mailed check,29.67,581.65,Yes
1655-YTHWG,Male,0,No,No,40,Yes,No,No,No internet service,No internet service,No internet service,No internet service,No internet service,No internet service,Month-to-month,No,Mailed check,18.58,734.1,No
1656-HAUBR,Female,0,Yes,No,38,Yes,Yes,DSL,Yes,No,No,No,Yes,No,Month-to-month,No,Mailed check,53.81,2054.17,No
1657-OAEBT,Female,0,Yes,Yes,36,Yes,Yes,DSL,No,No,No,No,No,Yes,Two year,Yes,Credit card (automatic),52.51,1895.25,No
1658-CSRVR,Female,0,No,No,40,Yes,Yes,DSL,No,No,Yes,No,Yes,Yes,One year,Yes,Mailed check,62.97,2520.96,No
1659-NXHLU,Male,0,No,No,52,Yes,Yes,DSL,No,No,No,No,No,No,Month-to-month,Yes,Bank transfer (automatic),40.65,2020.82,Yes
1660-JWTQK,Female,0,Yes,Yes,31,No,No phone service,No,No internet service,No internet service,No internet service,No internet service,No internet service,No internet service,Month-to-month,Yes,Electronic check,18.25,553.87,Yes
1661-BZZDA,Female,0,Yes,No,24,Yes,No,Fiber optic,No,No,Yes,No,No,Yes,Month-to-month,Yes,Electronic check,76.03,1824.63,Yes
1662-OMHYD,Female,0,Yes,No,52,Yes,Yes,Fiber optic,Yes,No,No,No,No,Yes,One year,Yes,Credit card (automatic),80.38,4128.29,No
1663-JSRES,Male,0,Yes,Yes,63,No,No phone service,DSL,No,No,No,No,No,No,Month-to-month,Yes,Electronic check,33.89,2100.71,No
1664-ZWVPA,Female,0,Yes,No,32,Yes,Yes,DSL,No,Yes,Yes,No,Yes,No,Two year,Yes,Mailed check,41.01,1402.41,No
1665-LXBUY,Male,0,No,No,37,Yes,No,Fiber optic,No,No,No,No,No,No,Month-to-month,Yes,Mailed check,73.62,2753.16,No
1666-HRYPE,Male,0,No,No,7,Yes,Yes,Fiber optic,No,No,No,Yes,No,No,Month-to-month,Yes,Electronic check,56.37,388.66,Yes
1667-ZVMSC,Male,0,Yes,Yes,0,Yes,No,Fiber optic,Yes,Yes,No,No,Yes,No,Month-to-month,Yes,Mailed check,72.95,18.8,Yes
1668-ZHZZL,Male,1,Yes,No,58,Yes,Yes,DSL,Yes,No,Yes,No,No,Yes,Month-to-month,Yes,Credit card (automatic),40.48,2344.12,Yes
1669-BKLRM,Male,0,No,Yes,34,Yes,No,No,No internet service,No internet service,No internet service,No internet service,No internet service,No internet service,Month-to-month,Yes,Bank transfer (automatic),18.25,725.61,Yes
1670-EVLBE,Female,0,No,No,15,Yes,No,No,No internet service,No internet service,No internet service,No internet service,No internet service,No internet service,Month-to-month,No,Mailed check,22.76,324.22,No
1671-GZZXL,Male,0,Yes,No,13,Yes,Yes,Fiber optic,Yes,Yes,Yes,No,Yes,No,Month-to-month,No,Mailed check,89.58,1157.29,Yes
1672-PWHIO,Female,1,Yes,No,4,Yes,No,Fiber optic,Yes,No,No,No,No,No,Two year,No,Bank transfer (automatic),63.1,166.86,Yes
1673-EMEKJ,Female,0,Yes,No,20,Yes,No,DSL,No,Yes,No,No,Yes,No,Month-to-month,Yes,Bank transfer (automatic),45.91,867.78,Yes
1674-TMIUN,Male,1,Yes,Yes,57,Yes,No,DSL,Yes,No,No,Yes,Yes,No,Two year,No,Bank transfer (automatic),57.17,3247.96,No
1675-ROJXG,Male,1,No,No,56,Yes,Yes,Fiber optic,No,Yes,No,No,No,No,One year,Yes,Electronic check,66.45,3732.95,No
1676-HCOPD,Male,0,No,Yes,10,Yes,No,Fiber optic,No,No,No,Yes,Yes,Yes,Month-to-month,Yes,Electronic check,76.51,872.7,Yes
1677-UFADK,Male,0,No,Yes,70,Yes,Yes,DSL,No,No,No,Yes,No,Yes,One year,Yes,Mailed check,48.41,3366.1,No
1678-LZEWU,Female,0,No,No,7,Yes,No,DSL,No,No,No,No,No,Yes,Month-to-month,Yes,Credit card (automatic),50.77,348.96,No
1679-PMMQG,Female,0,Yes,No,13,Yes,Yes,Fiber optic,No,Yes,No,No,Yes,Yes,One year,No,Electronic check,89.03,1175.67,No
1680-HMWPD,Male,0,No,No,48,Yes,No,DSL,Yes,No,No,Yes,Yes,No,One year,Yes,Credit card (automatic),57.78,2763.57,No
1681-HPUJY,Male,0,Yes,No,32,Yes,Yes,No,No internet service,No internet service,No internet service,No internet service,No internet service,No internet service,One year,No,Credit card (automatic),21.33,706.4,No
1682-LLZEP,Female,0,Yes,No,23,Yes,No,Fiber optic,Yes,Yes,Yes,No,No,No,One year,Yes,Electronic check,70.24,1672.09,No
1683-AILEV,Female,0,No,No,70,Yes,No,Fiber optic,Yes,Yes,No,No,Yes,Yes,Month-to-month,No,Mailed check,99.71,7068.11,Yes
1684-TVXCE,Male,0,Yes,Yes,37,Yes,No,DSL,Yes,No,Yes,No,No,No,Two year,No,Electronic check,47.72,1647.71,No
1685-BNBMG,Female,0,Yes,No,49,Yes,No,No,No internet service,No internet service,No internet service,No internet service,No internet service,No internet service,Month-to-month,Yes,Electronic check,25.55,1189.43,No
1686-JMPZN,Female,0,No,Yes,63,Yes,No,Fiber optic,No,No,No,No,No,No,Two year,No,Mailed check,64.38,4038.49,No
1687-KJFDU,Female,0,Yes,Yes,1,Yes,No,No,No internet service,No internet service,No internet service,No internet service,No internet service,No internet service,Month-to-month,Yes,Electronic check,21.77,36.18,Yes
1688-AGXIH,Male,0,No,Yes,38,Yes,Yes,DSL,Yes,No,No,No,Yes,Yes,Month-to-month,No,Credit card (automatic),72.45,2725.8,No
1689-ESJKY,Male,0,Yes,Yes,13,Yes,No,DSL,Yes,Yes,No,No,Yes,Yes,Two year,Yes,Electronic check,66.21,843.53,No
1690-OFOES,Female,0,No,No,11,Yes,Yes,Fiber optic,No,Yes,Yes,Yes,No,Yes,Two year,Yes,Bank transfer (automatic),79.13,890.53,Yes
1691-VSJLV,Male,0,Yes,No,50,Yes,No,Fiber optic,No,Yes,No,No,Yes,No,Two year,No,Electronic check,68.42,3328.72,No
1692-DRPHD,Female,1,No,No,9,Yes,No,DSL,No,No,Yes,No,No,No,Month-to-month,No,Mailed check,40.33,306.92,Yes
1693-YWLBD,Female,0,Yes,No,43,Yes,No,DSL,No,Yes,No,No,No,Yes,One year,Yes,Credit card (automatic),45.35,1996.56,No
1694-ECIUR,Male,0,No,No,39,Yes,No,DSL,Yes,Yes,No,Yes,No,Yes,Month-to-month,Yes,Electronic check,53.71,2059.72,Yes
1695-KCYWB,Male,0,No,No,59,Yes,Yes,Fiber optic,No,No,No,No,Yes,No,One year,Yes,Mailed check,67.89,4089.89,No
1696-INDIM,Female,0,Yes,No,69,Yes,No,DSL,No,No,No,Yes,No,Yes,Two year,No,Bank transfer (automatic),59.1,4090.41,No
1697-ROJPL,Male,0,Yes,Yes,30,Yes,No,Fiber optic,Yes,No,No,Yes,No,Yes,Month-to-month,No,Electronic check,74.18,2308.46,Yes
1698-TEBJA,Male,1,Yes,Yes,36,Yes,No,Fiber optic,No,No,No,No,No,Yes,Month-to-month,No,Electronic check,73.68,2718.52,Yes
1699-GZQPX,Male,0,No,No,72,Yes,No,Fiber optic,Yes,No,Yes,No,No,Yes,Month-to-month,Yes,Credit card (automatic),82.54,5926.97,No
1700-CNJVG,Male,1,No,No,57,Yes,No,DSL,Yes,Yes,No,No,Yes,Yes,Month-to-month,No,Mailed check,68.89,3851.72,No
1701-ZQFWV,Female,1,Yes,Yes,42,Yes,No,DSL,No,No,No,No,Yes,No,Two year,No,Credit card (automatic),58.61,2484.15,No
1702-DQIDG,Female,0,No,No,70,Yes,Yes,Fiber optic,No,Yes,No,No,Yes,Yes,Month-to-month,No,Electronic check,84.8,5922.05,Yes
1703-WBQXH,Male,0,No,No,37,Yes,Yes,DSL,No,No,No,Yes,Yes,Yes,Two year,Yes,Mailed check,54.86,2021.41,No
1704-WOOHP,Female,0,Yes,Yes,7,Yes,No,Fiber optic,Yes,No,No,No,No,Yes,One year,Yes,Credit card (automatic),80.51,547.41,No
1705-SKBWX,Male,0,Yes,No,33,Yes,No,Fiber optic,No,No,No,Yes,No,No,Month-to-month,No,Electronic check,63.14,2019.12,Yes
1706-QZPYO,Male,0,No,No,16,Yes,No,No,No internet service,No internet service,No internet service,No internet service,No internet service,No internet service,One year,No,Bank transfer (automatic),18.51,320.7,No
1707-MODPL,Male,0,No,Yes,16,Yes,No,Fiber optic,No,No,No,No,No,No,Month-to-month,Yes,Electronic check,55.22,846.9,No
1708-DCVQV,Female,0,Yes,No,52,Yes,Yes,DSL,No,Yes,No,No,Yes,No,Month-to-month,Yes,Electronic check,60.04,3079.29,No
1709-RYRWQ,Female,0,Yes,No,14,No,No phone service,Fiber optic,No,No,Yes,Yes,No,No,Month-to-month,No,Mailed check,54.45,749.78,Yes
1710-LWUXD,Female,0,Yes,No,63,Yes,No,No,No internet service,No internet service,No internet service,No internet service,No internet service,No internet service,Month-to-month,No,Electronic check,18.25,1203.5,No
1711-LZWVU,Male,0,No,Yes,56,Yes,No,No,No internet service,No internet service,No internet service,No internet service,No internet service,No internet service,One year,Yes,Mailed check,25.82,1440.06,No
1712-TOWPE,Female,1,No,No,19,Yes,No,No,No internet service,No internet service,No internet service,No internet service,No internet service,No internet service,Month-to-month,Yes,Bank transfer (automatic),24.41,412.68,No
1713-UOQRE,Female,0,Yes,Yes,60,Yes,Yes,No,No internet service,No internet service,No internet service,No internet service,No internet service,No internet service,One year,Yes,Electronic check,23.4,1409.84,No
1714-MSMRN,Male,0,Yes,Yes,24,Yes,Yes,DSL,No,Yes,No,Yes,Yes,Yes,Month-to-month,Yes,Bank transfer (automatic),63.6,1590.32,No
1715-DDTTS,Male,0,Yes,No,26,Yes,Yes,DSL,No,No,Yes,No,Yes,No,Two year,Yes,Bank transfer (automatic),53.42,1429.86,No
1716-MLGYL,Male,0,No,No,46,Yes,No,Fiber optic,No,Yes,No,Yes,Yes,No,Month-to-month,No,Electronic check,71.23,3186.99,No
1717-UDBBE,Male,1,Yes,No,27,Yes,No,Fiber optic,Yes,Yes,Yes,No,No,No,Month-to-month,Yes,Electronic check,70.9,1924.78,No
1718-WJJIM,Female,0,No,No,5,Yes,No,DSL,No,Yes,No,Yes,Yes,No,Month-to-month,Yes,Electronic check,63.89,381.78,Yes
1719-GEZJJ,Female,0,No,No,40,No,No phone service,DSL,Yes,No,No,No,No,No,One year,No,Bank transfer (automatic),44.84,1800.37,No
1720-FSUHA,Male,0,No,No,58,Yes,Yes,No,No internet service,No internet service,No internet service,No internet service,No internet service,No internet service,Two year,Yes,Electronic check,22.37,1219.34,No
1721-QGNUU,Male,0,No,Yes,60,Yes,Yes,No,No internet service,No internet service,No internet service,No internet service,No internet service,No internet service,Month-to-month,Yes,Electronic check,18.25,1015.04,No
1722-QIQEZ,Male,0,Yes,No,48,Yes,No,DSL,No,No,No,No,No,No,One year,Yes,Credit card (automatic),37.63,1761.32,No
1723-YTHFK,Male,0,No,No,4,Yes,No,DSL,Yes,Yes,No,Yes,No,Yes,One year,Yes,Credit card (automatic),58.89,166.06,No
1724-SDRAM,Female,0,No,Yes,10,Yes,No,No,No internet service,No internet service,No internet service,No internet service,No internet service,No internet service,Month-to-month,Yes,Mailed check,25.52,194.84,No
1725-NXAKQ,Male,0,No,No,39,Yes,No,Fiber optic,No,Yes,No,Yes,No,No,Month-to-month,No,Bank transfer (automatic),75.31,2866.26,No
1726-DZLJF,Male,0,Yes,No,69,Yes,Yes,No,No internet service,No internet service,No internet service,No internet service,No internet service,No internet service,Month-to-month,No,Electronic check,21.71,1486.67,No
1727-YAGZU,Female,0,Yes,Yes,38,Yes,Yes,Fiber optic,No,Yes,No,Yes,Yes,No,Two year,Yes,Credit card (automatic),66.36,2495.13,No
1728-PXNWT,Male,0,No,Yes,69,Yes,No,Fiber optic,No,Yes,Yes,No,No,Yes,Month-to-month,No,Mailed check,69.1,4760.15,No
1729-TFVYE,Male,0,No,No,19,Yes,No,Fiber optic,Yes,No,Yes,No,Yes,Yes,Month-to-month,Yes,Bank transfer (automatic),90.8,1753.58,No
1730-XUROF,Male,0,No,No,3,Yes,Yes,No,No internet service,No internet service,No internet service,No internet service,No internet service,No internet service,Two year,No,Bank transfer (automatic),18.25,18.8,No
1731-YSAAM,Male,0,No,Yes,12,Yes,No,DSL,Yes,No,No,Yes,No,No,Month-to-month,Yes,Mailed check,48.89,667.78,Yes
1732-CJUCI,Male,0,No,No,48,No,No phone service,Fiber optic,Yes,Yes,No,No,Yes,No,One year,No,Electronic check,81.79,3970.31,No
1733-HCYMF,Female,0,Yes,No,8,No,No phone service,Fiber optic,No,No,Yes,No,Yes,No,Month-to-month,No,Bank transfer (automatic),70.23,467.94,Yes
1734-MWTTL,Female,0,No,No,58,Yes,No,Fiber optic,No,No,No,Yes,Yes,No,One year,Yes,Electronic check,71.39,4157.09,No
1735-MBUXW,Female,0,No,No,2,Yes,Yes,DSL,No,No,No,Yes,No,No,One year,No,Credit card (automatic),40.91,54.09,No
1736-PWFSU,Female,0,No,No,10,Yes,No,Fiber optic,Yes,No,Yes,No,Yes,Yes,One year,Yes,Mailed check,78.38,792.08,No
1737-MQWIQ,Male,0,No,No,4,Yes,Yes,DSL,No,No,Yes,No,Yes,Yes,One year,Yes,Electronic check,58.58,253.31,No
1738-BSSXG,Male,0,Yes,No,34,Yes,No,No,No internet service,No internet service,No internet service,No internet service,No internet service,No internet service,Month-to-month,Yes,Electronic check,30.68,1016.13,Yes
1739-VJJTI,Male,0,Yes,Yes,23,Yes,Yes,DSL,Yes,No,No,No,No,No,Two year,Yes,Electronic check,39.5,894.23,No
1740-QOBDS,Male,0,No,Yes,69,Yes,No,No,No internet service,No internet service,No internet service,No internet service,No internet service,No internet service,Month-to-month,Yes,Bank transfer (automatic),18.25,1227.34,No
1741-QEGRU,Male,0,Yes,No,5,Yes,Yes,Fiber optic,Yes,Yes,No,No,No,Yes,Two year,No,Credit card (automatic),77.74,401.65,No
1742-VGQGD,Male,0,No,No,41,Yes,No,Fiber optic,No,No,No,No,Yes,Yes,Month-to-month,Yes,Mailed check,89.47,3659.18,No
1743-HMDFY,Female,0,No,Yes,42,No,No phone service,DSL,No,No,No,No,No,No,Month-to-month,Yes,Bank transfer (automatic),35.47,1506.04,No
1744-ELDXI,Male,0,Yes,No,13,Yes,No,No,No internet service,No internet service,No internet service,No internet service,No internet service,No internet service,One year,Yes,Mailed check,18.25,222.42,No
1745-DSXNE,Male,0,No,No,24,Yes,Yes,DSL,Yes,Yes,Yes,No,Yes,No,Month-to-month,No,Mailed check,54.92,1233.08,Yes
1746-RJYSL,Female,0,Yes,No,17,Yes,No,Fiber optic,Yes,No,No,No,Yes,Yes,Month-to-month,No,Mailed check,82.39,1393.48,Yes
1747-RQXKC,Female,0,No,Yes,23,No,No phone service,DSL,No,No,No,No,Yes,No,One year,Yes,Credit card (automatic),48.61,1146.91,No
1748-WQAOI,Male,0,Yes,No,62,Yes,Yes,No,No internet service,No internet service,No internet service,No internet service,No internet service,No internet service,Month-to-month,Yes,Bank transfer (automatic),22.46,1441.13,No
1749-OXCVS,Female,0,No,Yes,0,Yes,No,Fiber optic,No,Yes,No,Yes,Yes,No,Month-to-month,No,Credit card (automatic),66.86,18.8,Yes
1750-MLTAU,Female,0,No,No,14,Yes,No,No,No internet service,No internet service,No internet service,No internet service,No internet service,No internet service,One year,Yes,Electronic check,21.23,296.59,No
1751-QMAJO,Male,0,No,No,53,Yes,No,No,No internet service,No internet service,No internet service,No internet service,No internet service,No internet service,One year,Yes,Mailed check,18.25,1022.66,No
1752-GVRPN,Male,0,No,No,33,Yes,Yes,Fiber optic,No,No,Yes,No,No,No,Month-to-month,Yes,Electronic check,62.23,2025.51,Yes
1753-RGQRL,Female,0,No,Yes,51,Yes,No,DSL,No,No,No,Yes,No,No,One year,Yes,Electronic check,32.54,1721.03,No
1754-HVBGD,Female,0,No,No,1,Yes,No,DSL,No,Yes,Yes,No,Yes,Yes,Two year,Yes,Credit card (automatic),63.61,18.8,No
1755-RFIIN,Female,0,No,Yes,35,Yes,No,DSL,Yes,No,Yes,Yes,No,Yes,Month-to-month,Yes,Credit card (automatic),50.4,1715.68,No
1756-HSCRE,Female,0,Yes,No,22,Yes,Yes,DSL,Yes,No,Yes,No,No,Yes,Two year,No,Bank transfer (automatic),55.51,1159.06,No
1757-NDGTY,Female,0,No,No,23,Yes,No,Fiber optic,No,Yes,No,No,No,No,Month-to-month,No,Electronic check,72.87,1678.37,No
1758-LBKNV,Female,0,Yes,No,31,Yes,Yes,No,No internet service,No internet service,No internet service,No internet service,No internet service,No internet service,Month-to-month,Yes,Credit card (automatic),22.97,692.7,Yes
1759-WPTFW,Male,0,No,No,50,No,No phone service,DSL,Yes,Yes,No,No,No,Yes,Two year,No,Electronic check,63.12,3213.46,No
1760-DOXYA,Male,0,Yes,No,45,Yes,Yes,DSL,Yes,No,No,No,Yes,No,Month-to-month,Yes,Bank transfer (automatic),54.64,2505.96,No
1761-GYLJE,Female,1,Yes,Yes,12,No,No phone service,Fiber optic,Yes,No,Yes,No,No,No,One year,Yes,Electronic check,64.02,744.58,Yes
1762-LRJFL,Female,0,Yes,Yes,13,Yes,No,No,No internet service,No internet service,No internet service,No internet service,No internet service,No internet service,Month-to-month,Yes,Mailed check,19.3,286.15,No
1763-GRBJO,Male,0,Yes,No,16,Yes,No,DSL,Yes,No,Yes,No,Yes,Yes,Month-to-month,Yes,Credit card (automatic),63.74,975.84,No
1764-LZQDG,Female,0,No,Yes,15,Yes,Yes,Fiber optic,No,Yes,Yes,No,No,No,One year,Yes,Electronic check,61.88,970.05,No
1765-ISWGW,Male,0,Yes,Yes,31,Yes,No,Fiber optic,Yes,No,No,No,No,No,Month-to-month,No,Mailed check,61.33,1807.61,Yes
1766-BFRFM,Female,0,No,No,11,Yes,Yes,DSL,Yes,No,Yes,No,Yes,No,Month-to-month,Yes,Mailed check,51.24,695.49,Yes
1767-ZSBLO,Female,0,Yes,No,2,Yes,No,Fiber optic,Yes,No,No,No,Yes,No,Month-to-month,Yes,Electronic check,73.56,174.59,Yes
1768-NFRER,Female,0,No,Yes,52,Yes,No,Fiber optic,No,No,Yes,No,Yes,Yes,Month-to-month,No,Credit card (automatic),75.24,3998.77,Yes
1769-CCVVJ,Female,0,No,No,42,Yes,No,No,No internet service,No internet service,No internet service,No internet service,No internet service,No internet service,Month-to-month,No,Mailed check,21.03,921.35,No
1770-SCLPQ,Male,0,Yes,No,4,Yes,Yes,No,No internet service,No internet service,No internet service,No internet service,No internet service,No internet service,Month-to-month,No,Mailed check,18.25,33.23,Yes
1771-GMXBD,Male,0,Yes,No,46,Yes,No,No,No internet service,No internet service,No internet service,No internet service,No internet service,No internet service,Two year,No,Bank transfer (automatic),21.77,841.55,No
1772-JGXQT,Male,0,Yes,Yes,26,Yes,No,Fiber optic,No,No,Yes,No,No,No,Month-to-month,No,Bank transfer (automatic),59.88,1519.47,Yes
1773-FSEJI,Male,0,Yes,No,51,Yes,No,DSL,Yes,No,Yes,Yes,No,No,Month-to-month,No,Electronic check,53.27,2750.01,No
1774-MSUXF,Female,0,Yes,No,55,Yes,No,DSL,No,No,No,No,Yes,Yes,One year,Yes,Electronic check,66.49,3575.84,No
1775-DXCCD,Male,0,Yes,No,67,Yes,No,Fiber optic,No,No,No,No,Yes,No,Month-to-month,No,Electronic check,64.7,4432.17,No
1776-YEHPV,Male,0,Yes,No,14,Yes,No,No,No internet service,No internet service,No internet service,No internet service,No internet service,No internet service,Month-to-month,No,Credit card (automatic),19.91,269.12,No
1777-CXLYH,Male,0,No,No,18,Yes,No,Fiber optic,Yes,Yes,No,Yes,Yes,Yes,One year,Yes,Electronic check,91.65,1764.35,No
1778-MDNNM,Female,1,Yes,No,25,Yes,Yes,No,No internet service,No internet service,No internet service,No internet service,No internet service,No internet service,Two year,No,Mailed check,18.25,425.84,No
1779-FQDHQ,Female,1,No,Yes,44,Yes,Yes,DSL,Yes,Yes,No,Yes,Yes,No,One year,No,Mailed check,55.46,2469.43,No
1780-CQIBY,Female,0,No,Yes,9,Yes,No,DSL,Yes,Yes,No,No,No,No,Two year,No,Credit card (automatic),51.19,488.0,No
1781-MTBTK,Female,1,Yes,No,25,Yes,Yes,No,No internet service,No internet service,No internet service,No internet service,No internet service,No internet service,Month-to-month,Yes,Electronic check,23.3,501.97,Yes
1782-ZVOKW,Female,0,Yes,Yes,7,Yes,Yes,No,No internet service,No internet service,No internet service,No internet service,No internet service,No internet service,One year,Yes,Electronic check,20.16,161.27,No
1783-CCZLX,Male,0,Yes,Yes,31,Yes,Yes,Fiber optic,Yes,No,No,No,No,No,Month-to-month,Yes,Bank transfer (automatic),64.15,2016.52,Yes
1784-ETGGM,Male,0,Yes,No,20,Yes,No,DSL,No,No,Yes,Yes,No,Yes,Two year,No,Credit card (automatic),49.08,1018.52,No
1785-IYUML,Male,0,No,No,44,Yes,Yes,DSL,No,No,Yes,Yes,No,No,Month-to-month,Yes,Credit card (automatic),34.34,1574.45,No
1786-MXJAY,Male,0,Yes,Yes,54,Yes,No,DSL,No,No,No,Yes,Yes,No,Two year,No,Electronic check,53.51,2810.92,No
1787-HVPMC,Female,0,Yes,No,11,Yes,No,Fiber optic,No,No,No,No,No,Yes,Month-to-month,No,Electronic check,71.03,808.07,Yes
1788-CXEZK,Male,0,Yes,No,47,Yes,No,DSL,No,No,No,Yes,No,No,Two year,Yes,Mailed check,40.63,1848.51,No
1789-GUXJJ,Female,0,No,No,58,Yes,No,Fiber optic,No,No,Yes,No,Yes,No,Two year,No,Electronic check,72.39,4147.51,Yes
1790-TBCHK,Female,0,No,No,69,Yes,Yes,Fiber optic,No,No,No,No,Yes,No,Month-to-month,No,Mailed check,83.16,5682.99,No
1791-MGMBF,Male,0,No,No,36,Yes,Yes,Fiber optic,No,Yes,No,No,No,No,Two year,Yes,Credit card (automatic),74.42,2690.22,Yes
1792-ITYBR,Male,0,No,No,30,Yes,Yes,Fiber optic,No,No,No,No,No,No,Two year,Yes,Credit card (automatic),62.25,1901.45,No
1793-PYLGG,Male,0,Yes,No,2,Yes,No,Fiber optic,No,Yes,No,No,Yes,Yes,One year,Yes,Electronic check,81.91,148.78,Yes
1794-QMKFW,Male,0,Yes,No,68,Yes,No,Fiber optic,No,No,No,No,No,No,One year,Yes,Electronic check,64.31,4371.14,Yes
1795-NFFBV,Male,0,Yes,No,58,Yes,Yes,DSL,Yes,No,No,No,No,No,Month-to-month,No,Mailed check,43.89,2466.88,No
1796-TYOQH,Female,0,No,No,32,Yes,No,Fiber optic,No,No,No,No,No,Yes,Month-to-month,Yes,Electronic check,70.66,2277.61,No
1797-EQTAV,Male,0,No,No,35,Yes,Yes,DSL,Yes,No,No,Yes,Yes,Yes,Month-to-month,Yes,Mailed check,69.24,2398.51,No
1798-ROEGR,Female,0,Yes,No,2,Yes,No,DSL,No,No,Yes,No,No,No,One year,Yes,Bank transfer (automatic),42.56,31.34,Yes
1799-FVUES,Female,0,Yes,Yes,2,Yes,Yes,DSL,No,No,No,Yes,No,Yes,Month-to-month,No,Electronic check,50.96,18.8,Yes
1800-JOJPL,Male,1,Yes,No,58,Yes,Yes,DSL,No,Yes,No,No,No,Yes,Month-to-month,Yes,Mailed check,57.92,3307.65,No
1801-RWAPV,Female,0,No,Yes,53,Yes,Yes,Fiber optic,No,No,Yes,No,No,No,Month-to-month,No,Electronic check,65.47,3456.74,No
1802-FCBBM,Female,0,No,No,27,Yes,Yes,No,No internet service,No internet service,No internet service,No internet service,No internet service,No internet service,Month-to-month,No,Credit card (automatic),18.25,520.3,No
1803-IPEWU,Female,0,Yes,Yes,8,Yes,No,No,No internet service,No internet service,No internet service,No internet service,No internet service,No internet service,One year,No,Credit card (automatic),22.74,130.27,Yes
1804-GMTXZ,Female,0,Yes,No,25,Yes,No,No,No internet service,No internet service,No internet service,No internet service,No internet service,No internet service,Month-to-month,Yes,Mailed check,18.25,438.92,Yes
1805-MZGJO,Female,0,Yes,No,28,Yes,Yes,Fiber optic,Yes,No,No,No,Yes,No,Month-to-month,No,Mailed check,77.21,2236.6,No
1806-UFEWB,Male,0,No,No,9,Yes,No,No,No internet service,No internet service,No internet service,No internet service,No internet service,No internet service,Month-to-month,No,Mailed check,18.25,222.0,Yes
1807-UOZPS,Male,0,No,Yes,26,Yes,Yes,Fiber optic,No,Yes,Yes,No,No,Yes,One year,Yes,Electronic check,75.17,1927.26,Yes
1808-IVZSG,Male,0,Yes,No,62,Yes,No,Fiber optic,No,No,No,Yes,No,No,Month-to-month,Yes,Electronic check,60.63,3734.39,Yes
1809-DCXTK,Female,1,Yes,No,61,Yes,Yes,Fiber optic,No,Yes,Yes,Yes,No,Yes,Month-to-month,No,Mailed check,74.54,4639.34,No
1810-AFZKA,Female,0,Yes,No,17,Yes,Yes,DSL,Yes,No,Yes,No,No,No,One year,No,Mailed check,48.32,829.67,No
1811-UGFNB,Male,0,No,No,52,Yes,Yes,DSL,No,Yes,No,Yes,No,No,Month-to-month,No,Mailed check,43.42,2240.75,No
1812-DKORA,Female,0,No,No,16,Yes,No,Fiber optic,Yes,No,Yes,No,No,No,Month-to-month,Yes,Credit card (automatic),63.8,1015.7,No
1813-CCGAY,Female,0,No,Yes,48,Yes,No,Fiber optic,No,No,No,No,Yes,No,Month-to-month,No,Electronic check,69.58,3294.38,Yes
1814-KFTCS,Female,0,No,No,25,Yes,Yes,Fiber optic,Yes,No,No,Yes,Yes,Yes,Month-to-month,Yes,Credit card (automatic),81.68,1970.66,Yes
1815-BRLJE,Female,0,Yes,No,4,Yes,Yes,No,No internet service,No internet service,No internet service,No internet service,No internet service,No internet service,Two year,No,Credit card (automatic),18.25,56.79,No
1816-IBBFJ,Female,0,No,Yes,72,Yes,Yes,No,No internet service,No internet service,No internet service,No internet service,No internet service,No internet service,Two year,No,Credit card (automatic),23.61,1760.69,No
1817-RLDVU,Male,0,Yes,No,43,Yes,Yes,Fiber optic,No,No,No,No,No,No,Month-to-month,Yes,Bank transfer (automatic),63.85,2734.86,No
1818-QOFPQ,Male,0,Yes,No,23,Yes,Yes,No,No internet service,No internet service,No internet service,No internet service,No internet service,No internet service,Month-to-month,Yes,Electronic check,18.25,407.47,Yes
1819-CJENZ,Female,0,No,No,56,No,No phone service,No,No internet service,No internet service,No internet service,No internet service,No internet service,No internet service,Month-to-month,No,Mailed check,23.38,1339.73,Yes
1820-UMZFL,Male,0,No,Yes,6,Yes,No,DSL,No,Yes,No,No,No,Yes,Two year,Yes,Mailed check,47.67,292.04,No
1821-ZHEOP,Male,0,No,No,19,Yes,Yes,Fiber optic,No,No,No,No,Yes,Yes,Two year,Yes,Electronic check,78.4,1413.56,No
1822-APECT,Female,0,No,No,55,Yes,No,Fiber optic,Yes,Yes,No,No,No,Yes,Two year,Yes,Credit card (automatic),74.33,4104.3,No
1823-OMXPW,Male,0,No,No,71,Yes,Yes,DSL,No,Yes,No,No,No,Yes,Month-to-month,Yes,Electronic check,55.38,3839.73,No
1824-KUBVF,Male,0,Yes,No,18,Yes,Yes,Fiber optic,No,Yes,No,No,No,No,Month-to-month,Yes,Electronic check,65.04,1232.14,No
1825-ZZFNY,Female,0,No,No,63,Yes,No,Fiber optic,Yes,No,No,No,No,No,Two year,Yes,Mailed check,72.0,4561.84,No
1826-KHHAU,Male,0,No,No,42,Yes,No,DSL,No,No,No,No,No,No,Month-to-month,No,Electronic check,46.58,1979.7,No
1827-GFUHS,Female,0,No,No,43,Yes,Yes,No,No internet service,No internet service,No internet service,No internet service,No internet service,No internet service,Two year,No,Credit card (automatic),18.25,889.99,No
1828-VUXTH,Male,0,No,No,24,Yes,Yes,Fiber optic,No,Yes,Yes,No,No,No,Month-to-month,No,Electronic check,65.24,1510.48,No
1829-ZNRYP,Male,0,No,No,16,Yes,Yes,DSL,Yes,No,No,No,Yes,Yes,Two year,Yes,Electronic check,60.59,1004.31,No
1830-IOZJV,Male,1,No,Yes,38,Yes,Yes,Fiber optic,No,Yes,No,No,No,No,Month-to-month,Yes,Credit card (automatic),61.73,2355.29,Yes
1831-PDTMV,Male,0,Yes,No,24,Yes,No,Fiber optic,Yes,Yes,No,Yes,Yes,Yes,Month-to-month,Yes,Electronic check,82.31,2003.31,Yes
1832-EVGWI,Female,0,No,No,38,Yes,No,Fiber optic,Yes,No,No,No,Yes,No,Month-to-month,Yes,Mailed check,77.82,2935.96,Yes
1833-HPFPF,Female,0,No,No,38,Yes,No,No,No internet service,No internet service,No internet service,No internet service,No internet service,No internet service,One year,No,Bank transfer (automatic),18.25,719.44,No
1834-NUAYI,Male,0,Yes,No,58,Yes,Yes,DSL,Yes,Yes,No,No,No,No,Month-to-month,Yes,Credit card (automatic),46.27,2678.98,Yes
1835-YXMZS,Female,0,No,Yes,65,Yes,No,Fiber optic,No,No,No,No,No,No,Month-to-month,Yes,Electronic check,57.64,3796.83,Yes
1836-QKHWE,Female,1,Yes,No,15,Yes,Yes,No,No internet service,No internet service,No internet service,No internet service,No internet service,No internet service,One year,Yes,Electronic check,18.25,287.78,No
1837-JGJDI,Male,1,Yes,No,52,Yes,No,Fiber optic,No,Yes,No,No,Yes,No,Month-to-month,Yes,Electronic check,70.53,3715.23,Yes
1838-ZNBYI,Male,0,No,Yes,28,Yes,Yes,DSL,Yes,Yes,No,No,Yes,Yes,Two year,Yes,Electronic check,74.0,2038.0,No
1839-UAWJJ,Female,0,No,No,65,Yes,No,No,No internet service,No internet service,No internet service,No internet service,No internet service,No internet service,Month-to-month,No,Mailed check,20.22,1290.24,No
1840-TYVCF,Female,0,Yes,No,9,Yes,Yes,No,No internet service,No internet service,No internet service,No internet service,No internet service,No internet service,Month-to-month,Yes,Bank transfer (automatic),18.25,108.05,Yes
1841-ZFUBZ,Female,0,No,Yes,1,Yes,No,Fiber optic,No,No,No,No,No,No,Month-to-month,No,Bank transfer (automatic),59.65,123.51,No
1842-ZRWBL,Female,0,No,No,12,Yes,No,No,No internet service,No internet service,No internet service,No internet service,No internet service,No internet service,Month-to-month,Yes,Bank transfer (automatic),19.04,318.63,Yes
1843-VETGX,Male,0,No,No,53,Yes,No,Fiber optic,No,Yes,No,No,No,Yes,Two year,No,Mailed check,74.1,3888.79,No
1844-PTAAQ,Female,0,No,Yes,1,Yes,Yes,Fiber optic,No,No,No,No,No,No,Two year,Yes,Credit card (automatic),62.92,75.8,No
1845-AUTMI,Female,0,No,No,41,Yes,No,DSL,Yes,No,Yes,No,No,No,Month-to-month,Yes,Electronic check,46.87,1989.9,No
1846-OCNWK,Female,0,No,No,13,Yes,No,Fiber optic,Yes,No,No,No,No,Yes,Month-to-month,Yes,Bank transfer (automatic),84.59,1106.72,Yes
1847-XVLMZ,Male,1,No,Yes,50,Yes,Yes,No,No internet service,No internet service,No internet service,No internet service,No internet service,No internet service,Month-to-month,Yes,Bank transfer (automatic),18.25,919.86,No
1848-MAXJC,Female,0,Yes,Yes,48,No,No phone service,No,No internet service,No internet service,No internet service,No internet service,No internet service,No internet service,Two year,Yes,Bank transfer (automatic),28.43,1323.31,No
1849-XDPHP,Female,1,Yes,No,37,Yes,No,DSL,Yes,No,Yes,No,No,No,Month-to-month,No,Bank transfer (automatic),46.71,1733.51,No
1850-QSVOP,Male,0,Yes,No,33,Yes,No,Fiber optic,No,No,Yes,No,Yes,No,Two year,Yes,Electronic check,69.56,2246.38,No
1851-OYBKA,Male,0,No,No,28,Yes,Yes,No,No internet service,No internet service,No internet service,No internet service,No internet service,No internet service,Two year,Yes,Mailed check,18.25,585.98,No
1852-OZSDK,Female,0,Yes,No,63,No,No phone service,DSL,No,No,No,No,No,Yes,Two year,No,Credit card (automatic),47.07,2851.45,No
1853-ECMJK,Male,0,Yes,No,22,Yes,No,Fiber optic,No,No,No,No,No,Yes,One year,Yes,Electronic check,70.64,1493.23,Yes
1854-RBGIJ,Female,0,No,No,22,Yes,Yes,No,No internet service,No internet service,No internet service,No internet service,No internet service,No internet service,Month-to-month,Yes,Credit card (automatic),18.25,412.64,Yes
1855-RWGGC,Female,1,No,No,15,Yes,No,No,No internet service,No internet service,No internet service,No internet service,No internet service,No internet service,One year,Yes,Credit card (automatic),19.53,226.28,No
1856-LGQZA,Male,0,No,No,43,Yes,No,DSL,No,Yes,Yes,Yes,No,Yes,Month-to-month,Yes,Electronic check,64.38,2672.17,No
1857-EPOBI,Male,0,Yes,No,59,Yes,No,DSL,No,Yes,No,No,No,Yes,Two year,Yes,Electronic check,56.33,3453.54,No
1858-GDTRU,Male,0,Yes,No,70,Yes,Yes,Fiber optic,No,No,No,No,No,No,Month-to-month,Yes,Mailed check,62.25,4387.32,No
1859-DMAXC,Female,1,Yes,No,64,Yes,No,No,No internet service,No internet service,No internet service,No internet service,No internet service,No internet service,One year,Yes,Mailed check,18.25,1155.9,No
1860-PVDYW,Male,0,Yes,Yes,18,Yes,Yes,Fiber optic,No,Yes,No,No,No,No,Month-to-month,Yes,Bank transfer (automatic),67.43,1239.12,Yes
1861-YPZSA,Female,0,Yes,Yes,44,Yes,Yes,Fiber optic,No,Yes,No,No,Yes,No,Two year,No,Electronic check,67.2,2977.89,Yes
1862-ESVXK,Male,1,Yes,Yes,0,Yes,No,No,No internet service,No internet service,No internet service,No internet service,No internet service,No internet service,Month-to-month,Yes,Bank transfer (automatic),18.25,18.8,No
1863-MTEUD,Female,0,Yes,No,11,Yes,Yes,Fiber optic,Yes,No,No,No,No,No,Two year,Yes,Electronic check,67.28,724.88,No
1864-DDDTU,Female,0,No,Yes,24,Yes,No,Fiber optic,No,Yes,Yes,No,Yes,No,Month-to-month,Yes,Electronic check,75.66,1802.33,Yes
1865-RRPIR,Male,0,Yes,Yes,9,Yes,Yes,Fiber optic,No,No,No,No,No,No,Month-to-month,No,Bank transfer (automatic),66.91,582.55,No
1866-VBUDL,Male,0,Yes,No,65,Yes,No,Fiber optic,Yes,No,Yes,Yes,No,No,Month-to-month,No,Electronic check,56.08,3622.95,No
1867-GOGVZ,Female,1,No,Yes,32,Yes,No,DSL,Yes,Yes,No,No,Yes,Yes,Two year,No,Electronic check,74.1,2411.17,No
1868-UQPSI,Male,0,No,Yes,1,Yes,No,DSL,Yes,No,Yes,No,Yes,No,Month-to-month,Yes,Bank transfer (automatic),53.86,43.94,Yes
1869-NQEBT,Male,0,No,No,3,Yes,No,No,No internet service,No internet service,No internet service,No internet service,No internet service,No internet service,One year,No,Bank transfer (automatic),23.52,117.23,No
1870-PNNAC,Male,1,No,No,22,Yes,No,DSL,Yes,No,No,No,Yes,Yes,Month-to-month,Yes,Credit card (automatic),57.9,1235.12,No
1871-ZGZOS,Male,0,No,Yes,40,Yes,No,DSL,No,Yes,No,No,No,No,Month-to-month,No,Credit card (automatic),47.34,1916.1,No
1872-TBSIS,Male,1,No,No,37,Yes,Yes,Fiber optic,Yes,Yes,Yes,No,Yes,Yes,One year,No,Mailed check,82.21,2942.89,No
1873-ERPDL,Male,0,No,No,55,Yes,No,Fiber optic,No,No,No,No,No,No,Month-to-month,Yes,Bank transfer (automatic),66.89,3703.9,Yes
1874-GNWLC,Male,0,Yes,No,43,Yes,Yes,Fiber optic,No,Yes,Yes,No,No,Yes,Month-to-month,Yes,Bank transfer (automatic),72.12,3144.23,Yes
1875-EQZJJ,Female,0,Yes,No,63,Yes,Yes,Fiber optic,No,No,No,Yes,Yes,No,One year,Yes,Credit card (automatic),68.96,4286.73,No
1876-KQEMJ,Male,1,No,Yes,23,Yes,Yes,DSL,No,No,No,No,No,No,Month-to-month,Yes,Electronic check,41.79,973.75,Yes
1877-IQADD,Female,0,No,No,40,No,No phone service,DSL,No,No,No,No,Yes,Yes,Month-to-month,No,Electronic check,55.45,2255.88,No
1878-RIYRN,Male,1,No,No,27,No,No phone service,DSL,No,No,No,No,No,No,Month-to-month,Yes,Mailed check,43.69,1165.37,Yes
1879-YOFXJ,Female,0,No,No,61,Yes,Yes,No,No internet service,No internet service,No internet service,No internet service,No internet service,No internet service,Month-to-month,No,Electronic check,25.78,1616.6,No
1880-ODRRY,Female,0,No,No,14,Yes,No,Fiber optic,No,No,No,No,Yes,No,One year,Yes,Mailed check,62.13,834.89,Yes
1881-QLGPK,Male,0,No,No,61,Yes,Yes,Fiber optic,Yes,No,No,No,Yes,Yes,One year,No,Bank transfer (automatic),82.69,5058.44,No
1882-NCSRJ,Male,0,No,No,9,Yes,Yes,Fiber optic,Yes,No,No,Yes,Yes,No,Month-to-month,Yes,Bank transfer (automatic),72.05,651.46,Yes
1883-FMJRZ,Male,0,Yes,No,28,Yes,No,Fiber optic,No,No,No,Yes,Yes,Yes,Month-to-month,No,Credit card (automatic),74.82,2101.41,Yes
1884-TZPYY,Male,1,Yes,No,30,Yes,Yes,Fiber optic,Yes,Yes,No,No,No,No,Month-to-month,No,Credit card (automatic),69.71,2146.39,No
1885-FMDWN,Female,0,No,No,62,Yes,Yes,No,No internet service,No internet service,No internet service,No internet service,No internet service,No internet service,Two year,No,Credit card (automatic),21.96,1366.19,No
1886-ATEHL,Female,0,No,No,17,Yes,No,DSL,No,No,Yes,Yes,Yes,No,Month-to-month,Yes,Mailed check,45.78,755.74,No
1887-BLEVE,Male,1,Yes,Yes,6,Yes,No,Fiber optic,Yes,Yes,No,No,No,Yes,Two year,Yes,Electronic check,88.09,616.42,No
1888-MIJAC,Female,0,No,No,26,Yes,No,No,No internet service,No internet service,No internet service,No internet service,No internet service,No internet service,Month-to-month,Yes,Electronic check,19.95,603.85,No
1889-RLCZY,Male,1,No,Yes,8,Yes,Yes,DSL,Yes,No,No,Yes,Yes,Yes,Month-to-month,Yes,Electronic check,65.69,624.33,Yes
1890-IZBCN,Female,0,Yes,No,19,Yes,No,Fiber optic,Yes,No,No,No,No,No,Two year,Yes,Bank transfer (automatic),65.98,1312.78,Yes
1891-DYSMG,Male,0,No,Yes,49,Yes,Yes,Fiber optic,No,Yes,No,No,Yes,No,One year,No,Electronic check,67.94,3365.48,No
1892-LCWWI,Female,0,No,Yes,60,Yes,Yes,Fiber optic,Yes,Yes,Yes,No,No,No,Month-to-month,No,Electronic check,62.11,3794.29,No
1893-BVILL,Male,0,No,No,66,Yes,Yes,DSL,No,No,No,Yes,No,Yes,Month-to-month,Yes,Bank transfer (automatic),56.03,3668.66,Yes
1894-OBRMN,Female,0,No,Yes,16,Yes,No,DSL,No,No,No,No,Yes,Yes,Month-to-month,Yes,Mailed check,66.54,1024.67,No
1895-EZJLJ,Male,1,Yes,Yes,20,Yes,Yes,DSL,Yes,Yes,No,No,Yes,No,Month-to-month,Yes,Mailed check,64.81,1223.31,Yes
1896-XKYBE,Male,0,No,No,72,Yes,No,No,No internet service,No internet service,No internet service,No internet service,No internet service,No internet service,Month-to-month,No,Bank transfer (automatic),18.25,1279.05,No
1897-GFVWC,Female,0,No,No,31,No,No phone service,No,No internet service,No internet service,No internet service,No internet service,No internet service,No internet service,Two year,Yes,Mailed check,18.25,555.14,No
1898-MCZYX,Female,1,No,No,47,Yes,Yes,DSL,No,No,No,No,Yes,No,Month-to-month,Yes,Mailed check,47.23,2143.49,No
1899-UFKZQ,Female,0,Yes,No,37,Yes,Yes,DSL,No,Yes,Yes,No,No,No,One year,No,Mailed check,34.6,1281.54,No
1900-JLQDB,Female,1,No,Yes,27,Yes,No,Fiber optic,No,No,No,Yes,Yes,Yes,Month-to-month,No,Mailed check,78.48,2069.98,Yes
1901-KGBZR,Female,0,No,No,59,Yes,Yes,Fiber optic,Yes,No,No,No,No,No,Month-to-month,Yes,Electronic check,64.48,3698.45,Yes
1902-UDHTN,Male,0,Yes,No,69,Yes,No,Fiber optic,Yes,Yes,No,Yes,No,No,Month-to-month,Yes,Mailed check,69.22,4648.24,No
1903-LVURK,Female,0,Yes,No,57,Yes,No,Fiber optic,No,No,Yes,No,Yes,No,Month-to-month,No,Mailed check,66.47,3729.23,Yes
1904-HBYOI,Female,0,Yes,No,69,Yes,Yes,No,No internet service,No internet service,No internet service,No internet service,No internet service,No internet service,One year,Yes,Credit card (automatic),21.08,1425.28,No
1905-STHYS,Female,0,No,No,52,Yes,No,DSL,No,No,No,No,No,Yes,Month-to-month,No,Electronic check,55.11,2925.46,No
1906-EKOHS,Female,0,No,No,9,Yes,No,DSL,No,No,No,No,Yes,No,One year,No,Mailed check,44.94,348.23,Yes
1907-WHZSR,Male,0,No,Yes,1,Yes,No,No,No internet service,No internet service,No internet service,No internet service,No internet service,No internet service,Two year,Yes,Credit card (automatic),18.25,130.43,No
1908-JGIAS,Male,0,Yes,Yes,24,Yes,Yes,Fiber optic,No,No,No,No,No,No,Month-to-month,No,Electronic check,41.09,1020.7,Yes
1909-ESAOP,Male,1,No,No,37,Yes,Yes,No,No internet service,No internet service,No internet service,No internet service,No internet service,No internet service,Two year,No,Bank transfer (automatic),26.24,968.04,Yes
1910-WGZLH,Male,0,No,Yes,0,Yes,No,Fiber optic,No,Yes,Yes,No,Yes,No,One year,No,Electronic check,72.21,18.8,Yes
1911-EJUEQ,Female,0,Yes,No,72,Yes,No,Fiber optic,Yes,No,No,No,Yes,Yes,Two year,Yes,Credit card (automatic),85.5,6136.72,No
1912-ZEVOM,Male,0,No,Yes,12,No,No phone service,Fiber optic,No,Yes,Yes,Yes,Yes,Yes,Two year,No,Electronic check,82.39,940.65,Yes
1913-AKWAK,Male,0,No,No,70,Yes,No,DSL,No,Yes,Yes,No,No,No,Month-to-month,Yes,Credit card (automatic),45.42,3163.81,No
1914-RRUZP,Female,0,Yes,No,0,Yes,No,DSL,No,No,No,No,No,No,One year,Yes,Credit card (automatic),42.68,18.8,No
1915-MGAZP,Female,0,Yes,No,30,Yes,No,No,No internet service,No internet service,No internet service,No internet service,No internet service,No internet service,Month-to-month,No,Electronic check,18.25,580.47,No
1916-AQFBQ,Female,0,No,No,66,Yes,Yes,DSL,No,No,No,No,No,No,Two year,No,Electronic check,42.26,2721.59,No
1917-FNRFJ,Female,0,Yes,No,55,Yes,Yes,DSL,No,No,No,No,Yes,No,One year,No,Credit card (automatic),41.12,2275.49,No
1918-XRIHJ,Female,0,Yes,No,18,Yes,No,Fiber optic,No,No,No,Yes,Yes,No,One year,Yes,Electronic check,73.59,1316.82,No
1919-QWZFN,Female,1,No,Yes,3,Yes,Yes,Fiber optic,No,No,No,Yes,Yes,Yes,Two year,Yes,Electronic check,75.64,207.44,No
1920-VVFZG,Male,0,No,No,27,Yes,No,DSL,Yes,No,Yes,Yes,No,No,Month-to-month,No,Electronic check,47.83,1175.48,No
1921-LCNVS,Male,0,No,No,43,Yes,No,Fiber optic,Yes,No,No,No,No,No,Two year,Yes,Electronic check,67.41,2872.42,Yes
1922-WPGHR,Female,0,Yes,No,29,Yes,Yes,Fiber optic,No,Yes,No,Yes,No,Yes,Month-to-month,Yes,Bank transfer (automatic),88.43,2561.65,No
1923-YMUIJ,Male,0,No,Yes,35,No,No phone service,No,No internet service,No internet service,No internet service,No internet service,No internet service,No internet service,Month-to-month,No,Mailed check,24.45,875.74,No
1924-UWIOT,Female,0,No,Yes,52,Yes,No,No,No internet service,No internet service,No internet service,No internet service,No internet service,No internet service,One year,No,Bank transfer (automatic),26.05,1378.28,No
1925-BYMBS,Female,0,No,No,58,Yes,Yes,No,No internet service,No internet service,No internet service,No internet service,No internet service,No internet service,Month-to-month,No,Electronic check,21.38,1283.3,No
1926-ZBCFC,Male,0,Yes,Yes,67,Yes,Yes,No,No internet service,No internet service,No internet service,No internet service,No internet service,No internet service,Month-to-month,Yes,Mailed check,20.79,1387.91,No
1927-JXFWP,Male,0,No,No,3,Yes,No,No,No internet service,No internet service,No internet service,No internet service,No internet service,No internet service,Month-to-month,No,Electronic check,18.25,51.5,No
1928-QSCRG,Male,0,No,No,10,Yes,Yes,No,No internet service,No internet service,No internet service,No internet service,No internet service,No internet service,Month-to-month,Yes,Mailed check,26.94,258.33,No
1929-ITLEC,Male,0,No,Yes,52,Yes,Yes,DSL,No,No,No,Yes,No,No,One year,Yes,Mailed check,49.76,2615.25,No
1930-KYDEA,Male,0,No,No,53,No,No phone service,Fiber optic,No,No,No,No,No,No,One year,No,Credit card (automatic),59.94,3175.21,No
1931-RLMIB,Female,0,Yes,No,44,Yes,Yes,Fiber optic,No,No,No,Yes,Yes,Yes,Month-to-month,Yes,Credit card (automatic),76.5,3404.95,Yes
1932-EMPPX,Male,0,No,No,16,Yes,No,No,No internet service,No internet service,No internet service,No internet service,No internet service,No internet service,Month-to-month,No,Credit card (automatic),18.25,339.12,Yes
1933-CVDKW,Male,0,No,No,63,Yes,Yes,Fiber optic,Yes,Yes,Yes,No,Yes,Yes,Two year,Yes,Credit card (automatic),89.04,5651.11,No
1934-ZNCPV,Female,0,No,No,57,Yes,No,DSL,Yes,No,No,Yes,Yes,No,Month-to-month,Yes,Electronic check,51.02,2886.81,No
1935-OJIKP,Male,0,Yes,No,12,Yes,Yes,No,No internet service,No internet service,No internet service,No internet service,No internet service,No internet service,Month-to-month,Yes,Credit card (automatic),21.25,161.87,Yes
1936-JQSBX,Male,0,No,No,50,Yes,Yes,Fiber optic,No,No,No,No,Yes,No,Two year,Yes,Electronic check,74.74,3744.54,Yes
1937-WBFSH,Male,0,No,No,51,Yes,No,Fiber optic,Yes,Yes,Yes,Yes,No,No,Two year,Yes,Bank transfer (automatic),69.32,3545.95,No
1938-ZCZNY,Male,0,No,No,14,No,No phone service,Fiber optic,No,No,No,No,No,No,Two year,Yes,Electronic check,62.31,773.74,Yes
1939-PAUCV,Male,0,No,No,3,Yes,Yes,Fiber optic,No,No,No,No,Yes,Yes,Two year,Yes,Credit card (automatic),84.84,326.86,Yes
1940-ZRIFW,Female,0,Yes,No,8,Yes,Yes,DSL,Yes,Yes,No,Yes,No,No,Month-to-month,No,Electronic check,48.12,407.97,Yes
1941-UYAUJ,Male,0,No,No,66,Yes,Yes,DSL,Yes,No,Yes,Yes,No,No,One year,Yes,Mailed check,53.13,3578.92,No
1942-FWLDM,Male,0,No,Yes,56,Yes,No,No,No internet service,No internet service,No internet service,No internet service,No internet service,No internet service,Month-to-month,Yes,Mailed check,29.66,1668.23,Yes
1943-QHZTC,Female,0,No,Yes,28,Yes,No,DSL,No,Yes,Yes,No,No,Yes,Two year,Yes,Electronic check,61.63,1738.34,No
1944-LGLBX,Male,0,Yes,No,46,Yes,Yes,Fiber optic,Yes,No,Yes,Yes,No,Yes,Month-to-month,Yes,Mailed check,76.26,3526.89,Yes
1945-NVWEI,Female,0,Yes,Yes,4,Yes,Yes,Fiber optic,No,Yes,No,No,No,No,Month-to-month,Yes,Credit card (automatic),59.92,216.37,Yes
1946-UKECQ,Female,0,No,No,69,Yes,No,No,No internet service,No internet service,No internet service,No internet service,No internet service,No internet service,Month-to-month,Yes,Bank transfer (automatic),22.84,1517.5,No
1947-BXAGN,Female,0,Yes,No,63,Yes,No,Fiber optic,Yes,Yes,No,No,Yes,No,Month-to-month,Yes,Mailed check,81.94,5098.19,Yes
1948-ESKWY,Male,0,No,No,58,Yes,Yes,Fiber optic,No,No,No,No,No,No,One year,No,Credit card (automatic),69.17,4125.78,No
1949-BHICB,Male,0,Yes,Yes,34,Yes,Yes,DSL,No,No,No,No,No,No,Month-to-month,Yes,Mailed check,38.24,1290.29,No
1950-GEUZE,Male,1,No,No,4,Yes,No,DSL,No,No,Yes,No,No,No,Month-to-month,No,Credit card (automatic),36.31,86.04,Yes
1951-TMUTF,Male,1,No,Yes,49,Yes,No,Fiber optic,No,Yes,Yes,No,Yes,Yes,Month-to-month,No,Bank transfer (automatic),94.11,4700.52,Yes
1952-TRYBY,Female,0,Yes,No,59,Yes,Yes,DSL,Yes,Yes,No,No,No,No,Month-to-month,No,Bank transfer (automatic),48.85,2947.31,No
1953-ZFIYC,Female,0,No,No,14,No,No phone service,Fiber optic,No,Yes,Yes,Yes,Yes,No,Month-to-month,Yes,Electronic check,75.1,1107.42,No
1954-AASEM,Female,0,Yes,Yes,23,Yes,No,Fiber optic,No,No,Yes,Yes,Yes,Yes,One year,No,Bank transfer (automatic),76.8,1662.51,Yes
1955-SLPYY,Male,0,Yes,Yes,20,Yes,No,No,No internet service,No internet service,No internet service,No internet service,No internet service,No internet service,Month-to-month,No,Credit card (automatic),20.97,485.32,Yes
1956-SCLEB,Female,0,Yes,Yes,1,Yes,No,DSL,No,Yes,No,No,No,Yes,Month-to-month,Yes,Bank transfer (automatic),55.01,18.8,No
1957-VGMYO,Male,0,No,Yes,44,Yes,Yes,Fiber optic,No,No,Yes,No,No,Yes,Month-to-month,Yes,Bank transfer (automatic),69.96,3070.88,Yes
1958-VCUTE,Female,0,Yes,Yes,9,Yes,No,Fiber optic,No,Yes,No,No,No,No,Month-to-month,No,Mailed check,65.73,582.44,Yes
1959-XHVAH,Female,1,Yes,No,44,Yes,No,DSL,No,No,No,No,No,No,Month-to-month,No,Electronic check,40.17,1794.13,Yes
1960-XRTPR,Female,0,No,No,36,Yes,Yes,Fiber optic,Yes,Yes,Yes,No,Yes,Yes,Two year,Yes,Bank transfer (automatic),83.76,3023.77,No
1961-TLMMJ,Male,0,Yes,No,22,Yes,Yes,Fiber optic,Yes,No,No,No,Yes,No,Two year,No,Bank transfer (automatic),80.76,1750.08,No
1962-GYNXP,Female,1,Yes,No,44,No,No phone service,DSL,No,No,No,No,Yes,No,Month-to-month,Yes,Mailed check,54.28,2473.96,Yes
1963-OLIHR,Female,0,Yes,No,40,Yes,No,Fiber optic,No,Yes,No,Yes,Yes,No,Two year,No,Mailed check,77.86,3199.86,No
1964-WRMRO,Male,0,Yes,Yes,64,No,No phone service,DSL,Yes,Yes,No,No,Yes,Yes,Month-to-month,No,Bank transfer (automatic),66.42,4268.67,No
1965-DQEVP,Female,0,Yes,Yes,60,Yes,No,No,No internet service,No internet service,No internet service,No internet service,No internet service,No internet service,Two year,Yes,Bank transfer (automatic),25.59,1528.87,No
1966-IJXRQ,Female,0,Yes,No,5,Yes,No,Fiber optic,No,Yes,Yes,No,No,No,Month-to-month,Yes,Mailed check,64.65,398.93,Yes
1967-RGDZE,Male,0,Yes,No,64,Yes,No,DSL,No,Yes,Yes,No,No,No,Month-to-month,No,Electronic check,42.98,2803.54,Yes
1968-WPCZR,Male,0,Yes,Yes,17,Yes,Yes,DSL,No,Yes,No,Yes,No,No,Month-to-month,No,Credit card (automatic),44.09,685.99,Yes
1969-WUNOQ,Male,0,Yes,No,39,Yes,Yes,Fiber optic,No,No,No,Yes,Yes,No,Month-to-month,No,Credit card (automatic),69.28,2813.29,No
1970-AYUQW,Male,0,No,Yes,37,Yes,Yes,No,No internet service,No internet service,No internet service,No internet service,No internet service,No internet service,Month-to-month,Yes,Mailed check,18.25,627.21,No
1971-YKQZN,Female,0,No,No,44,Yes,Yes,DSL,Yes,No,Yes,No,Yes,No,Month-to-month,No,Credit card (automatic),58.87,2567.64,No
1972-TSUGX,Female,0,Yes,No,16,Yes,No,DSL,Yes,Yes,Yes,No,No,Yes,Month-to-month,Yes,Bank transfer (automatic),60.81,898.74,No
1973-MRWNA,Male,1,No,No,12,Yes,Yes,No,No internet service,No internet service,No internet service,No internet service,No internet service,No internet service,One year,Yes,Electronic check,24.36,266.26,No
1974-GHRIA,Female,0,No,Yes,9,Yes,No,DSL,No,No,No,No,Yes,Yes,Two year,Yes,Electronic check,57.14,573.19,Yes
1975-VQSFC,Female,0,No,Yes,30,Yes,No,DSL,Yes,No,No,No,No,No,Month-to-month,No,Electronic check,47.03,1412.42,Yes
1976-XEBTY,Male,0,Yes,No,49,Yes,Yes,DSL,No,Yes,No,No,No,No,One year,No,Credit card (automatic),44.55,2193.78,Yes
1977-DJJXU,Female,0,No,No,22,Yes,No,Fiber optic,No,Yes,No,No,No,No,Month-to-month,Yes,Bank transfer (automatic),62.89,1343.1,No
1978-KPZQP,Female,0,Yes,No,44,Yes,Yes,Fiber optic,No,No,No,No,Yes,No,Month-to-month,Yes,Credit card (automatic),71.75,3192.21,Yes
1979-GPCZP,Female,0,No,No,37,No,No phone service,Fiber optic,No,No,Yes,No,No,Yes,Month-to-month,Yes,Mailed check,73.43,2620.93,No
1980-HLCQU,Male,1,Yes,No,10,Yes,No,DSL,Yes,No,No,No,No,No,Month-to-month,Yes,Mailed check,41.98,403.16,No
1981-RKDPQ,Female,1,Yes,Yes,7,Yes,Yes,Fiber optic,Yes,Yes,No,Yes,No,No,Two year,Yes,Electronic check,77.89,537.92,No
1982-IFXTY,Female,1,No,No,12,Yes,Yes,DSL,No,No,No,No,No,No,Month-to-month,Yes,Electronic check,38.76,448.67,Yes
1983-BIUFC,Female,0,No,Yes,33,Yes,Yes,Fiber optic,No,No,No,No,Yes,Yes,One year,Yes,Mailed check,90.93,3013.44,Yes
1984-TFGAW,Male,1,No,No,64,Yes,No,Fiber optic,No,Yes,No,Yes,No,Yes,Month-to-month,No,Credit card (automatic),71.26,4484.71,No
1985-AEFMB,Male,0,Yes,No,9,Yes,Yes,No,No internet service,No internet service,No internet service,No internet service,No internet service,No internet service,Two year,Yes,Bank transfer (automatic),18.3,209.56,No
1986-OOMZY,Female,1,Yes,No,35,Yes,Yes,Fiber optic,No,No,No,Yes,No,Yes,Month-to-month,Yes,Bank transfer (automatic),59.58,2031.39,No
1987-NZVGN,Female,1,No,Yes,3,Yes,Yes,Fiber optic,No,Yes,Yes,No,No,No,One year,Yes,Credit card (automatic),64.98,290.61,Yes
1988-ZXJQN,Male,1,No,No,20,Yes,No,Fiber optic,No,No,No,Yes,No,No,Two year,Yes,Bank transfer (automatic),66.04,1339.5,No
1989-HDZPX,Male,0,No,Yes,60,Yes,No,DSL,Yes,No,No,No,No,No,Month-to-month,Yes,Electronic check,39.95,2427.91,No
1990-MVYTR,Male,0,No,No,37,Yes,Yes,Fiber optic,No,Yes,Yes,No,Yes,No,One year,Yes,Mailed check,78.22,2860.49,No
1991-NREZI,Male,0,Yes,No,38,Yes,No,DSL,No,No,No,No,No,Yes,Month-to-month,Yes,Bank transfer (automatic),46.72,1751.27,No
1992-CHTVJ,Female,0,Yes,No,53,Yes,No,Fiber optic,No,Yes,No,No,No,Yes,Two year,Yes,Credit card (automatic),76.56,4124.0,No
1993-VSUCK,Male,0,Yes,No,61,Yes,No,DSL,No,Yes,Yes,No,Yes,Yes,Two year,Yes,Mailed check,69.35,4159.29,No
1994-KQPGD,Male,0,No,No,18,Yes,Yes,Fiber optic,Yes,No,Yes,No,Yes,No,One year,Yes,Credit card (automatic),86.15,1550.33,No
1995-WSLOK,Male,0,No,Yes,1,Yes,Yes,Fiber optic,No,No,No,Yes,No,No,One year,No,Credit card (automatic),66.1,66.89,No
1996-EEORK,Male,0,Yes,No,21,Yes,No,Fiber optic,No,Yes,Yes,Yes,Yes,No,Month-to-month,Yes,Electronic check,73.49,1566.07,No
1997-ZLBTO,Female,0,Yes,Yes,56,Yes,No,Fiber optic,No,No,No,No,No,Yes,Month-to-month,Yes,Bank transfer (automatic),62.29,3500.0,No
1998-TDVRF,Female,1,Yes,No,2,Yes,No,Fiber optic,Yes,No,No,No,Yes,No,Month-to-month,No,Credit card (automatic),77.51,178.17,Yes
1999-WZSKX,Female,0,Yes,Yes,22,Yes,No,DSL,Yes,Yes,No,No,Yes,No,Month-to-month,No,Mailed check,67.2,1450.34,No
2000-BHKER,Female,0,No,Yes,3,Yes,Yes,No,No internet service,No internet service,No internet service,No internet service,No internet service,No internet service,Month-to-month,Yes,Mailed check,20.26,188.03,Yes
2001-WRNVJ,Male,0,Yes,Yes,27,Yes,No,DSL,No,No,No,No,No,No,Two year,No,Mailed check,37.86,1022.79,No
2002-CICKL,Female,0,No,Yes,69,Yes,No,DSL,Yes,No,No,Yes,Yes,No,Two year,Yes,Credit card (automatic),59.02,4124.42,No
2003-LCUGN,Female,0,No,No,69,Yes,Yes,DSL,No,No,No,Yes,No,Yes,Month-to-month,Yes,Credit card (automatic),49.2,3447.05,No
2004-XKGYU,Male,0,Yes,No,40,Yes,No,Fiber optic,Yes,No,No,No,Yes,No,Month-to-month,No,Bank transfer (automatic),73.63,2813.23,No
2005-JKOSP,Female,1,Yes,Yes,36,Yes,Yes,DSL,No,Yes,No,Yes,Yes,Yes,One year,Yes,Credit card (automatic),66.58,2318.65,No
2006-VUTLR,Female,0,No,Yes,6,Yes,Yes,DSL,No,Yes,No,No,No,Yes,Two year,Yes,Bank transfer (automatic),58.77,311.64,No
2007-WMEDN,Female,0,Yes,No,0,Yes,No,Fiber optic,No,Yes,No,Yes,Yes,No,Month-to-month,Yes,Mailed check,69.63,18.8,Yes
2008-HIYSC,Male,0,No,No,33,Yes,No,Fiber optic,No,Yes,No,No,No,No,One year,Yes,Electronic check,56.27,1870.57,No
2009-EUZRA,Male,0,No,No,51,Yes,No,Fiber optic,Yes,Yes,No,No,No,No,Two year,Yes,Bank transfer (automatic),64.06,3281.8,No
2010-HSQQK,Male,0,Yes,No,9,Yes,No,Fiber optic,Yes,No,No,No,No,Yes,Month-to-month,No,Bank transfer (automatic),70.95,599.04,Yes
2011-BFVNC,Female,0,No,No,59,Yes,Yes,No,No internet service,No internet service,No internet service,No internet service,No internet service,No internet service,Month-to-month,Yes,Bank transfer (automatic),29.76,1654.24,No
2012-LDLMB,Male,0,No,No,5,Yes,Yes,No,No internet service,No internet service,No internet service,No internet service,No internet service,No internet service,Month-to-month,Yes,Bank transfer (automatic),18.25,172.4,Yes
2013-BOWQG,Male,0,Yes,No,67,Yes,No,DSL,No,No,No,No,Yes,Yes,Two year,Yes,Electronic check,62.6,4238.31,No
2014-NLQNF,Female,0,No,Yes,71,Yes,Yes,Fiber optic,No,No,Yes,Yes,Yes,No,Two year,Yes,Bank transfer (automatic),67.16,4801.48,No
2015-SXFRX,Male,0,Yes,No,47,Yes,No,Fiber optic,No,Yes,Yes,No,Yes,No,Two year,No,Electronic check,71.6,3389.54,Yes
2016-EXXFB,Female,1,No,Yes,44,Yes,No,DSL,No,No,Yes,No,No,No,One year,Yes,Electronic check,45.44,2030.85,Yes
2017-HOOKV,Female,0,No,No,11,Yes,No,DSL,No,No,Yes,No,No,No,Month-to-month,Yes,Electronic check,30.99,265.62,Yes
2018-VXARL,Male,1,No,No,69,Yes,Yes,No,No internet service,No internet service,No internet service,No internet service,No internet service,No internet service,Month-to-month,No,Electronic check,26.55,1753.85,No
2019-LYKHG,Female,0,Yes,No,20,Yes,No,Fiber optic,No,No,Yes,No,No,No,Month-to-month,No,Electronic check,59.98,1231.12,Yes
2020-WUBKV,Female,0,Yes,Yes,35,Yes,No,Fiber optic,No,No,No,Yes,No,No,Month-to-month,No,Credit card (automatic),60.54,2010.49,Yes
2021-JCTJR,Female,0,Yes,No,22,Yes,Yes,DSL,Yes,No,Yes,Yes,No,No,Month-to-month,Yes,Credit card (automatic),50.41,1130.35,No
2022-NRXHJ,Male,0,No,Yes,54,Yes,No,No,No internet service,No internet service,No internet service,No internet service,No internet service,No internet service,Month-to-month,Yes,Electronic check,27.09,1501.86,No
2023-VMUHD,Female,0,Yes,No,26,Yes,Yes,Fiber optic,Yes,No,No,No,Yes,Yes,Month-to-month,Yes,Electronic check,80.56,2182.15,Yes
2024-DEAQB,Male,0,No,No,19,Yes,No,No,No internet service,No internet service,No internet service,No internet service,No internet service,No internet service,Month-to-month,No,Bank transfer (automatic),18.25,331.12,Yes
2025-HGOZY,Male,0,Yes,No,14,Yes,No,DSL,No,Yes,Yes,Yes,No,No,One year,No,Credit card (automatic),36.72,459.57,No
2026-EBGHG,Female,0,Yes,No,41,Yes,No,Fiber optic,Yes,Yes,Yes,No,Yes,No,One year,No,Bank transfer (automatic),80.1,3336.69,Yes
2027-GNURF,Female,1,Yes,No,3,Yes,Yes,Fiber optic,No,Yes,Yes,No,Yes,Yes,Month-to-month,Yes,Bank transfer (automatic),80.37,229.03,Yes
2028-DJRLP,Female,1,No,No,28,Yes,No,DSL,No,No,No,No,No,Yes,Month-to-month,Yes,Mailed check,43.58,1135.16,Yes
2029-YGFEC,Female,0,No,Yes,54,No,No phone service,Fiber optic,No,No,Yes,No,Yes,Yes,Month-to-month,Yes,Bank transfer (automatic),82.6,4304.94,Yes
2030-LOJZT,Female,0,Yes,Yes,48,Yes,No,DSL,Yes,Yes,Yes,No,No,Yes,One year,No,Bank transfer (automatic),62.94,3050.17,No
2031-SPKHC,Male,0,No,No,70,Yes,Yes,No,No internet service,No internet service,No internet service,No internet service,No internet service,No internet service,One year,No,Credit card (automatic),18.7,1348.66,No
2032-WGWGN,Male,0,Yes,No,53,No,No phone service,Fiber optic,No,Yes,No,No,No,Yes,One year,Yes,Credit card (automatic),73.68,3904.54,No
2033-BJSZI,Female,0,No,No,32,Yes,Yes,DSL,Yes,No,No,No,Yes,Yes,Two year,No,Bank transfer (automatic),66.25,2117.73,No
2034-PSRIP,Male,0,No,Yes,36,Yes,Yes,Fiber optic,Yes,Yes,No,No,No,Yes,One year,No,Electronic check,73.86,2659.88,No
2035-MJYTN,Male,1,Yes,No,6,No,No phone service,Fiber optic,No,Yes,Yes,No,No,No,Month-to-month,Yes,Mailed check,67.79,397.63,Yes
2036-LYSGW,Male,0,Yes,No,23,No,No phone service,Fiber optic,No,No,No,No,No,Yes,Two year,Yes,Bank transfer (automatic),73.81,1617.82,No
2037-OPHJD,Female,0,Yes,No,54,Yes,No,No,No internet service,No internet service,No internet service,No internet service,No internet service,No internet service,Month-to-month,No,Credit card (automatic),26.61,1418.85,No
2038-SSUON,Male,0,Yes,No,10,Yes,No,No,No internet service,No internet service,No internet service,No internet service,No internet service,No internet service,Month-to-month,Yes,Electronic check,18.25,176.29,Yes
2039-APJSV,Male,0,No,No,43,Yes,Yes,Fiber optic,No,No,No,No,No,Yes,Month-to-month,No,Mailed check,72.56,3170.09,No
2040-CEIRK,Male,0,No,No,64,Yes,Yes,Fiber optic,No,No,Yes,No,No,No,Month-to-month,Yes,Credit card (automatic),62.91,3987.61,No
2041-PBLVF,Female,0,No,No,5,Yes,Yes,Fiber optic,No,Yes,Yes,No,Yes,No,One year,No,Bank transfer (automatic),83.01,393.43,Yes
2042-KHLBI,Male,0,No,No,30,Yes,No,DSL,No,No,No,No,Yes,Yes,Two year,Yes,Mailed check,59.02,1794.24,No
2043-OBAJB,Female,1,Yes,No,42,Yes,No,No,No internet service,No internet service,No internet service,No internet service,No internet service,No internet service,Month-to-month,Yes,Bank transfer (automatic),19.04,766.13,No
2044-LWHEV,Male,0,Yes,No,11,Yes,No,No,No internet service,No internet service,No internet service,No internet service,No internet service,No internet service,Month-to-month,No,Mailed check,18.86,172.92,No
2045-AOFLH,Female,0,No,No,64,Yes,No,Fiber optic,No,No,Yes,No,No,Yes,Month-to-month,No,Electronic check,68.0,4277.12,Yes
2046-MSAKT,Male,1,No,No,51,Yes,Yes,DSL,No,Yes,No,No,Yes,No,Month-to-month,No,Mailed check,50.51,2642.65,No
2047-AHEQH,Female,0,No,Yes,69,Yes,No,DSL,Yes,No,No,Yes,Yes,Yes,Month-to-month,Yes,Credit card (automatic),59.89,4156.58,No
2048-YJBIX,Male,0,No,No,29,Yes,No,DSL,No,No,Yes,No,No,No,Month-to-month,No,Bank transfer (automatic),36.56,1101.74,No
2049-WCRGO,Female,0,Yes,No,54,Yes,Yes,DSL,No,Yes,No,No,Yes,Yes,Month-to-month,No,Mailed check,67.26,3605.39,No
2050-UVTRY,Female,1,Yes,Yes,38,Yes,No,No,No internet service,No internet service,No internet service,No internet service,No internet service,No internet service,Two year,Yes,Electronic check,18.25,785.1,No
2051-CWNXB,Male,0,No,No,5,Yes,No,No,No internet service,No internet service,No internet service,No internet service,No internet service,No internet service,One year,Yes,Electronic check,23.15,131.51,No
2052-NVKPH,Male,0,Yes,Yes,55,No,No phone service,DSL,No,No,No,Yes,Yes,Yes,One year,Yes,Electronic check,59.83,3322.99,No
2053-GKCQN,Female,0,No,Yes,7,No,No phone service,Fiber optic,No,No,No,No,No,No,Month-to-month,Yes,Credit card (automatic),62.72,454.91,No
2054-FHVEH,Female,0,Yes,Yes,54,Yes,No,DSL,No,Yes,Yes,No,No,Yes,Month-to-month,No,Credit card (automatic),58.5,3167.69,No
2055-BOLQA,Male,0,Yes,No,15,Yes,No,DSL,No,No,Yes,No,No,Yes,Two year,Yes,Bank transfer (automatic),48.62,736.76,No
2056-ONTVP,Female,0,Yes,Yes,1,Yes,No,DSL,Yes,Yes,No,No,Yes,No,Month-to-month,Yes,Electronic check,65.87,26.98,No
2057-IAQMU,Male,1,No,No,63,Yes,Yes,Fiber optic,No,No,No,Yes,Yes,No,Month-to-month,Yes,Bank transfer (automatic),75.76,4790.71,No
2058-ZUEJF,Male,0,No,No,10,Yes,Yes,DSL,No,No,No,Yes,No,Yes,Month-to-month,No,Bank transfer (automatic),44.12,457.65,Yes
2059-XSYMA,Female,1,Yes,No,3,No,No phone service,DSL,Yes,Yes,No,No,Yes,No,One year,Yes,Credit card (automatic),56.52,152.02,No
2060-TYONH,Male,0,No,No,2,Yes,No,Fiber optic,Yes,No,Yes,No,No,No,Month-to-month,Yes,Electronic check,63.35,110.37,Yes
2061-JIQIC,Female,0,No,No,14,Yes,No,DSL,Yes,No,No,Yes,Yes,Yes,Month-to-month,No,Bank transfer (automatic),70.12,986.1,No
2062-KLJYQ,Male,1,Yes,No,67,Yes,No,Fiber optic,Yes,No,Yes,No,No,No,Month-to-month,Yes,Credit card (automatic),71.49,4741.08,No
2063-QYKVD,Male,0,Yes,No,42,Yes,No,No,No internet service,No internet service,No internet service,No internet service,No internet service,No internet service,Month-to-month,Yes,Credit card (automatic),21.5,911.06,Yes
2064-GUZNG,Male,0,Yes,No,8,Yes,Yes,DSL,No,No,No,No,No,No,Month-to-month,Yes,Mailed check,47.11,426.76,No
2065-XHAXV,Male,0,Yes,Yes,24,Yes,Yes,No,No internet service,No internet service,No internet service,No internet service,No internet service,No internet service,Month-to-month,Yes,Electronic check,18.26,374.51,No
2066-DLXCM,Male,0,No,Yes,64,No,No phone service,Fiber optic,Yes,No,No,Yes,No,No,Month-to-month,Yes,Electronic check,72.51,4697.91,No
2067-TFKWD,Male,0,Yes,Yes,65,Yes,No,Fiber optic,No,No,Yes,Yes,No,No,Month-to-month,No,Electronic check,64.74,4170.68,Yes
2068-TPGVK,Male,0,Yes,No,54,Yes,No,DSL,No,No,Yes,Yes,Yes,No,Two year,Yes,Electronic check,50.88,2744.73,No
2069-XAZGL,Male,0,Yes,No,44,Yes,No,Fiber optic,No,No,No,No,No,Yes,Month-to-month,No,Credit card (automatic),73.27,3268.42,Yes
2070-GWGJP,Male,0,Yes,No,32,Yes,Yes,Fiber optic,Yes,No,No,Yes,No,Yes,Two year,No,Credit card (automatic),80.98,2577.55,No
2071-ZHIIB,Male,0,No,No,21,Yes,No,DSL,No,No,Yes,Yes,No,No,Month-to-month,Yes,Electronic check,37.79,821.06,No
2072-MMWWD,Male,0,Yes,No,41,Yes,Yes,Fiber optic,No,No,No,Yes,No,No,One year,No,Electronic check,56.86,2285.64,No
2073-YXLQB,Male,0,No,No,26,Yes,Yes,Fiber optic,No,No,No,No,Yes,No,Month-to-month,Yes,Bank transfer (automatic),72.74,1915.47,No
2074-MROHO,Female,0,Yes,No,10,Yes,No,Fiber optic,No,Yes,No,Yes,No,No,Month-to-month,Yes,Credit card (automatic),64.04,677.16,No
2075-ATJLE,Female,0,No,No,41,Yes,No,DSL,Yes,Yes,Yes,No,No,No,Month-to-month,Yes,Bank transfer (automatic),50.02,2022.47,Yes
2076-IWHPN,Male,1,No,No,21,Yes,No,Fiber optic,Yes,Yes,No,No,No,Yes,One year,Yes,Electronic check,87.75,1849.34,No
2077-YMWUM,Male,0,Yes,No,8,Yes,Yes,DSL,Yes,No,No,No,Yes,Yes,Two year,Yes,Mailed check,60.99,500.89,Yes
2078-EPZKV,Female,0,No,No,56,Yes,No,DSL,No,No,No,Yes,No,Yes,Month-to-month,Yes,Bank transfer (automatic),54.39,3033.57,No
2079-EMKYS,Male,0,Yes,No,30,Yes,No,Fiber optic,No,Yes,Yes,No,No,No,Two year,No,Credit card (automatic),66.38,1961.73,No
2080-COGGF,Male,0,Yes,No,17,Yes,Yes,Fiber optic,No,No,Yes,No,Yes,Yes,Two year,Yes,Bank transfer (automatic),74.46,1250.42,Yes
2081-CMGEW,Male,0,Yes,Yes,11,Yes,Yes,Fiber optic,Yes,Yes,No,No,Yes,Yes,One year,Yes,Electronic check,83.62,914.18,Yes
2082-RVHQT,Female,0,Yes,Yes,39,Yes,No,No,No internet service,No internet service,No internet service,No internet service,No internet service,No internet service,Two year,No,Electronic check,18.25,713.3,No
2083-ANQJL,Male,0,Yes,Yes,44,Yes,Yes,No,No internet service,No internet service,No internet service,No internet service,No internet service,No internet service,One year,Yes,Credit card (automatic),18.25,817.74,No
2084-PNPHW,Female,0,Yes,No,48,Yes,No,DSL,Yes,No,Yes,No,No,Yes,Two year,Yes,Mailed check,49.63,2389.16,No
2085-JQRTP,Female,0,Yes,No,0,Yes,Yes,Fiber optic,No,No,Yes,No,Yes,No,Two year,Yes,Electronic check,70.2,18.8,No
2086-QPSXX,Male,0,No,No,6,Yes,Yes,Fiber optic,No,Yes,No,No,No,No,Month-to-month,No,Credit card (automatic),65.91,375.66,No
2087-HFFUI,Female,0,Yes,No,1,Yes,Yes,No,No internet service,No internet service,No internet service,No internet service,No internet service,No internet service,Two year,No,Credit card (automatic),18.25,48.13,No
2088-DZLLW,Female,0,Yes,Yes,3,Yes,No,No,No internet service,No internet service,No internet service,No internet service,No internet service,No internet service,Two year,No,Mailed check,18.25,66.6,No
2089-QOIGJ,Female,1,No,Yes,44,Yes,Yes,Fiber optic,No,No,No,No,No,No,Month-to-month,No,Credit card (automatic),62.76,2770.64,No
2090-PLYGR,Male,0,Yes,No,45,Yes,No,Fiber optic,No,No,Yes,Yes,Yes,No,Month-to-month,No,Electronic check,67.96,3045.69,Yes
2091-OFZLK,Male,0,Yes,No,66,Yes,Yes,DSL,No,Yes,No,No,No,No,Two year,Yes,Credit card (automatic),40.71,2634.17,No
2092-TCBFX,Female,0,Yes,No,8,Yes,No,DSL,Yes,Yes,No,No,No,Yes,Month-to-month,No,Credit card (automatic),58.63,460.29,Yes
2093-VYERP,Male,0,No,No,56,Yes,Yes,Fiber optic,Yes,Yes,No,No,No,Yes,Two year,Yes,Electronic check,82.21,4609.29,No
2094-HYZTV,Female,0,Yes,Yes,15,Yes,No,DSL,No,No,Yes,Yes,No,No,One year,No,Credit card (automatic),44.84,636.41,No
2095-KJXYL,Male,0,No,Yes,50,Yes,No,DSL,Yes,No,No,No,No,Yes,Month-to-month,Yes,Bank transfer (automatic),54.92,2892.45,No
2096-UFTEW,Male,0,Yes,No,51,Yes,Yes,No,No internet service,No internet service,No internet service,No internet service,No internet service,No internet service,Month-to-month,No,Credit card (automatic),21.22,1131.16,No
2097-IZPVN,Female,0,Yes,No,8,Yes,No,No,No internet service,No internet service,No internet service,No internet service,No internet service,No internet service,Two year,Yes,Electronic check,24.6,194.99,No
2098-VHTSN,Male,0,Yes,No,5,Yes,Yes,DSL,No,Yes,Yes,No,Yes,Yes,Month-to-month,Yes,Credit card (automatic),69.5,373.96,Yes
2099-GERBK,Female,1,No,No,43,Yes,No,No,No internet service,No internet service,No internet service,No internet service,No internet service,No internet service,Month-to-month,No,Credit card (automatic),25.67,1108.73,No
2100-VHAVL,Male,0,No,No,5,Yes,No,No,No internet service,No internet service,No internet service,No internet service,No internet service,No internet service,Month-to-month,Yes,Mailed check,18.25,83.38,Yes
2101-BRGZQ,Female,0,Yes,No,4,Yes,Yes,Fiber optic,No,No,Yes,No,No,Yes,Month-to-month,Yes,Bank transfer (automatic),55.99,309.69,Yes
2102-VWNXG,Male,0,Yes,No,45,Yes,Yes,Fiber optic,No,No,Yes,No,No,Yes,Month-to-month,Yes,Mailed check,66.05,2983.98,No
2103-VYCFT,Female,0,No,No,26,Yes,Yes,No,No internet service,No internet service,No internet service,No internet service,No internet service,No internet service,Month-to-month,Yes,Electronic check,24.68,591.6,Yes
2104-BQLLQ,Male,0,Yes,No,44,No,No phone service,DSL,No,Yes,No,No,No,Yes,Two year,Yes,Electronic check,54.71,2419.71,No
2105-JCTRM,Male,0,No,Yes,40,No,No phone service,No,No internet service,No internet service,No internet service,No internet service,No internet service,No internet service,One year,No,Credit card (automatic),26.3,1057.29,No
2106-LQDWJ,Female,1,No,No,27,Yes,Yes,DSL,Yes,Yes,No,No,No,No,Month-to-month,Yes,Electronic check,43.74,1177.5,No
2107-KFFIO,Male,0,Yes,No,53,Yes,Yes,Fiber optic,No,No,Yes,No,Yes,No,Two year,Yes,Mailed check,66.13,3523.92,No
2108-BDEQH,Female,0,Yes,No,31,No,No phone service,DSL,No,Yes,No,No,No,No,One year,No,Mailed check,47.12,1448.51,No
2109-HVLUH,Male,0,No,No,52,Yes,Yes,Fiber optic,No,Yes,No,No,No,No,Month-to-month,No,Electronic check,66.02,3339.05,Yes
2110-SCRUS,Female,0,No,No,70,Yes,Yes,No,No internet service,No internet service,No internet service,No internet service,No internet service,No internet service,One year,No,Credit card (automatic),21.09,1503.74,No
2111-SOFPH,Female,1,No,Yes,29,Yes,Yes,DSL,Yes,Yes,No,Yes,No,No,Month-to-month,No,Bank transfer (automatic),49.2,1402.12,No
2112-PRTPK,Female,0,Yes,No,52,Yes,No,Fiber optic,Yes,No,No,No,No,No,One year,No,Electronic check,64.42,3341.51,No
2113-GQQLM,Female,1,No,No,30,Yes,No,No,No internet service,No internet service,No internet service,No internet service,No internet service,No internet service,Month-to-month,No,Credit card (automatic),28.33,840.93,No
2114-JGNWA,Female,0,Yes,No,11,No,No phone service,No,No internet service,No internet service,No internet service,No internet service,No internet service,No internet service,One year,No,Credit card (automatic),19.46,243.34,No
2115-QDUET,Female,0,Yes,Yes,8,Yes,No,No,No internet service,No internet service,No internet service,No internet service,No internet service,No internet service,Two year,Yes,Bank transfer (automatic),25.42,235.37,No
2116-XWYGJ,Female,1,No,No,66,No,No phone service,Fiber optic,No,No,No,Yes,No,Yes,Month-to-month,Yes,Bank transfer (automatic),69.81,4576.48,Yes
2117-QGAGZ,Female,0,No,No,36,Yes,No,Fiber optic,No,Yes,No,No,No,Yes,Month-to-month,Yes,Electronic check,80.49,2928.57,No
2118-XKILC,Male,0,Yes,No,27,Yes,No,Fiber optic,No,No,Yes,No,No,Yes,One year,No,Mailed check,69.49,1839.12,Yes
2119-DDYMW,Male,0,No,Yes,25,Yes,Yes,Fiber optic,No,No,No,No,Yes,Yes,Month-to-month,Yes,Electronic check,78.96,2051.68,No
2120-SJEGX,Male,0,No,No,20,Yes,No,DSL,No,Yes,Yes,Yes,Yes,No,Two year,Yes,Bank transfer (automatic),54.45,1032.76,No
2121-PALBG,Male,0,Yes,Yes,9,Yes,No,DSL,Yes,Yes,Yes,No,Yes,Yes,One year,No,Credit card (automatic),74.08,695.84,No
2122-KMBGO,Female,0,No,No,23,Yes,No,DSL,No,No,No,No,Yes,No,Month-to-month,Yes,Electronic check,42.55,987.19,Yes
2123-YKBGD,Female,0,No,Yes,24,Yes,Yes,Fiber optic,Yes,Yes,No,No,Yes,No,One year,No,Electronic check,77.92,1908.43,No
2124-KBPGM,Male,0,No,No,51,No,No phone service,DSL,No,No,Yes,Yes,Yes,No,Two year,No,Credit card (automatic),53.31,2700.15,No
2125-EQULS,Male,1,No,No,0,Yes,No,DSL,Yes,No,No,No,Yes,No,Two year,Yes,Mailed check,54.38,77.24,No
2126-GFHME,Female,0,Yes,No,52,Yes,Yes,DSL,No,Yes,No,No,No,No,Two year,Yes,Credit card (automatic),41.08,2119.15,No
2127-BIKXF,Male,0,No,Yes,67,Yes,No,Fiber optic,Yes,No,No,No,No,No,Month-to-month,No,Mailed check,64.44,4369.68,No
2128-ZGYGS,Female,0,Yes,Yes,23,Yes,Yes,No,No internet service,No internet service,No internet service,No internet service,No internet service,No internet service,Month-to-month,No,Electronic check,23.67,434.82,No
2129-FKKGB,Male,0,Yes,No,26,Yes,No,Fiber optic,Yes,Yes,No,No,No,Yes,Two year,Yes,Mailed check,85.88,2224.73,No
2130-SDZFQ,Female,0,No,No,26,Yes,No,Fiber optic,Yes,No,No,No,Yes,No,One year,No,Electronic check,69.56,1872.01,Yes
2131-YEGIY,Female,0,No,No,64,Yes,No,DSL,No,No,Yes,No,Yes,No,Two year,Yes,Mailed check,58.47,3753.98,No
2132-AASFR,Male,0,Yes,No,38,Yes,Yes,Fiber optic,No,Yes,No,No,Yes,Yes,Month-to-month,No,Credit card (automatic),81.47,3232.15,Yes
2133-JKAAM,Male,0,Yes,No,35,Yes,No,Fiber optic,Yes,No,Yes,No,No,No,One year,No,Mailed check,64.43,2357.23,No
2134-ETATC,Female,0,No,No,68,Yes,Yes,DSL,Yes,No,Yes,No,No,No,Month-to-month,Yes,Bank transfer (automatic),39.85,2640.76,Yes
2135-RINQW,Male,0,Yes,No,4,Yes,Yes,No,No internet service,No internet service,No internet service,No internet service,No internet service,No internet service,One year,No,Bank transfer (automatic),21.18,240.76,No
2136-NDEZU,Male,0,Yes,Yes,9,Yes,No,No,No internet service,No internet service,No internet service,No internet service,No internet service,No internet service,One year,Yes,Electronic check,18.25,207.52,No
2137-QVYBW,Female,0,Yes,No,15,Yes,No,No,No internet service,No internet service,No internet service,No internet service,No internet service,No internet service,One year,Yes,Electronic check,18.25,299.39,No
2138-VEDDF,Male,0,No,No,52,No,No phone service,Fiber optic,No,Yes,Yes,Yes,Yes,No,Month-to-month,No,Electronic check,77.05,3930.95,No
2139-TUMVE,Male,0,Yes,No,13,Yes,No,No,No internet service,No internet service,No internet service,No internet service,No internet service,No internet service,Two year,No,Bank transfer (automatic),19.3,302.26,No
2140-WYZWG,Female,0,No,No,28,Yes,No,DSL,Yes,Yes,No,Yes,Yes,Yes,Month-to-month,No,Electronic check,66.69,1924.26,No
2141-TANXD,Female,0,No,Yes,27,Yes,No,Fiber optic,No,No,No,No,No,No,Two year,No,Bank transfer (automatic),57.56,1533.27,No
2142-QUNPN,Female,1,No,Yes,16,Yes,Yes,No,No internet service,No internet service,No internet service,No internet service,No internet service,No internet service,Month-to-month,Yes,Electronic check,23.0,444.08,No
2143-PXTHX,Male,0,Yes,No,68,Yes,Yes,DSL,No,No,No,No,Yes,Yes,Month-to-month,Yes,Electronic check,53.57,3576.94,Yes
2144-CYSAB,Female,0,Yes,Yes,65,Yes,Yes,DSL,No,No,No,No,No,Yes,Month-to-month,No,Electronic check,51.55,3352.93,Yes
2145-OVJRV,Male,0,Yes,No,35,Yes,No,DSL,Yes,No,No,No,No,Yes,One year,Yes,Mailed check,49.5,1805.46,No
2146-NQMAE,Male,0,Yes,Yes,45,Yes,No,No,No internet service,No internet service,No internet service,No internet service,No internet service,No internet service,Month-to-month,No,Credit card (automatic),22.74,990.04,Yes
2147-ZMYNX,Male,0,No,Yes,44,Yes,No,Fiber optic,No,No,No,Yes,No,No,Two year,Yes,Electronic check,66.8,2921.46,Yes
2148-COSQC,Male,1,Yes,Yes,8,Yes,No,Fiber optic,No,No,No,Yes,No,No,Month-to-month,Yes,Credit card (automatic),55.77,417.54,Yes
2149-PNLLK,Female,0,No,Yes,35,Yes,Yes,Fiber optic,No,Yes,Yes,No,No,Yes,Month-to-month,Yes,Credit card (automatic),70.63,2454.54,No
2150-QHQUY,Male,0,No,No,4,Yes,No,No,No internet service,No internet service,No internet service,No internet service,No internet service,No internet service,Month-to-month,Yes,Electronic check,29.81,114.43,No
2151-WTKYY,Male,0,Yes,No,72,Yes,No,No,No internet service,No internet service,No internet service,No internet service,No internet service,No internet service,Month-to-month,No,Credit card (automatic),23.96,1707.45,No
2152-BJJKF,Male,0,Yes,Yes,49,Yes,Yes,DSL,No,No,Yes,No,Yes,Yes,One year,Yes,Credit card (automatic),58.5,2994.33,No
2153-DXLKW,Female,0,No,Yes,27,Yes,Yes,Fiber optic,No,No,No,No,No,Yes,Two year,Yes,Bank transfer (automatic),69.6,1850.16,No
2154-WZYME,Female,0,No,No,26,Yes,No,No,No internet service,No internet service,No internet service,No internet service,No internet service,No internet service,Two year,Yes,Credit card (automatic),18.25,463.4,No
2155-FAFRV,Female,1,No,No,46,Yes,Yes,Fiber optic,Yes,Yes,No,No,Yes,No,Month-to-month,Yes,Electronic check,69.52,3153.25,No
2156-IXYOZ,Male,0,Yes,No,32,Yes,No,Fiber optic,No,No,Yes,Yes,No,No,Two year,No,Electronic check,59.8,1847.83,Yes
2157-HSXPF,Male,0,No,Yes,37,Yes,Yes,No,No internet service,No internet service,No internet service,No internet service,No internet service,No internet service,Two year,No,Electronic check,18.25,699.26,No
2158-FVCJA,Female,1,Yes,No,7,Yes,No,Fiber optic,No,No,No,Yes,No,No,Month-to-month,Yes,Bank transfer (automatic),63.23,520.17,Yes
2159-NDZLF,Female,0,Yes,No,3,Yes,No,Fiber optic,Yes,Yes,Yes,Yes,No,Yes,Two year,Yes,Bank transfer (automatic),80.06,339.53,No
2160-KLJRG,Male,0,Yes,No,35,Yes,No,Fiber optic,Yes,No,No,Yes,Yes,Yes,Month-to-month,Yes,Credit card (automatic),83.26,2950.83,Yes
2161-GKDTA,Female,0,Yes,No,30,No,No phone service,No,No internet service,No internet service,No internet service,No internet service,No internet service,No internet service,Month-to-month,No,Electronic check,18.25,548.42,Yes
2162-MRIZX,Male,1,No,No,48,Yes,No,DSL,No,Yes,No,Yes,No,Yes,Two year,Yes,Mailed check,46.58,2306.1,No
2163-XIWIJ,Female,0,Yes,Yes,40,Yes,No,DSL,No,No,Yes,Yes,Yes,No,Two year,Yes,Electronic check,44.34,1769.21,No
2164-BFOCK,Male,0,No,Yes,7,Yes,No,No,No internet service,No internet service,No internet service,No internet service,No internet service,No internet service,Month-to-month,Yes,Credit card (automatic),18.25,193.69,No
2165-FCXKO,Male,0,No,Yes,29,Yes,No,Fiber optic,No,Yes,Yes,Yes,No,No,One year,Yes,Mailed check,68.73,1961.77,No
2166-MTJFO,Male,0,No,No,13,Yes,No,Fiber optic,No,No,No,No,Yes,Yes,Month-to-month,No,Mailed check,82.93,1161.48,Yes
2167-YRRGO,Female,0,Yes,Yes,44,Yes,No,Fiber optic,Yes,No,No,No,No,No,Two year,Yes,Mailed check,66.12,2902.91,No
2168-RRTIX,Female,1,No,No,45,No,No phone service,Fiber optic,Yes,Yes,No,No,No,No,Two year,No,Mailed check,78.64,3606.31,No
2169-BHTBK,Male,0,Yes,No,66,Yes,No,Fiber optic,No,No,No,No,No,Yes,Month-to-month,Yes,Electronic check,71.24,4790.9,No
2170-ZGFJE,Female,0,No,Yes,15,Yes,No,Fiber optic,No,No,Yes,Yes,No,Yes,One year,Yes,Bank transfer (automatic),70.33,1066.16,No
2171-KABXA,Male,0,No,No,9,Yes,No,Fiber optic,No,No,Yes,No,No,No,Two year,No,Mailed check,57.46,519.51,Yes
2172-SBUTW,Female,1,Yes,No,67,Yes,Yes,Fiber optic,No,No,No,Yes,No,No,Two year,Yes,Bank transfer (automatic),58.68,4000.35,No
2173-UXDLV,Female,0,Yes,Yes,51,Yes,No,DSL,No,No,No,Yes,No,No,Two year,No,Bank transfer (automatic),35.69,1858.09,No
2174-TRAAX,Male,1,No,Yes,49,Yes,Yes,Fiber optic,No,No,No,Yes,Yes,Yes,Month-to-month,No,Bank transfer (automatic),85.98,4279.47,Yes
2175-NDEKX,Female,1,No,No,67,No,No phone service,Fiber optic,No,No,Yes,No,No,No,Two year,No,Electronic check,62.4,4222.45,Yes
2176-WMPXM,Female,1,Yes,Yes,1,Yes,No,Fiber optic,No,No,No,No,No,Yes,Month-to-month,No,Credit card (automatic),69.15,87.82,Yes
2177-XVZBP,Male,1,No,No,59,Yes,No,No,No internet service,No internet service,No internet service,No internet service,No internet service,No internet service,Month-to-month,No,Bank transfer (automatic),18.96,1160.7,No
2178-FNAQK,Male,1,Yes,Yes,49,Yes,Yes,DSL,No,No,Yes,No,Yes,Yes,One year,No,Bank transfer (automatic),66.36,3261.59,No
2179-SCKEQ,Male,0,No,No,0,Yes,Yes,Fiber optic,Yes,No,No,No,Yes,No,Two year,Yes,Electronic check,78.5,18.8,Yes
2180-ZVGJK,Male,0,Yes,No,36,Yes,No,DSL,No,No,Yes,No,No,No,Two year,Yes,Electronic check,36.11,1322.39,Yes
2181-CTJJN,Female,0,No,Yes,22,Yes,No,Fiber optic,Yes,No,No,Yes,No,No,Two year,Yes,Credit card (automatic),57.74,1247.17,No
2182-LOJJZ,Female,0,No,Yes,48,Yes,Yes,Fiber optic,Yes,Yes,Yes,Yes,No,Yes,Month-to-month,No,Mailed check,78.87,3746.02,No
2183-SAXZJ,Male,0,No,Yes,63,Yes,Yes,Fiber optic,Yes,No,No,No,Yes,Yes,Month-to-month,Yes,Credit card (automatic),86.32,5424.66,No
2184-BQXGG,Female,0,No,No,16,Yes,Yes,DSL,No,Yes,No,Yes,No,No,Two year,Yes,Credit card (automatic),36.43,524.61,No
2185-TIVBN,Male,0,Yes,No,70,Yes,No,No,No internet service,No internet service,No internet service,No internet service,No internet service,No internet service,One year,Yes,Electronic check,18.25,1122.43,No
2186-QAITU,Male,1,Yes,Yes,14,Yes,No,Fiber optic,No,No,No,No,Yes,No,Month-to-month,No,Bank transfer (automatic),67.99,987.38,Yes
2187-SDHMD,Male,0,Yes,No,50,Yes,No,Fiber optic,No,No,No,Yes,No,No,Month-to-month,No,Mailed check,63.79,3161.04,No
2188-IIVRL,Female,0,Yes,No,26,Yes,No,Fiber optic,Yes,Yes,No,No,No,No,Two year,Yes,Mailed check,71.08,1862.32,No
2189-JKGIF,Female,0,Yes,No,8,Yes,No,Fiber optic,No,No,No,No,No,No,Month-to-month,Yes,Bank transfer (automatic),60.5,476.13,Yes
2190-SPOGP,Female,0,No,No,63,Yes,Yes,No,No internet service,No internet service,No internet service,No internet service,No internet service,No internet service,Two year,Yes,Bank transfer (automatic),18.33,1205.72,No
2191-EPASE,Male,0,No,No,62,Yes,No,Fiber optic,No,No,No,No,No,No,One year,No,Mailed check,64.64,3984.29,No
2192-GSVEQ,Male,1,Yes,No,52,Yes,No,Fiber optic,No,No,No,No,No,No,Month-to-month,Yes,Bank transfer (automatic),63.52,3240.0,No
2193-ZVHAB,Female,0,Yes,No,41,Yes,No,No,No internet service,No internet service,No internet service,No internet service,No internet service,No internet service,One year,Yes,Credit card (automatic),29.29,1243.47,No
2194-OTRKY,Female,0,Yes,Yes,69,No,No phone service,DSL,No,Yes,No,No,No,Yes,Month-to-month,Yes,Mailed check,54.31,3628.59,No
2195-JXXDE,Female,0,No,Yes,34,Yes,No,Fiber optic,No,No,Yes,No,Yes,No,Month-to-month,Yes,Mailed check,75.94,2593.04,No
2196-DMYMR,Female,0,No,No,16,Yes,Yes,Fiber optic,No,Yes,No,Yes,No,No,One year,Yes,Bank transfer (automatic),63.1,1020.09,No
2197-XBPAZ,Male,0,Yes,No,43,Yes,Yes,DSL,No,No,Yes,Yes,Yes,No,Month-to-month,Yes,Electronic check,48.3,2109.26,No
2198-SICYG,Female,0,No,No,42,Yes,No,No,No internet service,No internet service,No internet service,No internet service,No internet service,No internet service,Month-to-month,No,Electronic check,21.64,1029.31,No
2199-JAJUI,Female,1,Yes,No,43,Yes,Yes,DSL,No,Yes,No,No,Yes,No,One year,No,Electronic check,53.98,2302.13,No
2200-OOCYE,Male,0,Yes,No,37,Yes,Yes,Fiber optic,No,No,No,No,No,Yes,Month-to-month,Yes,Bank transfer (automatic),67.68,2527.65,Yes
2201-IZVIW,Female,0,Yes,Yes,40,Yes,Yes,DSL,No,Yes,Yes,No,Yes,No,Month-to-month,No,Mailed check,57.75,2342.21,No
2202-GXWLY,Female,1,No,Yes,24,Yes,No,No,No internet service,No internet service,No internet service,No internet service,No internet service,No internet service,Month-to-month,No,Electronic check,18.25,442.65,Yes
2203-IFWBI,Female,1,Yes,Yes,48,Yes,Yes,DSL,No,Yes,Yes,No,No,No,Month-to-month,Yes,Bank transfer (automatic),55.37,2616.52,No
2204-QASFE,Male,0,Yes,No,59,Yes,Yes,DSL,No,No,No,No,No,No,Month-to-month,Yes,Credit card (automatic),42.13,2408.46,Yes
2205-BIZND,Male,0,Yes,Yes,1,Yes,No,DSL,No,No,No,No,Yes,No,Month-to-month,Yes,Credit card (automatic),52.73,18.8,Yes
2206-DUOHZ,Female,0,Yes,Yes,64,Yes,No,Fiber optic,Yes,No,No,Yes,Yes,Yes,Month-to-month,Yes,Mailed check,86.93,5494.39,No
2207-DPUDP,Male,0,No,No,2,Yes,Yes,Fiber optic,No,No,No,No,Yes,No,One year,Yes,Credit card (automatic),79.39,95.53,No
2208-VLPSH,Female,0,Yes,Yes,13,Yes,No,DSL,Yes,Yes,No,No,No,No,One year,Yes,Mailed check,57.16,745.82,No
2209-FJERJ,Female,0,No,No,44,Yes,Yes,DSL,Yes,Yes,Yes,Yes,Yes,No,Month-to-month,Yes,Bank transfer (automatic),65.33,2809.08,Yes
2210-JGRAG,Male,0,Yes,No,33,Yes,No,DSL,Yes,No,No,Yes,No,No,Month-to-month,No,Bank transfer (automatic),52.47,1762.08,No
2211-UAODT,Female,0,Yes,Yes,35,Yes,No,Fiber optic,Yes,No,Yes,No,Yes,No,Month-to-month,No,Bank transfer (automatic),74.91,2565.64,Yes
2212-JWIBN,Male,0,Yes,Yes,14,Yes,Yes,DSL,Yes,No,Yes,Yes,Yes,No,Month-to-month,No,Credit card (automatic),60.5,888.34,No
2213-PABGJ,Male,1,Yes,No,36,Yes,No,Fiber optic,No,No,Yes,No,Yes,Yes,Month-to-month,No,Mailed check,81.57,2888.41,No
2214-VTAMA,Male,0,Yes,No,9,No,No phone service,DSL,No,No,Yes,Yes,Yes,No,Month-to-month,No,Mailed check,56.05,538.96,Yes
2215-EPOQW,Female,0,Yes,No,8,Yes,No,No,No internet service,No internet service,No internet service,No internet service,No internet service,No internet service,Month-to-month,No,Mailed check,20.63,174.95,No
2216-PMKQQ,Female,0,No,No,49,Yes,No,DSL,No,No,No,No,Yes,No,Month-to-month,No,Credit card (automatic),51.07,2530.96,No
2217-BMNKJ,Female,0,No,No,34,Yes,Yes,Fiber optic,No,No,No,No,No,No,Month-to-month,No,Bank transfer (automatic),54.86,1844.53,No
2218-CQOIJ,Female,0,No,Yes,45,Yes,Yes,No,No internet service,No internet service,No internet service,No internet service,No internet service,No internet service,Month-to-month,Yes,Electronic check,18.25,796.88,No
2219-HUMRE,Male,0,Yes,No,46,No,No phone service,No,No internet service,No internet service,No internet service,No internet service,No internet service,No internet service,Month-to-month,Yes,Electronic check,25.03,1238.64,No
2220-FQKTP,Female,0,Yes,Yes,17,Yes,No,Fiber optic,Yes,No,No,Yes,No,No,Two year,Yes,Bank transfer (automatic),66.03,1072.29,No
2221-IBEAD,Female,0,Yes,No,24,Yes,No,Fiber optic,No,Yes,No,No,No,Yes,Two year,No,Electronic check,77.21,1813.02,No
2222-DVZYC,Male,0,No,Yes,34,Yes,Yes,DSL,No,No,No,No,No,Yes,Two year,Yes,Mailed check,51.51,1653.42,No
2223-IVWLJ,Male,0,No,No,50,Yes,Yes,DSL,No,No,Yes,No,Yes,No,One year,No,Electronic check,46.11,2269.1,No
2224-BKJVF,Female,0,No,No,54,Yes,No,No,No internet service,No internet service,No internet service,No internet service,No internet service,No internet service,Month-to-month,No,Credit card (automatic),18.25,911.62,No
2225-RBBJP,Male,0,Yes,Yes,15,Yes,Yes,Fiber optic,No,Yes,No,No,No,Yes,Month-to-month,Yes,Electronic check,80.42,1289.46,Yes
2226-LAUHP,Female,0,Yes,Yes,11,Yes,Yes,Fiber optic,Yes,Yes,Yes,No,No,No,Month-to-month,Yes,Credit card (automatic),72.46,831.53,No
2227-RMOUL,Female,0,Yes,No,58,Yes,No,Fiber optic,No,No,No,No,No,No,Month-to-month,No,Electronic check,66.43,3821.7,No
2228-HJNER,Male,0,Yes,Yes,72,Yes,Yes,No,No internet service,No internet service,No internet service,No internet service,No internet service,No internet service,Month-to-month,Yes,Bank transfer (automatic),18.25,1354.22,Yes
2229-SOFKU,Male,0,Yes,No,36,No,No phone service,Fiber optic,Yes,No,No,No,No,No,Month-to-month,Yes,Mailed check,65.38,2213.81,No
2230-KTTUR,Female,0,Yes,No,31,Yes,No,DSL,Yes,No,No,No,No,No,Two year,Yes,Bank transfer (automatic),48.97,1462.93,No
2231-YRJBZ,Female,0,Yes,No,56,Yes,Yes,Fiber optic,No,No,No,No,Yes,Yes,Month-to-month,No,Electronic check,88.99,5019.82,Yes
2232-INSJW,Female,0,Yes,No,21,Yes,No,DSL,Yes,Yes,Yes,No,No,No,Month-to-month,Yes,Mailed check,52.29,1040.17,No
2233-DFNDZ,Female,0,Yes,No,44,Yes,Yes,Fiber optic,No,Yes,No,Yes,No,Yes,Month-to-month,No,Electronic check,76.95,3353.32,Yes
2234-OPGQS,Female,1,No,Yes,11,Yes,No,No,No internet service,No internet service,No internet service,No internet service,No internet service,No internet service,Month-to-month,Yes,Bank transfer (automatic),18.25,247.8,Yes
2235-SQFKP,Male,0,Yes,No,4,Yes,No,No,No internet service,No internet service,No internet service,No internet service,No internet service,No internet service,One year,Yes,Electronic check,19.11,95.85,No
2236-YHKGZ,Female,0,Yes,No,25,Yes,No,DSL,No,No,Yes,No,No,No,One year,No,Credit card (automatic),33.44,774.22,No
2237-XVYSZ,Male,1,No,No,19,No,No phone service,DSL,No,Yes,Yes,Yes,No,Yes,Month-to-month,Yes,Mailed check,51.81,966.12,No
2238-JIDWO,Male,0,No,No,60,Yes,No,Fiber optic,No,No,No,No,Yes,Yes,One year,Yes,Bank transfer (automatic),85.15,5077.77,No
2239-MYBBP,Male,0,Yes,No,7,Yes,No,Fiber optic,No,Yes,Yes,Yes,Yes,No,Two year,Yes,Electronic check,71.19,463.69,No
2240-IMCIM,Female,0,No,No,61,Yes,No,DSL,No,No,Yes,No,No,Yes,Month-to-month,No,Credit card (automatic),50.21,3032.96,No
2241-UVBHI,Female,0,Yes,No,53,Yes,No,Fiber optic,Yes,No,No,No,No,No,Month-to-month,Yes,Electronic check,62.52,3374.89,No
2242-PBFVH,Male,0,Yes,No,57,Yes,Yes,DSL,No,No,No,No,No,No,Month-to-month,Yes,Electronic check,41.48,2324.37,Yes
2243-ZEIAI,Male,0,Yes,No,65,Yes,Yes,Fiber optic,No,No,No,No,Yes,Yes,Month-to-month,Yes,Bank transfer (automatic),76.99,5063.38,Yes
2244-JWDCJ,Male,0,Yes,No,44,Yes,No,No,No internet service,No internet service,No internet service,No internet service,No internet service,No internet service,Two year,Yes,Mailed check,21.81,1002.75,No
2245-OKNFL,Male,0,No,Yes,64,Yes,No,Fiber optic,No,No,No,No,No,Yes,Month-to-month,Yes,Electronic check,72.0,4656.14,No
2246-MQPCB,Male,0,Yes,No,4,Yes,Yes,DSL,Yes,Yes,Yes,No,No,Yes,Month-to-month,Yes,Mailed check,56.76,253.35,Yes
2247-KICRT,Female,0,Yes,No,30,Yes,Yes,No,No internet service,No internet service,No internet service,No internet service,No internet service,No internet service,Two year,No,Electronic check,18.25,574.09,No
2248-ONBQV,Male,1,No,No,22,Yes,No,Fiber optic,Yes,No,No,Yes,No,No,Month-to-month,Yes,Mailed check,59.94,1329.23,No
2249-ZHJZR,Female,0,Yes,No,20,Yes,Yes,Fiber optic,No,No,No,Yes,No,Yes,Month-to-month,No,Credit card (automatic),73.45,1442.98,Yes
2250-YSHHC,Male,0,No,No,11,Yes,No,DSL,No,Yes,No,No,Yes,Yes,One year,Yes,Electronic check,56.79,703.73,Yes
2251-CLVQD,Male,0,Yes,No,3,Yes,No,DSL,No,No,No,No,No,No,Two year,No,Bank transfer (automatic),35.86,87.0,No
2252-QNSIU,Female,0,Yes,No,36,Yes,No,DSL,No,No,Yes,No,Yes,No,One year,Yes,Mailed check,50.06,1796.81,No
2253-LEKTC,Female,0,Yes,No,8,Yes,Yes,No,No internet service,No internet service,No internet service,No internet service,No internet service,No internet service,Month-to-month,Yes,Bank transfer (automatic),26.24,243.37,No
2254-UONKT,Male,1,No,Yes,25,Yes,No,Fiber optic,No,No,No,No,No,Yes,Two year,Yes,Mailed check,73.68,1865.32,No
2255-HDLHF,Female,0,No,No,26,Yes,Yes,Fiber optic,Yes,Yes,No,No,Yes,No,One year,Yes,Bank transfer (automatic),77.7,1956.36,No
2256-OLPPU,Female,0,Yes,No,61,Yes,No,No,No internet service,No internet service,No internet service,No internet service,No internet service,No internet service,Two year,Yes,Mailed check,18.25,1104.45,No
2257-TTDKM,Male,0,Yes,No,49,Yes,Yes,No,No internet service,No internet service,No internet service,No internet service,No internet service,No internet service,Month-to-month,No,Bank transfer (automatic),19.31,936.37,No
2258-IDLIM,Male,0,No,No,71,Yes,Yes,Fiber optic,Yes,No,No,Yes,No,No,Month-to-month,No,Mailed check,72.21,5192.19,Yes
2259-PZFJM,Male,0,No,No,1,Yes,No,Fiber optic,No,No,No,No,No,No,Month-to-month,Yes,Bank transfer (automatic),54.02,77.71,Yes
2260-GZSXS,Female,0,No,No,25,Yes,No,Fiber optic,No,No,No,Yes,Yes,No,Month-to-month,Yes,Mailed check,64.07,1689.99,No
2261-QMMZU,Male,1,No,No,68,Yes,No,Fiber optic,No,No,Yes,No,Yes,Yes,Month-to-month,No,Electronic check,79.6,5408.44,Yes
2262-BJVMZ,Male,0,No,No,45,Yes,Yes,DSL,No,No,No,No,Yes,Yes,Month-to-month,Yes,Bank transfer (automatic),62.15,2794.13,No
2263-IANPT,Female,1,Yes,Yes,62,No,No phone service,Fiber optic,Yes,Yes,No,Yes,No,Yes,Two year,Yes,Mailed check,75.4,4670.7,No
2264-OAQXM,Male,0,No,Yes,69,Yes,Yes,Fiber optic,Yes,No,No,No,Yes,Yes,Two year,Yes,Mailed check,88.97,6161.65,No
2265-OPPBQ,Female,0,Yes,No,22,Yes,No,No,No internet service,No internet service,No internet service,No internet service,No internet service,No internet service,Month-to-month,No,Credit card (automatic),24.0,665.15,Yes
2266-KHTCL,Female,0,No,Yes,16,Yes,Yes,Fiber optic,No,No,No,Yes,No,No,Month-to-month,Yes,Electronic check,59.75,961.25,Yes
2267-TPNPU,Male,1,Yes,No,63,Yes,No,Fiber optic,Yes,Yes,Yes,Yes,Yes,No,Month-to-month,Yes,Bank transfer (automatic),77.77,4855.08,No
2268-QKQSV,Female,0,No,Yes,28,Yes,No,No,No internet service,No internet service,No internet service,No internet service,No internet service,No internet service,One year,No,Mailed check,20.84,599.9,No
2269-ALORW,Female,0,No,No,51,Yes,No,DSL,No,No,No,No,Yes,Yes,One year,Yes,Electronic check,49.37,2484.36,No
2270-NAMOG,Male,1,No,No,23,Yes,No,Fiber optic,No,No,Yes,No,No,No,One year,No,Credit card (automatic),50.59,1136.13,No
2271-OTJNF,Female,0,No,No,34,Yes,Yes,Fiber optic,Yes,Yes,No,No,No,No,Two year,No,Bank transfer (automatic),72.05,2459.34,Yes
2272-NXYVL,Male,0,No,Yes,46,Yes,Yes,DSL,Yes,No,Yes,No,Yes,No,Two year,No,Electronic check,47.57,2279.26,No
2273-KYTVX,Male,0,No,No,50,Yes,Yes,Fiber optic,Yes,Yes,No,Yes,No,Yes,Two year,Yes,Bank transfer (automatic),76.25,3798.09,No
2274-YSBVT,Male,0,Yes,Yes,1,Yes,Yes,DSL,No,No,No,No,No,No,Month-to-month,No,Electronic check,41.05,56.13,Yes
2275-AHYNI,Male,1,Yes,No,20,Yes,Yes,Fiber optic,No,No,No,Yes,Yes,No,Two year,No,Electronic check,74.43,1487.59,No
2276-BYWEW,Male,0,No,No,39,Yes,No,DSL,No,Yes,No,No,No,No,One year,No,Electronic check,46.92,1863.41,No
2277-YHPVP,Female,0,No,No,68,Yes,No,DSL,Yes,Yes,Yes,Yes,No,Yes,Month-to-month,No,Credit card (automatic),59.55,3935.16,No
2278-MTOAV,Female,0,Yes,No,34,Yes,No,DSL,Yes,Yes,No,Yes,Yes,Yes,One year,No,Mailed check,69.91,2362.82,No
2279-CFVND,Female,0,No,No,43,Yes,No,Fiber optic,Yes,Yes,No,No,No,No,Month-to-month,Yes,Mailed check,67.93,2914.62,No
2280-ROIRC,Male,0,Yes,Yes,34,Yes,No,Fiber optic,No,No,Yes,Yes,No,No,Month-to-month,Yes,Bank transfer (automatic),60.04,2053.89,No
2281-JQGOA,Male,0,Yes,No,24,Yes,Yes,DSL,No,Yes,Yes,No,Yes,Yes,Month-to-month,No,Electronic check,64.41,1584.32,No
2282-YKQEG,Male,0,No,No,30,Yes,No,DSL,No,No,No,No,No,No,One year,No,Credit card (automatic),44.38,1399.92,No
2283-SYXOC,Male,0,No,Yes,51,No,No phone service,No,No internet service,No internet service,No internet service,No internet service,No internet service,No internet service,Month-to-month,No,Mailed check,19.91,1020.51,No
2284-OEWLT,Female,0,No,No,34,Yes,No,No,No internet service,No internet service,No internet service,No internet service,No internet service,No internet service,One year,No,Credit card (automatic),18.25,697.33,No
2285-ECIZI,Female,0,No,Yes,22,Yes,Yes,Fiber optic,Yes,No,No,No,No,No,Two year,Yes,Mailed check,69.28,1564.51,No
2286-GZBWW,Male,0,Yes,Yes,48,Yes,Yes,Fiber optic,No,No,Yes,No,Yes,Yes,One year,No,Credit card (automatic),80.8,3935.5,No
2287-UPIMS,Male,0,Yes,No,15,No,No phone service,Fiber optic,No,No,No,Yes,No,No,Two year,No,Credit card (automatic),61.92,950.13,No
2288-TQFDA,Male,0,No,No,57,Yes,Yes,DSL,No,No,Yes,No,Yes,Yes,Month-to-month,Yes,Mailed check,52.73,3022.57,Yes
2289-RSIMH,Female,1,No,No,49,Yes,No,No,No internet service,No internet service,No internet service,No internet service,No internet service,No internet service,Two year,Yes,Electronic check,18.25,963.34,No
2290-WMOKL,Female,0,Yes,No,63,Yes,No,Fiber optic,Yes,No,No,Yes,No,No,Two year,Yes,Electronic check,65.42,4143.63,No
2291-NDAXD,Male,0,No,Yes,51,Yes,No,DSL,No,Yes,No,No,Yes,No,Month-to-month,Yes,Mailed check,59.46,3058.87,No
2292-SIJDT,Male,0,No,Yes,39,Yes,No,DSL,Yes,No,Yes,No,Yes,No,Month-to-month,No,Electronic check,58.5,2235.8,No
2293-IMLKL,Female,0,No,No,53,Yes,No,Fiber optic,No,Yes,Yes,No,No,No,Month-to-month,Yes,Bank transfer (automatic),61.43,3256.18,No
2294-RLPET,Female,0,No,No,16,Yes,No,DSL,No,No,Yes,Yes,No,Yes,Month-to-month,No,Credit card (automatic),51.78,812.28,No
2295-YLUYK,Male,0,Yes,Yes,3,Yes,Yes,Fiber optic,No,No,No,No,No,Yes,One year,No,Credit card (automatic),75.59,274.51,Yes
2296-IRYCT,Male,0,Yes,No,55,Yes,No,No,No internet service,No internet service,No internet service,No internet service,No internet service,No internet service,Month-to-month,Yes,Credit card (automatic),18.25,1030.91,No
2297-QNAQY,Male,0,No,No,29,Yes,No,DSL,Yes,No,No,Yes,Yes,Yes,Two year,Yes,Electronic check,62.26,1837.39,No
2298-HEEIC,Female,0,No,Yes,33,Yes,No,Fiber optic,Yes,Yes,No,Yes,Yes,No,One year,No,Credit card (automatic),83.46,2742.92,No
2299-SWIVR,Male,0,Yes,No,43,No,No phone service,No,No internet service,No internet service,No internet service,No internet service,No internet service,No internet service,Month-to-month,No,Electronic check,26.57,1121.99,No
2300-PABNN,Female,0,No,No,68,Yes,No,DSL,No,Yes,Yes,No,No,Yes,Two year,Yes,Credit card (automatic),55.78,3808.34,No
2301-AZZYP,Male,0,No,Yes,64,Yes,No,DSL,No,Yes,No,No,Yes,Yes,One year,No,Electronic check,58.52,3806.01,No
2302-OZOLP,Male,0,Yes,No,52,Yes,Yes,No,No internet service,No internet service,No internet service,No internet service,No internet service,No internet service,One year,Yes,Credit card (automatic),22.55,1127.22,No
2303-NXOWO,Male,0,No,No,69,Yes,No,DSL,No,Yes,No,Yes,Yes,No,Month-to-month,Yes,Mailed check,57.5,3943.95,No
2304-SHBBJ,Female,0,Yes,No,32,No,No phone service,DSL,Yes,No,Yes,Yes,No,Yes,Month-to-month,Yes,Bank transfer (automatic),57.26,1931.02,No
2305-CWQHW,Male,0,Yes,No,35,Yes,Yes,No,No internet service,No internet service,No internet service,No internet service,No internet service,No internet service,Month-to-month,Yes,Electronic check,18.25,587.12,No
2306-DNUJA,Female,1,No,No,17,No,No phone service,DSL,No,No,No,No,No,No,Month-to-month,Yes,Electronic check,50.97,923.85,Yes
2307-DAQZQ,Male,0,Yes,Yes,50,Yes,No,DSL,Yes,No,Yes,Yes,Yes,No,Two year,No,Bank transfer (automatic),63.08,3070.46,No
2308-GWTOM,Female,0,Yes,No,56,Yes,No,DSL,Yes,No,No,Yes,Yes,Yes,One year,No,Mailed check,64.34,3573.2,No
2309-BSXMX,Male,1,No,No,43,No,No phone service,No,No internet service,No internet service,No internet service,No internet service,No internet service,No internet service,Month-to-month,No,Credit card (automatic),18.25,825.42,No
2310-KVOJI,Female,0,No,Yes,9,Yes,Yes,Fiber optic,Yes,Yes,No,No,No,Yes,One year,Yes,Bank transfer (automatic),77.16,669.15,No
2311-ITAQL,Male,0,No,Yes,38,Yes,Yes,Fiber optic,No,No,No,No,Yes,No,Two year,Yes,Bank transfer (automatic),73.4,2771.26,No
2312-JEROF,Female,1,Yes,No,55,Yes,Yes,Fiber optic,Yes,Yes,Yes,No,No,Yes,Month-to-month,No,Bank transfer (automatic),82.4,4447.21,Yes
2313-GQFHL,Female,0,Yes,No,48,Yes,Yes,DSL,No,No,Yes,No,Yes,No,Month-to-month,No,Mailed check,53.02,2499.0,Yes
2314-UNLWJ,Male,0,No,Yes,57,Yes,Yes,No,No internet service,No internet service,No internet service,No internet service,No internet service,No internet service,Two year,Yes,Bank transfer (automatic),21.76,1163.01,No
2315-VTOGZ,Female,0,Yes,No,22,Yes,No,Fiber optic,No,Yes,Yes,No,Yes,No,Month-to-month,Yes,Credit card (automatic),79.43,1683.15,Yes
2316-IJJPG,Female,1,No,Yes,6,Yes,Yes,DSL,Yes,Yes,No,Yes,No,No,One year,Yes,Bank transfer (automatic),46.5,315.3,No
2317-EWCRK,Male,0,Yes,Yes,44,Yes,Yes,No,No internet service,No internet service,No internet service,No internet service,No internet service,No internet service,Month-to-month,Yes,Electronic check,18.25,738.19,No
2318-OUTEX,Female,0,Yes,No,54,Yes,No,No,No internet service,No internet service,No internet service,No internet service,No internet service,No internet service,Two year,Yes,Mailed check,21.12,1154.88,No
2319-LDOIG,Male,0,Yes,No,54,Yes,No,Fiber optic,No,No,Yes,No,No,No,Month-to-month,Yes,Mailed check,54.71,2948.58,Yes
2320-JWMHL,Male,0,Yes,No,37,Yes,No,No,No internet service,No internet service,No internet service,No internet service,No internet service,No internet service,Two year,Yes,Mailed check,18.25,620.68,No
2321-VXSZZ,Female,0,No,No,18,Yes,Yes,DSL,Yes,No,No,No,No,Yes,Month-to-month,Yes,Electronic check,55.93,947.69,Yes
2322-APVQY,Female,0,No,Yes,21,Yes,Yes,Fiber optic,Yes,No,Yes,No,No,Yes,Month-to-month,No,Mailed check,71.7,1534.86,No
2323-RKRGR,Female,0,Yes,No,10,Yes,Yes,DSL,No,Yes,No,No,Yes,No,Month-to-month,Yes,Credit card (automatic),55.56,588.54,Yes
2324-ZHFGW,Female,0,No,Yes,2,Yes,Yes,Fiber optic,Yes,No,No,No,No,No,Month-to-month,Yes,Electronic check,66.23,191.98,Yes
2325-VJKYM,Female,0,No,No,18,Yes,Yes,No,No internet service,No internet service,No internet service,No internet service,No internet service,No internet service,Two year,No,Credit card (automatic),18.25,320.06,No
2326-IGIMZ,Male,0,Yes,No,6,Yes,Yes,Fiber optic,No,Yes,Yes,No,Yes,No,Two year,Yes,Electronic check,75.15,427.35,Yes
2327-CCAUT,Male,0,Yes,Yes,33,Yes,Yes,Fiber optic,No,Yes,No,No,No,No,Month-to-month,No,Mailed check,62.19,1960.71,Yes
2328-BYCOX,Female,0,Yes,Yes,10,Yes,No,DSL,Yes,Yes,No,No,Yes,No,Month-to-month,Yes,Bank transfer (automatic),52.51,524.43,No
2329-FMUAT,Female,1,No,No,4,Yes,Yes,Fiber optic,Yes,No,Yes,Yes,No,Yes,Month-to-month,Yes,Credit card (automatic),77.35,239.66,Yes
2330-SAUVB,Female,0,No,No,70,Yes,Yes,DSL,Yes,No,Yes,Yes,No,No,Month-to-month,No,Bank transfer (automatic),51.12,3549.71,No
2331-ONSKO,Female,0,No,Yes,35,Yes,No,DSL,Yes,No,Yes,No,No,No,One year,Yes,Credit card (automatic),46.2,1600.18,No
2332-FTIET,Female,0,No,No,4,Yes,No,Fiber optic,No,Yes,Yes,No,No,No,Two year,No,Credit card (automatic),71.96,236.48,Yes
2333-BFZRW,Male,0,No,No,55,Yes,Yes,Fiber optic,No,Yes,No,No,No,No,One year,Yes,Electronic check,68.1,3814.54,No
2334-SIUXF,Male,0,No,No,4,Yes,Yes,DSL,No,Yes,No,No,Yes,No,Month-to-month,Yes,Mailed check,51.74,331.15,Yes
2335-NZXMK,Male,0,No,No,26,Yes,No,Fiber optic,No,No,No,No,No,Yes,Two year,No,Electronic check,70.25,1899.53,No
2336-LSSUZ,Female,0,Yes,No,26,Yes,Yes,Fiber optic,No,Yes,Yes,Yes,Yes,No,Two year,Yes,Electronic check,84.44,2266.46,No
2337-SXZMN,Female,0,Yes,No,31,Yes,No,Fiber optic,No,Yes,No,No,No,No,One year,Yes,Electronic check,61.7,1936.47,No
2338-XRLDJ,Female,0,No,Yes,14,Yes,No,DSL,Yes,No,No,Yes,No,No,Month-to-month,Yes,Bank transfer (automatic),45.42,683.71,No
2339-QDLMD,Male,0,No,No,53,No,No phone service,Fiber optic,Yes,Yes,No,No,Yes,No,Month-to-month,No,Bank transfer (automatic),85.01,4545.67,No
2340-JYCOB,Male,1,Yes,No,19,Yes,Yes,Fiber optic,Yes,Yes,Yes,Yes,No,No,One year,Yes,Bank transfer (automatic),74.28,1390.72,No
2341-YYQFZ,Male,1,No,No,33,Yes,No,Fiber optic,Yes,Yes,No,Yes,No,Yes,Two year,Yes,Electronic check,76.88,2598.33,Yes
2342-HCYRV,Male,0,No,No,33,Yes,No,No,No internet service,No internet service,No internet service,No internet service,No internet service,No internet service,Two year,Yes,Electronic check,29.76,953.73,No
2343-APGCW,Female,0,No,No,45,Yes,Yes,Fiber optic,No,Yes,No,No,Yes,No,Two year,No,Bank transfer (automatic),75.21,3443.43,No
2344-DIESO,Female,0,Yes,Yes,20,Yes,Yes,No,No internet service,No internet service,No internet service,No internet service,No internet service,No internet service,Month-to-month,Yes,Credit card (automatic),19.34,430.14,No
2345-HFRSX,Female,0,No,No,38,No,No phone service,No,No internet service,No internet service,No internet service,No internet service,No internet service,No internet service,Month-to-month,Yes,Credit card (automatic),18.25,684.47,Yes
2346-OZGJF,Female,0,Yes,No,39,Yes,No,Fiber optic,No,Yes,No,No,No,No,One year,No,Mailed check,71.7,2738.85,No
2347-NQISE,Female,0,Yes,No,43,Yes,No,Fiber optic,No,No,No,No,Yes,No,One year,Yes,Electronic check,64.05,2794.39,Yes
2348-WGSTZ,Female,0,No,No,35,Yes,No,DSL,Yes,No,No,No,No,No,Two year,Yes,Mailed check,43.37,1471.61,No
2349-GXBYW,Male,0,No,No,54,Yes,Yes,No,No internet service,No internet service,No internet service,No internet service,No internet service,No internet service,Two year,Yes,Electronic check,26.09,1431.0,No
2350-PMHFF,Female,0,Yes,No,70,Yes,No,DSL,No,No,No,No,No,Yes,Two year,No,Electronic check,53.19,3740.49,No
2351-IDKEY,Female,0,No,No,49,Yes,Yes,DSL,No,No,Yes,Yes,Yes,No,Month-to-month,Yes,Electronic check,58.44,2870.48,Yes
2352-QTGOY,Female,0,Yes,No,57,Yes,Yes,No,No internet service,No internet service,No internet service,No internet service,No internet service,No internet service,Two year,No,Bank transfer (automatic),25.83,1485.33,No
2353-ONMKM,Female,0,No,No,37,Yes,Yes,Fiber optic,No,No,No,No,No,No,Two year,Yes,Credit card (automatic),55.3,2033.24,No
2354-ZVXIJ,Female,0,No,No,23,Yes,No,DSL,Yes,No,Yes,Yes,No,Yes,Two year,No,Electronic check,57.52,1279.38,No
2355-DQNXR,Female,0,Yes,No,58,Yes,No,No,No internet service,No internet service,No internet service,No internet service,No internet service,No internet service,Month-to-month,Yes,Electronic check,18.25,1085.86,No
2356-KPAGJ,Female,0,Yes,Yes,44,Yes,Yes,Fiber optic,Yes,Yes,No,No,No,Yes,Two year,Yes,Electronic check,83.16,3759.08,No
2357-IYCVW,Female,0,No,No,25,Yes,No,Fiber optic,No,No,No,No,No,No,One year,Yes,Mailed check,54.77,1419.85,No
2358-NZYOB,Male,0,Yes,No,64,Yes,No,DSL,No,No,Yes,No,Yes,No,Month-to-month,No,Mailed check,50.08,3239.78,No
2359-XNPGD,Male,0,Yes,No,10,Yes,Yes,Fiber optic,No,No,Yes,No,No,No,Month-to-month,Yes,Electronic check,53.79,515.02,Yes
2360-RXEFG,Male,0,Yes,No,49,No,No phone service,Fiber optic,No,No,Yes,No,No,No,Month-to-month,Yes,Electronic check,57.62,2963.14,Yes
2361-OZAXD,Female,1,Yes,Yes,57,Yes,Yes,Fiber optic,No,Yes,No,Yes,No,Yes,Month-to-month,No,Electronic check,72.65,4168.74,No
2362-YAKRN,Male,0,No,Yes,33,Yes,No,DSL,No,Yes,No,Yes,No,No,Month-to-month,No,Mailed check,44.37,1480.16,Yes
2363-VKJQD,Female,0,Yes,No,15,Yes,No,Fiber optic,No,No,No,No,No,Yes,One year,No,Bank transfer (automatic),74.45,1156.58,No
2364-XOZPU,Male,0,No,No,58,Yes,No,Fiber optic,Yes,No,Yes,Yes,No,No,One year,No,Credit card (automatic),61.46,3514.91,Yes
2365-MIKKF,Male,0,Yes,No,0,Yes,Yes,No,No internet service,No internet service,No internet service,No internet service,No internet service,No internet service,Two year,No,Mailed check,18.25,18.8,No
2366-AVFMV,Female,0,No,No,40,No,No phone service,Fiber optic,No,Yes,No,No,No,Yes,One year,Yes,Mailed check,75.7,3070.66,No
2367-XVEOR,Female,0,No,No,27,Yes,Yes,DSL,No,No,No,Yes,No,No,Two year,No,Bank transfer (automatic),43.86,1188.51,No
2368-TNOZE,Female,1,Yes,No,14,Yes,No,DSL,No,No,No,No,Yes,Yes,Two year,Yes,Mailed check,58.97,748.85,No
2369-ZDBGJ,Female,1,No,Yes,45,Yes,Yes,Fiber optic,Yes,No,Yes,No,Yes,Yes,Month-to-month,Yes,Bank transfer (automatic),88.02,3998.85,Yes
2370-PJRQU,Male,1,Yes,No,31,Yes,No,Fiber optic,Yes,No,No,Yes,Yes,No,Two year,No,Mailed check,74.47,2296.2,No
2371-MAAOA,Male,0,No,No,38,Yes,No,DSL,No,Yes,No,No,Yes,No,Month-to-month,Yes,Credit card (automatic),54.09,2117.39,No
2372-FYZMA,Female,1,No,No,64,Yes,No,Fiber optic,No,No,No,No,Yes,Yes,Month-to-month,Yes,Electronic check,83.72,5356.43,No
2373-EIYQP,Male,0,No,Yes,72,Yes,No,DSL,No,No,Yes,No,Yes,No,Month-to-month,No,Bank transfer (automatic),55.86,3980.53,No
2374-HQOXA,Male,0,No,Yes,10,Yes,Yes,DSL,No,No,No,Yes,No,Yes,Month-to-month,Yes,Electronic check,53.02,539.9,Yes
2375-LEXFY,Male,0,Yes,Yes,69,Yes,Yes,DSL,No,Yes,No,Yes,Yes,Yes,Two year,No,Electronic check,65.63,4534.53,No
2376-AYAJJ,Female,0,Yes,No,33,Yes,No,No,No internet service,No internet service,No internet service,No internet service,No internet service,No internet service,Month-to-month,Yes,Bank transfer (automatic),18.25,650.15,No
2377-CQSKR,Female,0,Yes,No,49,No,No phone service,Fiber optic,No,Yes,No,Yes,No,No,Month-to-month,Yes,Electronic check,65.04,3210.22,No
2378-BIXQN,Female,0,No,No,43,Yes,Yes,No,No internet service,No internet service,No internet service,No internet service,No internet service,No internet service,Two year,Yes,Electronic check,18.25,748.48,No
2379-DQQLT,Male,0,No,No,13,Yes,Yes,No,No internet service,No internet service,No internet service,No internet service,No internet service,No internet service,Month-to-month,Yes,Electronic check,21.67,310.2,No
2380-RCKYR,Female,0,Yes,No,71,Yes,Yes,Fiber optic,No,No,No,Yes,No,Yes,Two year,Yes,Electronic check,67.74,4855.38,No
2381-DQREN,Female,0,Yes,No,24,Yes,Yes,Fiber optic,No,No,No,No,No,Yes,Month-to-month,No,Mailed check,77.79,1827.62,Yes
2382-JOAPK,Male,0,Yes,No,67,No,No phone service,No,No internet service,No internet service,No internet service,No internet service,No internet service,No internet service,Month-to-month,No,Electronic check,26.12,1759.96,No
2383-WTFXV,Female,1,Yes,No,49,Yes,No,DSL,Yes,No,No,No,Yes,No,Two year,Yes,Credit card (automatic),58.02,2789.58,No
2384-PBAXX,Female,0,Yes,No,31,Yes,Yes,DSL,No,No,No,No,No,Yes,Month-to-month,Yes,Electronic check,42.92,1403.11,Yes
2385-IVLQY,Female,0,No,No,54,Yes,No,Fiber optic,No,Yes,No,No,No,No,Two year,Yes,Mailed check,60.85,3336.5,No
2386-OSVJZ,Male,0,No,Yes,24,Yes,No,DSL,No,No,Yes,No,No,Yes,Month-to-month,Yes,Electronic check,55.45,1309.17,No
2387-LNIMC,Female,1,No,No,51,Yes,No,DSL,No,No,Yes,No,No,Yes,Month-to-month,Yes,Electronic check,49.27,2487.68,No
2388-UNUJP,Male,0,No,No,55,Yes,No,DSL,Yes,No,No,No,Yes,No,Two year,Yes,Bank transfer (automatic),57.64,3168.08,No
2389-GDTWY,Male,0,No,No,21,No,No phone service,DSL,Yes,Yes,No,Yes,No,No,Month-to-month,Yes,Mailed check,43.65,914.23,No
2390-KPTDV,Male,0,No,No,46,Yes,Yes,Fiber optic,No,Yes,No,Yes,No,No,One year,Yes,Electronic check,57.2,2620.89,No
2391-VWQMK,Male,1,Yes,No,69,Yes,No,Fiber optic,No,No,No,Yes,No,Yes,One year,Yes,Electronic check,68.55,4727.85,No
2392-CIFVU,Male,0,Yes,No,50,Yes,No,Fiber optic,Yes,No,Yes,No,Yes,No,Two year,Yes,Credit card (automatic),78.02,3847.9,No
2393-KPSEN,Male,0,Yes,No,65,Yes,Yes,DSL,No,No,Yes,Yes,No,Yes,Month-to-month,Yes,Mailed check,42.76,2724.78,No
2394-QCDPP,Female,0,No,Yes,69,Yes,No,Fiber optic,No,No,Yes,No,No,No,Two year,Yes,Bank transfer (automatic),63.49,4328.52,No
2395-UZYDS,Female,1,No,Yes,64,Yes,No,DSL,No,No,No,No,Yes,No,One year,Yes,Electronic check,52.61,3377.52,No
2396-ZQMZV,Male,0,No,No,21,Yes,Yes,Fiber optic,No,No,No,No,Yes,No,Month-to-month,Yes,Bank transfer (automatic),75.52,1639.7,Yes
2397-WZXAL,Male,0,No,Yes,40,Yes,No,No,No internet service,No internet service,No internet service,No internet service,No internet service,No internet service,One year,Yes,Electronic check,18.25,839.15,No
2398-DKEBQ,Female,0,Yes,No,46,Yes,Yes,DSL,No,No,Yes,No,No,Yes,One year,Yes,Electronic check,56.86,2695.49,Yes
2399-HFUIM,Female,0,No,Yes,59,Yes,Yes,DSL,No,Yes,No,Yes,No,No,Two year,Yes,Mailed check,40.82,2368.27,No
2400-KPPBJ,Female,0,No,No,21,Yes,No,Fiber optic,No,Yes,Yes,Yes,Yes,Yes,Month-to-month,No,Bank transfer (automatic),75.37,1642.79,No
2401-LHKJM,Male,0,No,No,3,Yes,No,DSL,No,No,No,No,Yes,No,One year,Yes,Mailed check,50.38,158.75,No
2402-YQGXC,Male,1,No,No,43,Yes,No,DSL,No,No,No,No,Yes,Yes,One year,No,Bank transfer (automatic),64.13,2786.12,No
2403-TMSGI,Female,0,No,No,40,Yes,No,DSL,Yes,Yes,No,Yes,Yes,No,One year,No,Credit card (automatic),56.71,2348.97,No
2404-SMVHV,Male,1,Yes,No,37,Yes,Yes,DSL,Yes,No,Yes,No,No,No,One year,No,Bank transfer (automatic),46.27,1776.26,No
2405-RWBRR,Male,0,Yes,Yes,16,Yes,Yes,No,No internet service,No internet service,No internet service,No internet service,No internet service,No internet service,Month-to-month,Yes,Bank transfer (automatic),25.26,373.87,No
2406-KANPK,Male,1,No,No,16,Yes,No,No,No internet service,No internet service,No internet service,No internet service,No internet service,No internet service,Two year,Yes,Credit card (automatic),27.09,418.36,No
2407-AGPNO,Male,0,No,Yes,44,Yes,Yes,Fiber optic,No,No,No,No,No,Yes,Month-to-month,Yes,Credit card (automatic),73.96,3250.05,Yes
2408-NUKPS,Female,0,Yes,No,45,Yes,No,No,No internet service,No internet service,No internet service,No internet service,No internet service,No internet service,Month-to-month,No,Bank transfer (automatic),18.87,858.01,Yes
2409-QZFKQ,Male,0,No,Yes,7,Yes,Yes,DSL,No,No,Yes,Yes,Yes,No,Two year,No,Electronic check,49.01,364.18,No
2410-IRQLW,Male,0,No,Yes,14,Yes,No,DSL,No,No,Yes,Yes,Yes,No,Two year,Yes,Mailed check,48.16,750.38,No
2411-VVEKD,Male,0,Yes,Yes,32,Yes,No,DSL,Yes,Yes,No,No,Yes,No,One year,Yes,Bank transfer (automatic),60.27,1923.05,No
2412-DCZXW,Male,0,Yes,No,48,Yes,Yes,Fiber optic,No,Yes,Yes,No,No,Yes,Month-to-month,Yes,Credit card (automatic),78.82,3764.88,Yes
2413-YQGZD,Female,0,Yes,No,9,No,No phone service,No,No internet service,No internet service,No internet service,No internet service,No internet service,No internet service,One year,No,Electronic check,18.25,173.1,Yes
2414-WMLAU,Male,0,Yes,No,61,Yes,No,DSL,No,No,Yes,Yes,Yes,No,Month-to-month,No,Bank transfer (automatic),47.09,2844.75,Yes
2415-SUTRK,Male,0,Yes,No,54,No,No phone service,DSL,No,Yes,No,No,Yes,Yes,One year,Yes,Bank transfer (automatic),68.58,3780.12,No
2416-TCQLJ,Female,0,Yes,Yes,57,Yes,No,No,No internet service,No internet service,No internet service,No internet service,No internet service,No internet service,Month-to-month,Yes,Credit card (automatic),19.23,1040.24,No
2417-HOEDZ,Male,0,Yes,No,62,Yes,Yes,Fiber optic,Yes,Yes,No,No,Yes,No,Month-to-month,Yes,Mailed check,80.88,4910.11,Yes
2418-UTSUD,Male,0,No,No,10,Yes,Yes,Fiber optic,No,No,No,No,No,No,Month-to-month,No,Electronic check,63.2,589.3,Yes
2419-OQLCJ,Male,0,No,Yes,34,Yes,No,Fiber optic,No,Yes,Yes,No,Yes,Yes,Two year,Yes,Credit card (automatic),84.27,2761.3,No
2420-OJXWR,Male,0,No,Yes,3,Yes,No,DSL,Yes,No,No,Yes,No,No,Month-to-month,Yes,Electronic check,40.81,139.34,No
2421-ACUZL,Female,0,No,No,65,Yes,No,Fiber optic,No,No,Yes,No,No,No,Month-to-month,Yes,Electronic check,68.15,4366.45,No
2422-ACCES,Female,0,No,No,32,Yes,Yes,Fiber optic,No,No,No,Yes,No,No,Month-to-month,No,Mailed check,61.97,2087.39,Yes
2423-YADZZ,Female,0,No,No,72,Yes,Yes,DSL,No,No,Yes,Yes,No,No,One year,Yes,Electronic check,44.75,3232.75,No
2424-DQNRA,Male,0,No,No,34,Yes,No,No,No internet service,No internet service,No internet service,No internet service,No internet service,No internet service,Month-to-month,Yes,Credit card (automatic),18.9,627.11,Yes
2425-VPCWU,Male,0,Yes,No,37,Yes,No,DSL,No,No,No,Yes,Yes,No,Month-to-month,Yes,Mailed check,51.54,1846.48,No
2426-IWDUE,Female,0,No,No,56,Yes,No,Fiber optic,No,No,No,Yes,No,No,One year,Yes,Mailed check,66.07,3709.53,No
2427-KUZIZ,Female,0,No,No,32,Yes,No,DSL,No,Yes,No,Yes,Yes,No,Month-to-month,Yes,Mailed check,56.64,1900.94,No
2428-CFXKI,Male,0,Yes,No,43,Yes,No,DSL,No,No,Yes,No,Yes,No,Two year,Yes,Electronic check,50.23,2064.64,No
2429-OWCAT,Male,0,Yes,Yes,52,Yes,Yes,DSL,No,Yes,No,Yes,No,No,Month-to-month,No,Credit card (automatic),39.88,2114.12,No
2430-VSNQV,Male,0,No,Yes,19,Yes,No,DSL,Yes,Yes,No,No,No,No,Month-to-month,Yes,Mailed check,39.92,716.43,No
2431-NQYNL,Male,0,Yes,Yes,62,Yes,No,Fiber optic,No,Yes,Yes,No,Yes,No,One year,Yes,Electronic check,84.14,5273.84,No
2432-PAMFQ,Male,0,Yes,No,50,Yes,No,DSL,No,Yes,No,Yes,No,No,Month-to-month,Yes,Credit card (automatic),45.11,2216.76,No
2433-LWSFG,Male,1,No,Yes,13,Yes,Yes,No,No internet service,No internet service,No internet service,No internet service,No internet service,No internet service,Month-to-month,Yes,Credit card (automatic),32.22,495.02,No
2434-AAEFP,Male,0,No,No,34,Yes,Yes,DSL,No,No,No,No,Yes,No,Two year,Yes,Bank transfer (automatic),52.93,1829.34,No
2435-YPNAM,Male,0,No,No,44,Yes,Yes,Fiber optic,No,No,Yes,Yes,No,Yes,Month-to-month,Yes,Credit card (automatic),66.95,2894.84,No
2436-TJXJI,Male,0,No,No,32,Yes,No,DSL,Yes,No,Yes,No,No,No,Two year,Yes,Mailed check,44.18,1366.5,No
2437-MCRTB,Male,0,No,No,60,Yes,Yes,DSL,No,No,No,Yes,No,No,One year,Yes,Electronic check,47.9,2863.01,No
2438-QSWMM,Female,0,Yes,No,71,Yes,No,DSL,Yes,Yes,No,No,Yes,Yes,Two year,Yes,Credit card (automatic),77.12,5422.81,No
2439-ABAXE,Male,1,No,No,52,Yes,Yes,No,No internet service,No internet service,No internet service,No internet service,No internet service,No internet service,Two year,No,Electronic check,24.68,1203.06,No
2440-XCGXV,Male,0,Yes,No,49,Yes,Yes,DSL,Yes,No,Yes,No,Yes,No,One year,No,Bank transfer (automatic),47.43,2385.65,No
2441-MWRXU,Male,0,No,No,14,Yes,No,Fiber optic,Yes,Yes,No,No,No,No,Month-to-month,No,Mailed check,62.33,775.71,Yes
2442-GAEQH,Female,0,Yes,No,41,Yes,No,DSL,No,No,Yes,No,Yes,No,Two year,Yes,Electronic check,56.47,2396.13,No
2443-OTDBE,Male,0,Yes,No,19,Yes,Yes,Fiber optic,Yes,No,Yes,Yes,No,Yes,Two year,No,Mailed check,78.03,1461.33,No
2444-AYEFB,Female,0,Yes,No,67,Yes,Yes,No,No internet service,No internet service,No internet service,No internet service,No internet service,No internet service,Two year,No,Mailed check,27.83,1887.4,No
2445-ZZADG,Male,0,No,No,6,Yes,No,Fiber optic,No,No,Yes,No,No,Yes,Two year,No,Bank transfer (automatic),69.64,533.21,Yes
2446-VZAAH,Female,1,No,No,65,Yes,Yes,Fiber optic,No,Yes,No,No,Yes,No,Month-to-month,Yes,Electronic check,70.28,4602.37,Yes
2447-TPUMW,Female,0,Yes,No,72,Yes,No,Fiber optic,Yes,No,No,Yes,No,No,Month-to-month,Yes,Credit card (automatic),66.62,4764.27,No
2448-XZWRT,Male,0,Yes,No,22,No,No phone service,No,No internet service,No internet service,No internet service,No internet service,No internet service,No internet service,Month-to-month,Yes,Credit card (automatic),22.31,580.03,No
2449-JLAJI,Female,0,No,No,35,Yes,No,Fiber optic,No,Yes,No,No,Yes,No,Month-to-month,No,Bank transfer (automatic),71.16,2398.33,Yes
2450-CSZIJ,Female,1,No,Yes,11,Yes,Yes,DSL,Yes,No,Yes,Yes,Yes,No,Month-to-month,Yes,Mailed check,48.76,547.52,No
2451-SPXRN,Male,0,No,No,22,Yes,Yes,DSL,No,No,No,Yes,No,No,Month-to-month,No,Bank transfer (automatic),43.33,1017.62,No
2452-CBARX,Male,0,Yes,No,10,Yes,No,Fiber optic,No,Yes,No,No,Yes,Yes,One year,No,Credit card (automatic),80.73,783.87,No
2453-IMBGP,Male,1,Yes,No,0,Yes,Yes,Fiber optic,No,No,No,No,Yes,No,Month-to-month,No,Credit card (automatic),80.06,18.8,No
2454-USYOV,Male,0,No,No,38,Yes,No,DSL,Yes,Yes,No,No,Yes,No,Two year,No,Credit card (automatic),68.2,2529.4,No
2455-KAUGT,Male,0,Yes,No,69,Yes,No,Fiber optic,No,Yes,No,No,No,No,Month-to-month,No,Electronic check,68.88,4747.78,No
2456-HJEIY,Male,0,Yes,No,30,Yes,Yes,Fiber optic,No,No,Yes,No,Yes,Yes,One year,Yes,Credit card (automatic),88.42,2552.92,No
2457-YABSN,Female,0,Yes,No,8,Yes,No,Fiber optic,No,No,Yes,No,Yes,Yes,Month-to-month,Yes,Bank transfer (automatic),82.92,567.54,Yes
2458-TJIJF,Female,1,No,Yes,55,Yes,No,Fiber optic,Yes,Yes,No,Yes,No,No,One year,Yes,Bank transfer (automatic),68.91,3757.67,No
2459-QYFDT,Male,1,No,Yes,17,Yes,No,No,No internet service,No internet service,No internet service,No internet service,No internet service,No internet service,Month-to-month,No,Electronic check,28.07,454.83,No
2460-CWSRZ,Male,1,No,No,58,Yes,No,DSL,No,Yes,No,No,No,No,One year,Yes,Electronic check,47.71,2783.14,No
2461-XDHQE,Male,0,No,No,66,No,No phone service,No,No internet service,No internet service,No internet service,No internet service,No internet service,No internet service,Two year,No,Mailed check,18.25,1188.11,No
2462-MYAMD,Male,0,No,Yes,2,Yes,Yes,DSL,No,Yes,No,No,No,Yes,One year,Yes,Bank transfer (automatic),49.96,65.46,No
2463-VZXNC,Female,0,Yes,No,29,Yes,Yes,DSL,Yes,Yes,No,No,Yes,Yes,One year,No,Bank transfer (automatic),66.6,1994.23,No
2464-EGAWL,Female,0,No,Yes,63,Yes,No,No,No internet service,No internet service,No internet service,No internet service,No internet service,No internet service,One year,No,Mailed check,25.75,1639.98,No
2465-KXHYF,Male,0,Yes,No,69,Yes,Yes,Fiber optic,No,No,Yes,No,No,Yes,One year,No,Credit card (automatic),69.65,4898.76,No
2466-VBSTT,Female,0,No,Yes,1,Yes,Yes,Fiber optic,Yes,No,No,No,No,No,Month-to-month,No,Bank transfer (automatic),73.9,73.0,Yes
2467-XNAJP,Female,1,No,Yes,19,No,No phone service,DSL,No,No,No,No,No,Yes,Two year,No,Mailed check,53.24,929.33,No
2468-DKPTA,Male,1,No,Yes,28,No,No phone service,DSL,No,No,No,No,No,No,One year,No,Mailed check,44.02,1197.74,No
2469-PSUVI,Male,0,No,No,8,Yes,No,Fiber optic,Yes,No,No,Yes,No,No,One year,Yes,Electronic check,61.79,434.71,No
2470-IIQLY,Female,0,No,No,3,Yes,No,Fiber optic,No,No,No,No,No,Yes,Month-to-month,No,Credit card (automatic),67.73,209.83,Yes
2471-MHPRA,Male,0,No,No,39,Yes,No,Fiber optic,No,No,No,No,No,No,Two year,No,Electronic check,53.16,2081.25,Yes
2472-ALFIW,Male,0,Yes,Yes,54,Yes,Yes,DSL,No,Yes,No,Yes,Yes,No,Month-to-month,No,Credit card (automatic),51.21,2703.85,No
2473-EPRQR,Male,0,No,No,12,Yes,No,Fiber optic,No,No,Yes,No,No,Yes,Month-to-month,Yes,Electronic check,67.14,794.2,Yes
2474-ASVHC,Female,1,Yes,Yes,5,Yes,Yes,Fiber optic,No,Yes,No,No,No,No,Month-to-month,Yes,Mailed check,64.03,342.08,Yes
2475-ZYZEW,Female,0,No,Yes,72,No,No phone service,No,No internet service,No internet service,No internet service,No internet service,No internet service,No internet service,Month-to-month,Yes,Electronic check,29.91,2103.9,No
2476-HSRRU,Female,0,Yes,No,25,Yes,Yes,Fiber optic,No,Yes,No,No,No,Yes,Month-to-month,Yes,Electronic check,72.27,1968.17,Yes
2477-AORYG,Female,0,Yes,No,40,Yes,No,Fiber optic,Yes,No,Yes,No,No,No,Two year,No,Electronic check,71.63,2840.07,No
2478-PPOFI,Male,0,No,No,41,No,No phone service,Fiber optic,No,No,Yes,No,No,No,One year,No,Bank transfer (automatic),54.51,2225.23,No
2479-GNKUP,Male,0,Yes,No,60,Yes,No,Fiber optic,Yes,Yes,No,Yes,No,Yes,Month-to-month,No,Bank transfer (automatic),77.27,4602.15,No
2480-YFVPT,Female,0,Yes,Yes,61,Yes,No,Fiber optic,No,No,Yes,No,No,No,Two year,Yes,Bank transfer (automatic),61.08,3656.27,No
2481-PLQEY,Female,0,No,No,67,Yes,Yes,Fiber optic,No,Yes,No,No,No,No,Month-to-month,No,Credit card (automatic),69.98,4649.68,No
2482-MHXEL,Male,0,No,Yes,20,Yes,Yes,No,No internet service,No internet service,No internet service,No internet service,No internet service,No internet service,Month-to-month,No,Electronic check,20.08,373.99,Yes
2483-ICCAY,Female,0,Yes,Yes,30,Yes,Yes,Fiber optic,No,No,No,No,Yes,No,Month-to-month,No,Electronic check,69.07,2091.37,Yes
2484-VRXLI,Female,0,No,Yes,42,Yes,No,DSL,Yes,No,No,No,No,No,Month-to-month,Yes,Credit card (automatic),48.83,2055.47,Yes
2485-IRRGD,Female,0,No,No,20,Yes,No,Fiber optic,Yes,No,No,No,No,No,Month-to-month,Yes,Electronic check,65.98,1258.91,Yes
2486-MQXBN,Female,0,No,No,28,Yes,Yes,Fiber optic,No,Yes,No,No,No,No,Month-to-month,No,Electronic check,57.75,1639.81,Yes
2487-CENCW,Female,0,No,Yes,54,No,No phone service,Fiber optic,Yes,No,Yes,No,No,Yes,One year,No,Credit card (automatic),82.82,4476.07,No
2488-GRMWV,Female,0,Yes,Yes,57,Yes,No,DSL,No,No,Yes,Yes,No,Yes,Month-to-month,Yes,Mailed check,51.78,3012.43,Yes
2489-JYMPI,Female,0,Yes,No,23,Yes,No,Fiber optic,No,No,No,No,Yes,No,Month-to-month,No,Credit card (automatic),71.02,1734.67,No
2490-BWEVQ,Male,0,Yes,No,44,Yes,Yes,Fiber optic,No,Yes,No,Yes,No,Yes,One year,No,Credit card (automatic),76.03,3377.93,No
2491-WVDQI,Male,0,Yes,No,8,Yes,No,Fiber optic,No,No,No,Yes,Yes,No,Two year,Yes,Credit card (automatic),62.96,538.27,Yes
2492-TBXRU,Male,0,Yes,Yes,65,No,No phone service,Fiber optic,No,Yes,No,Yes,No,Yes,Two year,No,Bank transfer (automatic),67.59,4354.79,No
2493-VKMHA,Female,0,Yes,No,1,Yes,Yes,No,No internet service,No internet service,No internet service,No internet service,No internet service,No internet service,Two year,Yes,Electronic check,29.12,22.14,Yes
2494-QLDUM,Male,0,No,No,36,Yes,No,Fiber optic,No,No,Yes,No,No,Yes,Month-to-month,No,Bank transfer (automatic),68.39,2337.79,Yes
2495-IGWXE,Male,0,No,No,36,Yes,Yes,Fiber optic,No,No,No,No,No,Yes,Month-to-month,Yes,Mailed check,69.68,2484.57,No
2496-EQIFY,Male,0,No,Yes,68,Yes,No,No,No internet service,No internet service,No internet service,No internet service,No internet service,No internet service,One year,No,Electronic check,18.48,1281.83,No
2497-SPUBJ,Male,0,Yes,No,45,Yes,No,DSL,No,Yes,No,Yes,No,No,One year,Yes,Electronic check,46.18,2158.31,No
2498-PEOMM,Female,0,Yes,Yes,5,Yes,No,DSL,No,No,No,Yes,Yes,No,Two year,Yes,Electronic check,46.81,221.28,Yes
2499-MONHK,Male,0,No,No,47,Yes,No,DSL,No,No,No,No,Yes,Yes,Month-to-month,Yes,Electronic check,58.06,2714.59,No
2500-RXDZJ,Male,0,Yes,Yes,7,Yes,No,No,No internet service,No internet service,No internet service,No internet service,No internet service,No internet service,Two year,No,Mailed check,19.12,112.5,No
2501-AEMAW,Male,0,No,No,31,Yes,No,Fiber optic,Yes,No,No,Yes,No,No,Month-to-month,Yes,Credit card (automatic),67.25,2039.19,No
2502-HCCGD,Male,1,No,Yes,66,No,No phone service,Fiber optic,No,Yes,Yes,No,No,Yes,Month-to-month,Yes,Electronic check,78.12,5107.7,Yes
2503-COHCG,Female,0,No,No,72,Yes,Yes,DSL,No,No,No,Yes,Yes,Yes,One year,Yes,Credit card (automatic),59.91,4269.55,No
2504-RKKQF,Female,0,Yes,No,67,Yes,No,Fiber optic,No,No,Yes,No,Yes,Yes,One year,No,Mailed check,70.97,4817.86,No
2505-HAJYS,Male,0,Yes,No,27,Yes,Yes,Fiber optic,No,Yes,Yes,No,Yes,No,Month-to-month,No,Bank transfer (automatic),79.87,2146.76,No
2506-CDKOA,Male,0,Yes,No,39,Yes,Yes,No,No internet service,No internet service,No internet service,No internet service,No internet service,No internet service,Month-to-month,No,Electronic check,23.25,849.98,Yes
2507-IKSMZ,Male,0,Yes,Yes,15,Yes,No,DSL,No,No,No,No,No,No,Month-to-month,No,Credit card (automatic),33.14,445.69,Yes
2508-PDATM,Male,0,Yes,Yes,56,Yes,Yes,DSL,No,Yes,No,No,No,No,Two year,Yes,Bank transfer (automatic),44.57,2399.05,No
2509-AEENW,Female,1,No,No,54,Yes,No,No,No internet service,No internet service,No internet service,No internet service,No internet service,No internet service,Month-to-month,No,Electronic check,18.49,980.46,No
2510-NHDGT,Female,0,Yes,No,38,Yes,Yes,Fiber optic,No,No,No,No,No,No,Two year,No,Mailed check,65.67,2462.76,Yes
2511-SOVDS,Male,0,No,Yes,54,Yes,No,Fiber optic,No,Yes,No,Yes,Yes,Yes,Month-to-month,Yes,Bank transfer (automatic),88.26,4774.38,No
2512-IUMNW,Female,0,Yes,No,29,Yes,No,Fiber optic,Yes,No,No,No,No,No,Month-to-month,No,Mailed check,59.09,1750.82,No
2513-NVJPE,Female,0,Yes,Yes,41,Yes,No,No,No internet service,No internet service,No internet service,No internet service,No internet service,No internet service,Month-to-month,Yes,Electronic check,30.24,1199.53,Yes
2514-WFZBM,Male,0,Yes,No,4,Yes,Yes,Fiber optic,Yes,No,No,No,No,Yes,Two year,Yes,Electronic check,74.98,288.49,No
2515-MSRSA,Male,0,Yes,Yes,44,Yes,No,Fiber optic,No,No,Yes,No,Yes,No,Two year,Yes,Mailed check,73.67,3293.93,Yes
2516-HVPBH,Female,0,Yes,Yes,63,Yes,No,DSL,No,No,No,No,Yes,No,Month-to-month,Yes,Mailed check,49.25,3067.91,No
2517-FPWKQ,Female,0,Yes,No,31,Yes,No,Fiber optic,No,No,No,Yes,Yes,No,Month-to-month,Yes,Bank transfer (automatic),65.78,1976.9,Yes
2518-WSKHV,Female,0,Yes,No,11,Yes,Yes,No,No internet service,No internet service,No internet service,No internet service,No internet service,No internet service,Month-to-month,No,Credit card (automatic),18.25,221.83,Yes
2519-DKHIZ,Male,0,Yes,Yes,65,Yes,Yes,No,No internet service,No internet service,No internet service,No internet service,No internet service,No internet service,Month-to-month,No,Electronic check,18.25,1243.31,No
2520-BPFUU,Male,0,No,No,51,Yes,Yes,No,No internet service,No internet service,No internet service,No internet service,No internet service,No internet service,One year,Yes,Mailed check,18.25,984.86,No
2521-ZSHNX,Male,0,No,No,70,Yes,No,Fiber optic,Yes,No,No,No,Yes,Yes,One year,Yes,Mailed check,83.69,5823.02,No
2522-PLEXZ,Male,0,Yes,Yes,31,Yes,No,Fiber optic,No,Yes,No,No,No,No,Month-to-month,Yes,Mailed check,61.68,1857.79,Yes
2523-XSRIB,Female,0,Yes,No,34,No,No phone service,Fiber optic,No,Yes,No,No,No,Yes,Two year,Yes,Bank transfer (automatic),73.56,2488.48,No
2524-YTLBJ,Male,0,No,No,5,Yes,Yes,Fiber optic,No,No,Yes,Yes,No,Yes,Month-to-month,No,Mailed check,65.41,328.36,Yes
2525-ADYLI,Female,0,No,No,21,Yes,No,No,No internet service,No internet service,No internet service,No internet service,No internet service,No internet service,Month-to-month,No,Electronic check,31.42,658.85,No
2526-DIFAJ,Female,0,No,No,46,Yes,No,No,No internet service,No internet service,No internet service,No internet service,No internet service,No internet service,Two year,Yes,Mailed check,21.72,970.23,No
2527-NVYRF,Female,0,Yes,Yes,12,Yes,Yes,DSL,No,No,No,Yes,Yes,No,Month-to-month,Yes,Bank transfer (automatic),50.25,661.67,No
2528-RTPOP,Female,1,Yes,Yes,22,Yes,No,No,No internet service,No internet service,No internet service,No internet service,No internet service,No internet service,One year,No,Credit card (automatic),26.65,652.94,No
2529-HMWKY,Male,0,No,No,43,Yes,No,No,No internet service,No internet service,No internet service,No internet service,No internet service,No internet service,One year,Yes,Electronic check,30.89,1260.07,No
2530-GQRVW,Female,0,No,No,8,Yes,Yes,Fiber optic,No,No,Yes,No,No,No,Month-to-month,No,Bank transfer (automatic),53.57,380.6,No
2531-SYMOW,Female,0,Yes,No,58,Yes,No,No,No internet service,No internet service,No internet service,No internet service,No internet service,No internet service,Month-to-month,No,Mailed check,21.8,1252.41,No
2532-VVAPE,Male,0,No,Yes,29,Yes,Yes,Fiber optic,No,No,No,Yes,Yes,No,One year,No,Electronic check,68.01,1966.59,Yes
2533-ZCWJS,Female,0,Yes,No,43,Yes,No,Fiber optic,No,No,Yes,No,Yes,Yes,One year,Yes,Bank transfer (automatic),82.91,3589.35,No
2534-EGNCM,Male,0,Yes,Yes,48,Yes,No,Fiber optic,No,No,No,Yes,No,Yes,One year,Yes,Mailed check,70.91,3384.41,Yes
2535-MJBFH,Male,0,No,Yes,15,Yes,No,Fiber optic,No,No,No,No,No,No,Month-to-month,No,Electronic check,55.78,825.83,Yes
2536-DYLOH,Male,0,Yes,No,52,Yes,Yes,DSL,Yes,Yes,Yes,No,Yes,No,Month-to-month,Yes,Credit card (automatic),65.0,3262.21,No
2537-GNWSN,Male,0,No,No,1,Yes,No,No,No internet service,No internet service,No internet service,No internet service,No internet service,No internet service,Month-to-month,Yes,Mailed check,19.67,80.3,No
2538-VMUAS,Female,0,No,Yes,66,Yes,Yes,No,No internet service,No internet service,No internet service,No internet service,No internet service,No internet service,Month-to-month,No,Credit card (automatic),21.78,1347.88,No
2539-ADJCT,Male,0,No,Yes,41,Yes,No,No,No internet service,No internet service,No internet service,No internet service,No internet service,No internet service,Two year,No,Electronic check,24.26,905.16,No
2540-ICFFW,Female,0,Yes,No,63,Yes,No,DSL,No,No,No,Yes,No,No,Two year,No,Electronic check,44.22,2706.1,No
2541-YLWAP,Female,0,Yes,No,7,Yes,Yes,DSL,No,No,Yes,No,No,No,Month-to-month,No,Electronic check,37.34,217.57,Yes
2542-XEIJM,Male,0,Yes,No,72,Yes,No,Fiber optic,No,Yes,No,No,Yes,No,Month-to-month,No,Bank transfer (automatic),73.53,5344.85,No
2543-OLEER,Female,0,Yes,No,20,No,No phone service,No,No internet service,No internet service,No internet service,No internet service,No internet service,No internet service,Month-to-month,Yes,Credit card (automatic),18.37,418.03,No
2544-LCZYG,Female,1,No,Yes,59,Yes,No,Fiber optic,No,No,No,Yes,No,Yes,Month-to-month,Yes,Bank transfer (automatic),64.39,3771.7,Yes
2545-QSRAY,Female,0,Yes,Yes,33,Yes,No,Fiber optic,No,No,No,No,No,No,Month-to-month,No,Credit card (automatic),59.4,1884.3,No
2546-XEBAG,Male,0,No,No,3,Yes,No,Fiber optic,Yes,Yes,Yes,Yes,No,Yes,Month-to-month,No,Mailed check,82.33,263.91,Yes
2547-KKRQB,Female,0,No,No,61,Yes,No,DSL,Yes,No,Yes,No,No,No,Two year,No,Electronic check,40.06,2426.67,No
2548-GGJVU,Male,0,Yes,No,1,Yes,No,Fiber optic,No,No,No,No,Yes,No,One year,Yes,Credit card (automatic),70.48,112.35,No
2549-CLCKL,Male,0,No,No,49,Yes,No,DSL,Yes,No,Yes,No,Yes,Yes,Month-to-month,No,Mailed check,69.77,3356.16,No
2550-YDYPT,Male,0,Yes,No,25,Yes,Yes,DSL,Yes,Yes,No,Yes,No,Yes,Month-to-month,No,Bank transfer (automatic),65.48,1621.39,No
2551-RDVFU,Female,0,No,Yes,36,Yes,Yes,Fiber optic,No,Yes,No,Yes,No,Yes,Month-to-month,No,Electronic check,66.37,2424.68,No
2552-OACEV,Female,0,No,No,54,Yes,Yes,Fiber optic,Yes,No,Yes,No,No,No,Two year,No,Electronic check,52.04,2857.01,No
2553-QNICZ,Female,1,Yes,Yes,17,Yes,Yes,DSL,Yes,No,No,No,No,Yes,Two year,Yes,Mailed check,54.36,994.29,No
2554-MCKBX,Male,0,No,No,23,Yes,No,Fiber optic,Yes,No,No,Yes,Yes,Yes,One year,Yes,Credit card (automatic),82.88,1977.1,No
2555-OMSVP,Female,0,No,No,29,Yes,Yes,DSL,No,Yes,No,No,Yes,No,Month-to-month,No,Bank transfer (automatic),48.76,1406.16,No
2556-RGMDI,Male,0,Yes,No,16,No,No phone service,Fiber optic,No,Yes,Yes,No,Yes,No,Month-to-month,No,Bank transfer (automatic),73.64,1225.54,Yes
2557-JIGOH,Male,0,No,No,41,Yes,No,DSL,Yes,No,No,No,Yes,Yes,One year,No,Bank transfer (automatic),61.75,2581.63,No
2558-SKEBJ,Female,0,Yes,No,11,Yes,No,DSL,No,No,Yes,No,No,No,Month-to-month,No,Mailed check,35.81,332.21,Yes
2559-PWMHI,Female,0,No,No,26,Yes,Yes,DSL,Yes,Yes,Yes,No,No,No,Month-to-month,No,Electronic check,46.01,1226.34,Yes
2560-KKWZP,Male,0,No,No,54,Yes,No,Fiber optic,No,No,No,No,Yes,No,Month-to-month,Yes,Electronic check,70.09,3773.75,Yes
2561-JXLYF,Male,0,No,Yes,3,No,No phone service,DSL,Yes,Yes,No,No,No,Yes,Two year,No,Electronic check,48.79,178.4,No
2562-LJRRD,Female,0,Yes,No,34,Yes,Yes,Fiber optic,Yes,Yes,Yes,Yes,Yes,No,Month-to-month,No,Credit card (automatic),79.18,2716.38,Yes
2563-IGRHK,Female,0,Yes,Yes,64,Yes,Yes,Fiber optic,No,No,No,No,No,No,One year,No,Bank transfer (automatic),74.3,4808.07,No
2564-GIHCQ,Female,0,Yes,Yes,28,Yes,No,No,No internet service,No internet service,No internet service,No internet service,No internet service,No internet service,Two year,Yes,Mailed check,24.11,706.7,No
2565-BONRP,Male,0,No,No,71,Yes,Yes,No,No internet service,No internet service,No internet service,No internet service,No internet service,No internet service,One year,Yes,Electronic check,18.25,1281.23,No
2566-TVDYT,Female,1,No,No,71,Yes,No,No,No internet service,No internet service,No internet service,No internet service,No internet service,No internet service,Month-to-month,Yes,Electronic check,25.39,1812.65,Yes
2567-FFZKZ,Female,0,Yes,Yes,35,Yes,No,Fiber optic,No,Yes,Yes,No,Yes,No,Month-to-month,Yes,Bank transfer (automatic),82.16,2834.14,No
2568-QXCMV,Male,0,No,No,33,Yes,No,DSL,No,No,Yes,Yes,Yes,Yes,Month-to-month,No,Electronic check,61.46,2092.65,No
2569-CPOKR,Male,0,Yes,Yes,35,Yes,Yes,Fiber optic,No,Yes,No,Yes,Yes,No,One year,No,Mailed check,69.09,2463.35,No
2570-OEPPQ,Female,0,No,No,54,Yes,No,Fiber optic,Yes,Yes,No,No,No,Yes,One year,Yes,Bank transfer (automatic),75.95,4037.75,No
2571-IWCTM,Female,1,No,No,3,Yes,Yes,Fiber optic,No,No,No,No,No,Yes,Month-to-month,Yes,Mailed check,65.53,213.44,No
2572-VCGFI,Female,0,No,No,10,No,No phone service,Fiber optic,No,Yes,No,No,Yes,No,Month-to-month,No,Credit card (automatic),67.0,745.43,Yes
2573-LOUTC,Male,0,Yes,Yes,58,Yes,Yes,Fiber optic,Yes,No,Yes,No,Yes,Yes,One year,No,Electronic check,90.12,5264.68,No
2574-JASSW,Female,0,Yes,Yes,2,Yes,No,No,No internet service,No internet service,No internet service,No internet service,No internet service,No internet service,One year,Yes,Mailed check,30.5,83.67,Yes
2575-WMLAS,Male,0,No,Yes,11,Yes,No,No,No internet service,No internet service,No internet service,No internet service,No internet service,No internet service,Month-to-month,Yes,Credit card (automatic),20.21,254.86,No
2576-XPYWW,Female,0,Yes,Yes,72,Yes,No,No,No internet service,No internet service,No internet service,No internet service,No internet service,No internet service,Month-to-month,No,Electronic check,18.25,1320.97,Yes
2577-OPKXF,Male,0,No,No,20,Yes,Yes,DSL,Yes,Yes,Yes,No,Yes,No,Month-to-month,Yes,Bank transfer (automatic),63.44,1232.25,No
2578-KCOAG,Female,0,No,No,21,Yes,No,No,No internet service,No internet service,No internet service,No internet service,No internet service,No internet service,One year,No,Bank transfer (automatic),25.82,522.23,No
2579-AQIZW,Female,0,Yes,No,17,No,No phone service,Fiber optic,No,No,No,Yes,No,No,Month-to-month,Yes,Credit card (automatic),56.52,926.73,No
2580-MKTFA,Female,0,No,No,5,Yes,No,Fiber optic,No,No,Yes,No,No,Yes,Month-to-month,No,Credit card (automatic),71.31,376.33,Yes
2581-GLVTW,Male,0,No,No,64,No,No phone service,DSL,No,No,Yes,No,No,No,Month-to-month,No,Credit card (automatic),31.4,2073.29,No
2582-SQDCA,Male,0,No,Yes,54,Yes,Yes,Fiber optic,No,Yes,Yes,No,Yes,Yes,Month-to-month,No,Bank transfer (automatic),85.64,4680.32,Yes
2583-RUOHA,Male,0,No,Yes,39,Yes,No,Fiber optic,No,No,No,Yes,No,Yes,One year,Yes,Electronic check,64.99,2477.48,No
2584-TNDEW,Male,0,No,No,51,Yes,Yes,DSL,Yes,No,Yes,Yes,Yes,Yes,Month-to-month,Yes,Electronic check,66.5,3348.67,No
2585-MXOFA,Female,0,Yes,No,43,Yes,No,DSL,Yes,No,No,No,No,Yes,Two year,No,Bank transfer (automatic),52.26,2218.27,No
2586-WSMFO,Male,1,No,No,61,Yes,Yes,Fiber optic,Yes,No,No,No,Yes,No,Two year,Yes,Mailed check,75.07,4589.45,No
2587-PXWPJ,Male,0,Yes,No,28,Yes,Yes,Fiber optic,No,Yes,No,Yes,No,No,Month-to-month,Yes,Electronic check,75.78,2077.42,No
2588-VIIQQ,Female,0,No,Yes,18,No,No phone service,DSL,No,Yes,No,No,Yes,Yes,One year,No,Bank transfer (automatic),65.51,1222.64,Yes
2589-QXLML,Male,0,Yes,No,27,Yes,No,Fiber optic,No,Yes,Yes,No,Yes,No,Month-to-month,No,Bank transfer (automatic),77.39,2025.8,No
2590-NJWSB,Female,0,Yes,No,18,Yes,No,DSL,No,Yes,No,Yes,Yes,No,One year,Yes,Credit card (automatic),54.16,1014.5,No
2591-DSGZO,Male,0,Yes,No,30,Yes,No,Fiber optic,Yes,No,No,No,No,No,Month-to-month,No,Electronic check,56.21,1714.41,Yes
2592-OXFCF,Male,0,Yes,No,53,Yes,Yes,DSL,No,Yes,No,Yes,No,Yes,One year,Yes,Electronic check,51.82,2682.53,No
2593-PBGKZ,Female,0,Yes,No,61,Yes,No,No,No internet service,No internet service,No internet service,No internet service,No internet service,No internet service,Month-to-month,Yes,Bank transfer (automatic),18.25,1108.26,No
2594-GDXTG,Female,0,No,No,13,Yes,No,DSL,No,Yes,No,No,Yes,Yes,Month-to-month,No,Electronic check,67.9,857.99,No
2595-DLEWZ,Female,0,Yes,No,49,Yes,Yes,Fiber optic,Yes,No,No,Yes,No,No,Month-to-month,No,Electronic check,66.92,3225.4,Yes
2596-SZESU,Female,0,No,No,58,Yes,Yes,DSL,No,No,No,No,No,No,Two year,Yes,Electronic check,41.59,2445.28,No
2597-CZKGQ,Male,0,Yes,No,69,Yes,No,DSL,No,No,No,No,Yes,No,Month-to-month,No,Electronic check,54.49,3773.66,No
2598-YIUIJ,Male,0,Yes,Yes,57,Yes,No,DSL,Yes,No,Yes,No,No,No,Two year,No,Credit card (automatic),39.22,2197.85,No
2599-MOVEC,Female,0,Yes,No,8,Yes,No,No,No internet service,No internet service,No internet service,No internet service,No internet service,No internet service,Month-to-month,No,Credit card (automatic),30.25,328.12,No
2600-HTJMC,Female,0,Yes,No,56,Yes,Yes,DSL,No,Yes,Yes,No,No,Yes,Month-to-month,Yes,Electronic check,46.6,2595.77,Yes
2601-VHIVU,Male,0,Yes,No,40,Yes,Yes,Fiber optic,Yes,Yes,No,No,No,Yes,Two year,Yes,Bank transfer (automatic),73.37,2891.36,No
2602-LKBRI,Female,0,No,Yes,26,Yes,Yes,Fiber optic,No,Yes,No,No,No,No,Month-to-month,Yes,Bank transfer (automatic),66.86,1746.38,No
2603-BBCPS,Male,0,Yes,No,57,Yes,No,Fiber optic,Yes,No,No,No,No,No,Month-to-month,Yes,Credit card (automatic),59.56,3474.47,No
2604-DWYRT,Female,0,No,No,67,Yes,No,Fiber optic,No,No,No,Yes,Yes,No,Month-to-month,Yes,Electronic check,70.25,4651.1,Yes
2605-YRJKQ,Female,0,Yes,Yes,57,Yes,No,DSL,No,No,No,No,No,Yes,Two year,No,Mailed check,46.37,2649.16,No
2606-ZXYWX,Female,0,No,Yes,23,No,No phone service,Fiber optic,No,Yes,No,No,No,Yes,Two year,Yes,Credit card (automatic),77.54,1773.61,No
2607-TPTMB,Female,0,Yes,No,61,Yes,No,No,No internet service,No internet service,No internet service,No internet service,No internet service,No internet service,Two year,Yes,Mailed check,19.81,1224.06,No
2608-XBYND,Male,0,No,No,66,No,No phone service,No,No internet service,No internet service,No internet service,No internet service,No internet service,No internet service,Month-to-month,Yes,Bank transfer (automatic),18.25,1158.7,No
2609-QMDCL,Female,0,Yes,No,2,Yes,No,Fiber optic,No,No,No,Yes,No,No,Month-to-month,Yes,Electronic check,59.87,141.14,Yes
2610-VWHBF,Male,1,Yes,No,50,Yes,No,Fiber optic,No,Yes,Yes,No,No,Yes,One year,Yes,Electronic check,85.12,4272.77,Yes
2611-VJLUJ,Female,0,No,No,66,Yes,Yes,DSL,Yes,No,No,No,Yes,No,Month-to-month,Yes,Credit card (automatic),54.58,3643.48,No
2612-JWCTJ,Female,1,No,No,56,Yes,Yes,Fiber optic,No,No,No,Yes,Yes,No,Month-to-month,Yes,Bank transfer (automatic),63.03,3551.61,No
2613-ITSNB,Male,0,Yes,No,19,Yes,Yes,DSL,Yes,No,No,No,No,Yes,Two year,Yes,Credit card (automatic),45.92,918.17,No
2614-ETHGF,Female,0,Yes,No,44,Yes,Yes,DSL,Yes,Yes,No,No,Yes,No,One year,Yes,Electronic check,56.61,2511.44,No
2615-KLRSJ,Male,0,No,No,5,Yes,No,Fiber optic,No,No,No,No,No,No,Two year,No,Electronic check,61.22,353.8,No
2616-YYUNC,Female,0,Yes,No,32,Yes,Yes,DSL,Yes,No,No,No,Yes,No,One year,No,Electronic check,62.28,2030.61,No
2617-RXOFJ,Male,0,No,No,42,Yes,No,DSL,Yes,No,No,No,Yes,No,Month-to-month,No,Credit card (automatic),59.45,2520.88,Yes
2618-LGQAZ,Female,1,No,No,49,Yes,No,DSL,No,Yes,No,No,Yes,No,Month-to-month,Yes,Electronic check,51.1,2533.17,Yes
2619-RZOSA,Female,0,No,No,26,Yes,No,No,No internet service,No internet service,No internet service,No internet service,No internet service,No internet service,Month-to-month,No,Bank transfer (automatic),18.25,491.75,Yes
2620-EOCAH,Female,0,Yes,No,29,Yes,No,No,No internet service,No internet service,No internet service,No internet service,No internet service,No internet service,Month-to-month,No,Electronic check,18.97,516.62,No
2621-LVYSY,Female,0,No,No,17,Yes,No,Fiber optic,No,Yes,No,Yes,Yes,No,One year,No,Bank transfer (automatic),74.44,1270.82,No
2622-YLMAS,Female,0,Yes,Yes,29,Yes,Yes,DSL,No,No,No,No,No,No,One year,Yes,Mailed check,37.99,1074.4,Yes
2623-FHDEY,Male,1,Yes,No,14,Yes,Yes,Fiber optic,No,No,No,No,No,Yes,Month-to-month,Yes,Electronic check,73.2,1050.87,Yes
2624-VGWDT,Male,0,No,No,61,Yes,No,Fiber optic,No,Yes,Yes,No,Yes,Yes,Two year,Yes,Bank transfer (automatic),80.28,4782.13,No
2625-DOUEX,Male,0,No,No,20,Yes,Yes,DSL,No,Yes,No,Yes,No,No,Two year,Yes,Bank transfer (automatic),44.07,865.68,No
2626-IBGQP,Female,0,Yes,No,11,Yes,No,No,No internet service,No internet service,No internet service,No internet service,No internet service,No internet service,Month-to-month,Yes,Bank transfer (automatic),21.43,174.78,Yes
2627-QTZWB,Female,0,Yes,Yes,48,Yes,No,Fiber optic,Yes,No,No,No,No,No,Month-to-month,Yes,Credit card (automatic),57.16,2742.61,No
2628-KBAZB,Female,0,No,No,0,Yes,No,No,No internet service,No internet service,No internet service,No internet service,No internet service,No internet service,Month-to-month,No,Electronic check,21.6,18.8,Yes
2629-WIVZB,Male,0,Yes,No,54,Yes,No,Fiber optic,No,No,Yes,No,No,No,Month-to-month,No,Mailed check,64.81,3585.4,Yes
2630-OJOJY,Male,0,No,No,24,Yes,No,Fiber optic,No,No,No,Yes,No,Yes,One year,Yes,Bank transfer (automatic),73.84,1714.38,Yes
2631-WQIRD,Male,0,No,No,46,Yes,No,Fiber optic,No,No,Yes,No,No,Yes,Two year,No,Bank transfer (automatic),69.87,3193.25,No
2632-IPDPS,Female,0,No,No,72,Yes,Yes,DSL,No,No,Yes,Yes,No,No,Month-to-month,No,Credit card (automatic),34.48,2559.02,No
2633-AWFJP,Female,0,Yes,No,38,Yes,No,No,No internet service,No internet service,No internet service,No internet service,No internet service,No internet service,Month-to-month,No,Electronic check,18.25,751.03,No
2634-DVVMP,Male,0,No,No,26,Yes,Yes,Fiber optic,No,No,No,No,No,No,Month-to-month,No,Bank transfer (automatic),58.95,1588.97,No
2635-TFZKX,Male,0,No,Yes,49,Yes,No,Fiber optic,No,Yes,No,No,No,No,One year,Yes,Electronic check,65.76,3140.93,Yes
2636-CTJAT,Male,0,Yes,Yes,54,Yes,No,Fiber optic,Yes,Yes,No,Yes,No,No,One year,No,Electronic check,65.03,3501.16,No
2637-KZZLN,Male,0,Yes,No,27,Yes,Yes,Fiber optic,Yes,No,No,No,No,No,Month-to-month,No,Mailed check,66.71,1751.7,Yes
2638-YHKDG,Female,0,Yes,No,56,Yes,No,Fiber optic,No,No,No,No,Yes,No,Two year,No,Mailed check,66.85,3765.3,No
2639-JSYZD,Male,0,Yes,No,15,Yes,Yes,Fiber optic,Yes,Yes,No,No,Yes,No,Month-to-month,Yes,Electronic check,78.32,1209.95,No
2640-BZURN,Female,0,No,Yes,55,Yes,Yes,No,No internet service,No internet service,No internet service,No internet service,No internet service,No internet service,Month-to-month,No,Electronic check,23.28,1342.52,No
2641-ZPVKJ,Female,0,No,No,34,Yes,No,No,No internet service,No internet service,No internet service,No internet service,No internet service,No internet service,Month-to-month,Yes,Mailed check,18.25,623.24,Yes
2642-QNVDS,Female,0,Yes,No,27,Yes,No,Fiber optic,No,No,No,No,No,No,Month-to-month,No,Electronic check,59.78,1582.98,Yes
2643-BGISP,Female,0,No,No,45,No,No phone service,DSL,Yes,No,No,Yes,No,Yes,Two year,Yes,Electronic check,53.83,2388.06,No
2644-VYPRW,Female,0,No,Yes,66,Yes,No,Fiber optic,No,Yes,No,Yes,Yes,No,Two year,No,Credit card (automatic),69.69,4599.86,No
2645-UUKGI,Female,0,No,Yes,15,Yes,Yes,DSL,No,No,No,Yes,No,No,Month-to-month,Yes,Bank transfer (automatic),49.36,762.59,Yes
2646-DYMZY,Male,0,Yes,No,48,No,No phone service,Fiber optic,No,No,No,No,Yes,Yes,Two year,Yes,Bank transfer (automatic),74.71,3621.83,No
2647-DSBIL,Male,0,Yes,Yes,67,Yes,Yes,Fiber optic,Yes,No,No,No,Yes,No,Month-to-month,Yes,Bank transfer (automatic),78.91,5300.05,No
2648-BFEET,Male,0,Yes,No,21,Yes,Yes,DSL,Yes,No,No,No,Yes,Yes,One year,Yes,Electronic check,68.44,1378.77,No
2649-VEDIV,Male,0,No,No,17,Yes,No,No,No internet service,No internet service,No internet service,No internet service,No internet service,No internet service,Month-to-month,No,Electronic check,21.88,379.22,No
2650-JPJJS,Female,0,Yes,No,21,No,No phone service,Fiber optic,Yes,No,No,Yes,Yes,Yes,One year,No,Electronic check,79.45,1686.15,No
2651-JFQEZ,Male,0,Yes,Yes,15,No,No phone service,DSL,No,No,No,No,No,No,Month-to-month,No,Credit card (automatic),43.66,535.51,No
2652-FXOYS,Female,0,No,Yes,55,Yes,Yes,DSL,Yes,Yes,No,No,No,Yes,Month-to-month,No,Credit card (automatic),56.41,3112.6,No
2653-RDHPX,Male,1,No,No,2,Yes,Yes,No,No internet service,No internet service,No internet service,No internet service,No internet service,No internet service,Month-to-month,Yes,Electronic check,18.25,36.0,Yes
2654-STCJB,Male,0,No,No,52,Yes,Yes,Fiber optic,Yes,No,Yes,No,No,No,Month-to-month,No,Electronic check,64.53,3393.0,No
2655-DFKNP,Female,0,No,No,34,No,No phone service,No,No internet service,No internet service,No internet service,No internet service,No internet service,No internet service,Month-to-month,Yes,Bank transfer (automatic),20.65,663.79,Yes
2656-USBYQ,Female,0,No,Yes,20,Yes,No,Fiber optic,No,Yes,Yes,No,No,No,One year,Yes,Bank transfer (automatic),68.75,1370.6,No
2657-IQOGV,Male,0,No,No,64,No,No phone service,DSL,Yes,No,Yes,Yes,No,No,One year,Yes,Credit card (automatic),41.33,2629.81,No
2658-WSCAD,Male,0,No,Yes,56,Yes,Yes,Fiber optic,Yes,Yes,No,Yes,No,No,Month-to-month,No,Electronic check,79.14,4439.29,No
2659-RZHSW,Female,0,No,No,46,Yes,No,DSL,No,No,Yes,No,Yes,No,Month-to-month,Yes,Credit card (automatic),49.85,2248.7,No
2660-WYFAH,Female,0,No,Yes,33,Yes,No,No,No internet service,No internet service,No internet service,No internet service,No internet service,No internet service,One year,Yes,Credit card (automatic),24.7,856.83,No
2661-ASKUX,Female,1,Yes,No,47,Yes,Yes,Fiber optic,Yes,No,No,No,Yes,No,Month-to-month,Yes,Mailed check,78.49,3616.37,No
2662-YOWYK,Female,0,Yes,Yes,38,Yes,No,No,No internet service,No internet service,No internet service,No internet service,No internet service,No internet service,Month-to-month,Yes,Electronic check,22.42,874.0,No
2663-SUJXL,Female,0,Yes,No,29,Yes,No,Fiber optic,Yes,Yes,No,No,Yes,No,Two year,Yes,Bank transfer (automatic),85.95,2621.98,No
2664-AXGQZ,Female,0,No,No,49,Yes,Yes,DSL,No,No,No,No,No,Yes,One year,No,Bank transfer (automatic),48.78,2380.04,No
2665-JFQRE,Female,0,No,No,15,Yes,Yes,Fiber optic,No,No,No,No,No,Yes,Month-to-month,Yes,Electronic check,72.85,1151.55,Yes
2666-RZQVP,Female,1,No,Yes,2,Yes,Yes,Fiber optic,Yes,No,Yes,No,No,Yes,Month-to-month,Yes,Credit card (automatic),74.61,127.11,Yes
2667-HXMXP,Female,0,No,No,60,Yes,Yes,No,No internet service,No internet service,No internet service,No internet service,No internet service,No internet service,Month-to-month,No,Bank transfer (automatic),19.57,1251.07,No
2668-KFCAR,Female,0,Yes,No,1,Yes,Yes,Fiber optic,No,Yes,No,No,No,Yes,Month-to-month,No,Mailed check,71.75,62.46,Yes
2669-EMJEZ,Male,0,No,No,25,No,No phone service,Fiber optic,Yes,No,No,No,No,Yes,Two year,Yes,Bank transfer (automatic),74.64,1871.01,No
2670-NQAYB,Female,0,Yes,No,17,Yes,Yes,DSL,No,No,Yes,No,Yes,No,One year,Yes,Mailed check,56.8,970.94,No
2671-GJTGX,Female,0,Yes,No,65,Yes,No,DSL,Yes,No,No,No,No,No,Month-to-month,Yes,Electronic check,48.36,3081.98,Yes
2672-PELQP,Male,0,No,Yes,39,Yes,Yes,Fiber optic,Yes,No,No,No,No,Yes,Two year,Yes,Bank transfer (automatic),77.14,3036.3,Yes
2673-TZPSZ,Female,0,No,No,2,Yes,Yes,Fiber optic,No,Yes,No,No,Yes,No,One year,No,Electronic check,71.97,141.11,Yes
2674-OLUJZ,Male,0,No,Yes,16,Yes,Yes,Fiber optic,No,No,No,Yes,No,No,Two year,Yes,Credit card (automatic),56.89,902.08,No
2675-VBGMC,Female,0,Yes,No,23,Yes,No,Fiber optic,No,No,Yes,No,Yes,Yes,Month-to-month,Yes,Electronic check,76.24,1653.54,No
2676-OAZCY,Male,0,No,No,1,Yes,No,DSL,No,No,Yes,No,No,No,Two year,Yes,Electronic check,46.49,129.4,Yes
2677-JOVFT,Female,0,Yes,No,69,Yes,No,Fiber optic,Yes,Yes,No,No,Yes,No,Two year,No,Mailed check,84.3,5930.66,No
2678-OXUGY,Male,0,No,No,39,No,No phone service,DSL,No,Yes,No,No,No,Yes,Month-to-month,No,Mailed check,47.33,1718.34,No
2679-UEDVR,Male,0,Yes,Yes,25,Yes,Yes,Fiber optic,Yes,No,No,No,No,No,Two year,No,Mailed check,69.82,1751.8,No
2680-CQRRX,Female,0,No,No,56,Yes,No,DSL,No,No,No,Yes,Yes,No,Month-to-month,Yes,Bank transfer (automatic),56.06,3146.86,No
2681-XBMVO,Female,0,Yes,No,48,Yes,Yes,Fiber optic,No,Yes,No,Yes,No,Yes,Month-to-month,No,Mailed check,76.16,3745.12,No
2682-ECEEE,Male,1,Yes,Yes,56,Yes,No,DSL,No,Yes,No,No,No,No,Month-to-month,Yes,Bank transfer (automatic),53.01,2933.0,Yes
2683-CCTWR,Male,0,No,No,55,Yes,Yes,No,No internet service,No internet service,No internet service,No internet service,No internet service,No internet service,Two year,No,Electronic check,18.25,1075.56,No
2684-ZTDAZ,Male,0,No,No,69,No,No phone service,Fiber optic,No,No,Yes,Yes,Yes,No,Month-to-month,Yes,Electronic check,71.12,4865.7,Yes
2685-PHQHG,Female,0,No,No,20,Yes,Yes,Fiber optic,No,No,Yes,No,Yes,No,Month-to-month,Yes,Electronic check,76.96,1535.8,No
2686-YHUXZ,Male,0,No,No,15,Yes,No,No,No internet service,No internet service,No internet service,No internet service,No internet service,No internet service,Month-to-month,No,Electronic check,23.29,401.59,Yes
2687-LPLSJ,Male,0,No,No,5,No,No phone service,DSL,No,No,Yes,No,Yes,Yes,Month-to-month,No,Electronic check,69.44,372.79,Yes
2688-GLTEP,Male,0,No,No,33,Yes,No,Fiber optic,Yes,No,Yes,No,Yes,Yes,Month-to-month,Yes,Credit card (automatic),81.8,2701.8,No
2689-IGTVZ,Male,0,Yes,No,58,Yes,Yes,No,No internet service,No internet service,No internet service,No internet service,No internet service,No internet service,Month-to-month,Yes,Mailed check,18.25,1073.73,No
2690-NKGJI,Female,0,Yes,Yes,66,Yes,No,Fiber optic,Yes,Yes,Yes,Yes,Yes,No,Month-to-month,Yes,Bank transfer (automatic),76.76,5121.59,Yes
2691-DPJSX,Female,0,No,No,40,Yes,Yes,Fiber optic,No,No,No,No,No,No,Month-to-month,No,Bank transfer (automatic),58.64,2340.58,Yes
2692-QIMAB,Male,0,Yes,No,18,Yes,No,Fiber optic,No,No,Yes,No,No,No,Month-to-month,No,Electronic check,70.99,1295.53,No
2693-MXIGP,Female,1,Yes,Yes,28,Yes,No,Fiber optic,No,No,Yes,Yes,No,No,Month-to-month,Yes,Credit card (automatic),56.78,1653.87,Yes
2694-SGFRS,Female,0,Yes,No,31,Yes,No,Fiber optic,Yes,No,Yes,No,No,Yes,One year,Yes,Mailed check,73.73,2290.11,No
2695-KLZJM,Male,0,Yes,Yes,9,Yes,No,DSL,No,Yes,No,No,No,Yes,Month-to-month,Yes,Bank transfer (automatic),49.1,419.29,No
2696-LUJTR,Male,0,No,Yes,63,Yes,No,Fiber optic,Yes,Yes,No,No,No,No,Month-to-month,Yes,Electronic check,66.92,4251.79,Yes
2697-DXEEL,Female,0,Yes,No,19,Yes,Yes,Fiber optic,No,Yes,No,No,Yes,Yes,One year,Yes,Mailed check,85.77,1690.27,No
2698-ZCHVB,Female,0,Yes,Yes,27,Yes,Yes,No,No internet service,No internet service,No internet service,No internet service,No internet service,No internet service,One year,No,Electronic check,18.25,552.98,No
2699-RIMGJ,Male,0,No,No,26,Yes,Yes,Fiber optic,No,Yes,No,No,Yes,Yes,One year,Yes,Electronic check,84.01,2219.16,No
2700-IVOEL,Male,0,No,No,24,No,No phone service,No,No internet service,No internet service,No internet service,No internet service,No internet service,No internet service,Two year,No,Mailed check,18.25,516.77,No
2701-ALVFS,Male,0,No,Yes,28,No,No phone service,Fiber optic,No,Yes,No,Yes,No,No,Month-to-month,No,Credit card (automatic),66.12,1860.06,Yes
2702-SPSCW,Male,0,Yes,Yes,14,Yes,No,Fiber optic,Yes,Yes,No,No,Yes,No,Month-to-month,Yes,Credit card (automatic),85.7,1176.62,Yes
2703-JRZMZ,Male,1,Yes,Yes,44,Yes,Yes,DSL,Yes,Yes,Yes,No,No,Yes,One year,No,Bank transfer (automatic),57.81,2474.36,No
2704-RCZWC,Female,1,Yes,Yes,44,Yes,Yes,DSL,Yes,Yes,No,Yes,No,No,Month-to-month,Yes,Credit card (automatic),50.7,2181.54,No
2705-WYZLT,Male,0,Yes,Yes,29,Yes,No,No,No internet service,No internet service,No internet service,No internet service,No internet service,No internet service,Month-to-month,No,Credit card (automatic),18.25,552.55,Yes
2706-GYXHI,Male,0,Yes,No,37,Yes,No,Fiber optic,No,Yes,No,No,No,Yes,Month-to-month,No,Bank transfer (automatic),79.81,2976.31,No
2707-NEUSU,Male,0,No,No,59,Yes,No,No,No internet service,No internet service,No internet service,No internet service,No internet service,No internet service,One year,No,Electronic check,18.74,1178.17,No
2708-PXLUD,Male,0,No,Yes,31,Yes,Yes,Fiber optic,Yes,No,No,Yes,No,No,One year,Yes,Electronic check,70.22,2209.88,No
2709-HGOFE,Female,0,No,No,49,Yes,No,Fiber optic,Yes,Yes,No,No,No,No,Month-to-month,Yes,Bank transfer (automatic),71.1,3505.08,Yes
2710-NUMJR,Female,0,No,Yes,70,Yes,No,Fiber optic,No,No,No,Yes,Yes,No,One year,Yes,Mailed check,77.91,5425.63,No
2711-DHXKQ,Female,1,No,No,34,Yes,No,Fiber optic,No,Yes,No,No,No,No,Month-to-month,No,Electronic check,67.54,2355.51,No
2712-RUYZK,Female,0,No,Yes,4,Yes,Yes,DSL,Yes,No,No,No,No,No,One year,Yes,Credit card (automatic),45.41,302.71,No
2713-PLMPW,Female,0,No,Yes,30,Yes,No,DSL,No,Yes,No,No,No,Yes,One year,Yes,Electronic check,59.74,1776.31,No
2714-ZUAPO,Female,0,No,No,52,Yes,Yes,No,No internet service,No internet service,No internet service,No internet service,No internet service,No internet service,Month-to-month,Yes,Credit card (automatic),28.61,1450.86,No
2715-FLHGB,Male,0,Yes,No,0,Yes,No,Fiber optic,No,No,Yes,No,No,No,Month-to-month,No,Mailed check,67.9,18.8,Yes
2716-LUNPK,Male,0,Yes,No,68,Yes,No,Fiber optic,Yes,Yes,No,Yes,Yes,Yes,One year,No,Mailed check,101.75,7001.33,No
2717-TIJQL,Male,0,No,No,67,Yes,No,DSL,No,Yes,Yes,No,No,No,Month-to-month,No,Bank transfer (automatic),44.53,3021.4,Yes
2718-FSKIU,Female,0,Yes,Yes,64,Yes,No,No,No internet service,No internet service,No internet service,No internet service,No internet service,No internet service,Two year,Yes,Mailed check,21.4,1373.84,No
2719-FYYXY,Female,0,No,No,14,Yes,Yes,No,No internet service,No internet service,No internet service,No internet service,No internet service,No internet service,One year,No,Bank transfer (automatic),18.48,287.15,No
2720-PTPFE,Female,0,No,No,51,Yes,No,Fiber optic,No,No,Yes,Yes,No,No,One year,Yes,Bank transfer (automatic),55.52,2751.21,No
2721-UDBFI,Male,0,No,Yes,37,Yes,No,Fiber optic,Yes,No,Yes,No,Yes,Yes,One year,Yes,Bank transfer (automatic),87.94,3339.69,No
2722-QNGVS,Female,0,Yes,No,23,Yes,No,Fiber optic,Yes,No,No,No,Yes,No,Month-to-month,Yes,Credit card (automatic),62.66,1476.36,No
2723-ATYOR,Male,0,No,No,22,Yes,Yes,Fiber optic,No,No,No,Yes,No,No,Month-to-month,No,Electronic check,61.98,1405.97,No
2724-CRBJK,Female,1,Yes,No,46,No,No phone service,No,No internet service,No internet service,No internet service,No internet service,No internet service,No internet service,One year,No,Electronic check,26.89,1214.44,No
2725-XCGHS,Male,1,No,No,6,Yes,No,No,No internet service,No internet service,No internet service,No internet service,No internet service,No internet service,Two year,No,Mailed check,24.14,84.56,No
2726-RMMXS,Female,0,Yes,No,30,Yes,Yes,Fiber optic,Yes,Yes,Yes,Yes,No,Yes,One year,Yes,Credit card (automatic),83.83,2524.92,No
2727-WLQVL,Male,0,No,No,6,Yes,No,DSL,No,No,No,Yes,Yes,Yes,Month-to-month,Yes,Mailed check,50.83,331.27,Yes
2728-MYLSN,Male,0,No,No,3,Yes,No,DSL,Yes,No,No,No,Yes,Yes,Two year,Yes,Credit card (automatic),73.31,228.46,Yes
2729-GMFXS,Female,0,No,No,53,Yes,No,Fiber optic,Yes,No,No,No,Yes,No,One year,No,Bank transfer (automatic),73.1,3920.16,No
2730-SDSIP,Female,0,No,No,51,Yes,Yes,Fiber optic,Yes,No,No,No,No,Yes,One year,No,Electronic check,77.79,3923.85,No
2731-DFHXP,Male,0,No,No,47,Yes,No,DSL,No,No,No,Yes,Yes,Yes,Month-to-month,No,Bank transfer (automatic),57.81,2673.01,No
2732-EUVJW,Female,0,Yes,No,65,Yes,Yes,DSL,No,No,Yes,No,Yes,No,One year,No,Electronic check,49.11,3152.59,No
2733-MZNGT,Female,0,No,No,53,Yes,No,Fiber optic,Yes,Yes,No,No,No,No,Two year,Yes,Mailed check,73.98,3865.9,No
2734-FGEUR,Male,0,Yes,No,53,Yes,No,DSL,Yes,Yes,No,Yes,No,No,Month-to-month,Yes,Electronic check,56.16,2955.67,No
2735-WLFAD,Male,0,Yes,No,44,Yes,Yes,DSL,No,Yes,Yes,Yes,Yes,Yes,One year,No,Mailed check,63.83,2791.44,No
2736-SLOCW,Male,0,Yes,Yes,39,No,No phone service,Fiber optic,No,No,Yes,No,No,No,Two year,Yes,Bank transfer (automatic),60.85,2381.48,Yes
2737-ZTHKP,Female,0,No,No,34,Yes,Yes,No,No internet service,No internet service,No internet service,No internet service,No internet service,No internet service,Two year,Yes,Electronic check,18.25,665.35,No
2738-ICETN,Male,0,Yes,No,23,Yes,Yes,Fiber optic,Yes,No,No,Yes,Yes,No,Two year,No,Bank transfer (automatic),80.32,1865.84,No
2739-ZOFZD,Female,1,No,No,34,Yes,Yes,Fiber optic,Yes,No,Yes,No,No,Yes,One year,Yes,Mailed check,64.37,2117.04,No
2740-HSEMP,Female,0,No,No,36,Yes,No,No,No internet service,No internet service,No internet service,No internet service,No internet service,No internet service,Two year,Yes,Credit card (automatic),18.25,697.21,No
2741-AMVKU,Male,0,No,No,33,Yes,No,DSL,Yes,Yes,No,No,No,Yes,Month-to-month,Yes,Electronic check,48.32,1538.99,No
2742-HYHXN,Female,0,Yes,Yes,23,Yes,No,Fiber optic,Yes,No,No,Yes,No,No,Month-to-month,No,Bank transfer (automatic),63.46,1354.65,Yes
2743-MCDTO,Female,1,No,No,3,No,No phone service,No,No internet service,No internet service,No internet service,No internet service,No internet service,No internet service,Month-to-month,Yes,Electronic check,19.38,99.34,Yes
2744-OUMIY,Male,1,No,Yes,49,Yes,Yes,DSL,Yes,No,No,No,No,Yes,Month-to-month,No,Mailed check,56.88,2837.66,Yes
2745-JLNAN,Male,0,No,No,23,Yes,Yes,No,No internet service,No internet service,No internet service,No internet service,No internet service,No internet service,One year,No,Credit card (automatic),25.34,650.97,No
2746-NHPNA,Female,1,No,Yes,35,Yes,No,Fiber optic,No,Yes,No,No,No,Yes,Month-to-month,Yes,Credit card (automatic),73.3,2579.08,Yes
2747-PRGOX,Male,0,Yes,No,34,Yes,No,DSL,No,Yes,Yes,No,No,No,Two year,Yes,Mailed check,47.36,1684.01,No
2748-QSWMI,Male,0,No,No,28,No,No phone service,No,No internet service,No internet service,No internet service,No internet service,No internet service,No internet service,Month-to-month,Yes,Bank transfer (automatic),18.25,430.15,Yes
2749-XXOYZ,Female,0,No,No,35,Yes,Yes,Fiber optic,Yes,No,No,Yes,No,No,Two year,Yes,Bank transfer (automatic),67.95,2360.17,No
2750-CXAPH,Male,0,Yes,No,67,Yes,Yes,Fiber optic,Yes,Yes,No,Yes,No,No,Two year,No,Mailed check,68.11,4608.88,No
2751-WMHQV,Male,0,Yes,No,10,Yes,No,Fiber optic,No,No,Yes,No,No,No,Month-to-month,No,Credit card (automatic),58.3,582.73,Yes
2752-WNUUG,Female,1,No,No,54,Yes,Yes,Fiber optic,Yes,Yes,Yes,No,Yes,Yes,Month-to-month,Yes,Bank transfer (automatic),89.79,4873.79,Yes
2753-OPSFW,Female,0,Yes,No,48,Yes,Yes,DSL,No,No,No,No,Yes,Yes,Two year,No,Electronic check,56.29,2725.85,No
2754-ALRPL,Female,0,No,Yes,56,Yes,Yes,Fiber optic,No,No,Yes,Yes,Yes,No,Two year,No,Bank transfer (automatic),69.05,3911.45,No
2755-TMHZV,Male,0,No,Yes,54,Yes,No,Fiber optic,No,No,No,No,No,Yes,One year,No,Mailed check,76.43,4223.84,No
2756-AZUGO,Male,0,No,Yes,55,Yes,No,Fiber optic,No,No,No,No,No,No,Two year,No,Credit card (automatic),65.86,3647.02,No
2757-VMMIX,Female,0,No,No,3,Yes,Yes,Fiber optic,Yes,No,No,No,Yes,Yes,One year,Yes,Mailed check,86.01,288.7,No
2758-ODMLE,Male,0,No,Yes,24,Yes,No,No,No internet service,No internet service,No internet service,No internet service,No internet service,No internet service,Month-to-month,Yes,Electronic check,18.72,403.81,No
2759-GHEIN,Male,0,Yes,No,1,Yes,No,DSL,No,Yes,Yes,Yes,No,Yes,One year,Yes,Electronic check,51.45,29.45,No
2760-ZLDTH,Male,0,No,Yes,18,Yes,No,No,No internet service,No internet service,No internet service,No internet service,No internet service,No internet service,One year,No,Electronic check,18.25,336.63,No
2761-QHUAT,Male,0,No,No,7,Yes,No,DSL,No,No,No,Yes,No,No,One year,Yes,Mailed check,45.86,313.26,No
2762-BDXUA,Female,0,Yes,No,63,Yes,No,No,No internet service,No internet service,No internet service,No internet service,No internet service,No internet service,Month-to-month,Yes,Bank transfer (automatic),19.97,1200.26,No
2763-GAICL,Female,0,No,No,5,No,No phone service,No,No internet service,No internet service,No internet service,No internet service,No internet service,No internet service,One year,No,Bank transfer (automatic),18.25,141.28,No
2764-SOVPJ,Male,0,No,No,13,Yes,No,Fiber optic,No,Yes,Yes,No,No,No,Two year,No,Credit card (automatic),58.43,734.21,No
2765-VFQUV,Male,0,Yes,No,69,Yes,No,Fiber optic,No,Yes,No,No,No,No,Two year,Yes,Electronic check,59.88,4130.62,No
2766-XQUSR,Male,0,No,Yes,70,Yes,No,Fiber optic,No,Yes,No,No,Yes,No,Month-to-month,Yes,Bank transfer (automatic),60.2,4151.25,No
2767-KXGJG,Female,0,No,No,56,Yes,No,No,No internet service,No internet service,No internet service,No internet service,No internet service,No internet service,One year,Yes,Bank transfer (automatic),18.25,1055.2,No
2768-ELPYU,Female,0,Yes,No,29,No,No phone service,DSL,Yes,No,No,Yes,No,Yes,Two year,No,Credit card (automatic),43.72,1256.84,No
2769-RCTOE,Female,1,No,Yes,7,No,No phone service,Fiber optic,No,No,No,No,No,No,One year,No,Credit card (automatic),61.33,459.24,Yes
2770-MSLWU,Female,0,No,Yes,13,Yes,No,Fiber optic,No,No,No,No,No,No,Month-to-month,No,Electronic check,59.95,642.55,Yes
2771-EFGZJ,Female,0,No,No,47,Yes,No,No,No internet service,No internet service,No internet service,No internet service,No internet service,No internet service,One year,Yes,Credit card (automatic),24.94,1134.19,No
2772-PHIDU,Male,0,Yes,Yes,27,Yes,No,DSL,Yes,Yes,No,No,No,Yes,Two year,Yes,Credit card (automatic),61.81,1712.33,No
2773-UHYGO,Male,1,Yes,No,5,Yes,No,Fiber optic,Yes,Yes,No,No,No,Yes,One year,Yes,Credit card (automatic),93.12,462.59,No
2774-UCQKI,Female,0,Yes,Yes,29,Yes,Yes,Fiber optic,No,Yes,No,No,No,Yes,One year,Yes,Mailed check,73.24,2231.08,No
2775-EYJON,Female,0,No,No,3,Yes,No,No,No internet service,No internet service,No internet service,No internet service,No internet service,No internet service,Month-to-month,Yes,Credit card (automatic),18.25,70.3,No
2776-DUTBL,Male,0,No,No,66,Yes,Yes,DSL,No,No,No,Yes,Yes,No,One year,No,Electronic check,55.42,3701.86,No
2777-AXTEF,Female,0,Yes,No,9,Yes,Yes,No,No internet service,No internet service,No internet service,No internet service,No internet service,No internet service,Month-to-month,Yes,Mailed check,21.27,226.09,Yes
2778-XKHGD,Male,0,Yes,No,26,Yes,No,DSL,No,Yes,No,Yes,No,No,Two year,Yes,Bank transfer (automatic),45.15,1139.7,No
2779-FPTON,Female,1,Yes,No,44,Yes,Yes,DSL,Yes,No,No,Yes,Yes,No,Month-to-month,No,Electronic check,59.99,2625.62,Yes
2780-WLLPO,Male,0,No,No,34,Yes,No,Fiber optic,Yes,No,Yes,No,No,No,Month-to-month,No,Bank transfer (automatic),70.36,2425.98,No
2781-MKQUO,Female,0,No,No,12,Yes,No,DSL,No,No,No,No,Yes,No,Month-to-month,No,Electronic check,40.92,513.09,No
2782-NJLPO,Male,0,No,No,54,Yes,Yes,Fiber optic,No,No,No,No,Yes,Yes,Month-to-month,No,Credit card (automatic),79.27,4193.54,No
2783-JDWIU,Male,0,Yes,No,42,Yes,Yes,No,No internet service,No internet service,No internet service,No internet service,No internet service,No internet service,Month-to-month,Yes,Mailed check,22.23,983.87,No
2784-TIUYX,Female,0,Yes,No,72,Yes,No,Fiber optic,Yes,No,No,Yes,Yes,No,Month-to-month,No,Bank transfer (automatic),61.99,4470.97,No
2785-TKKGU,Female,0,Yes,No,67,Yes,Yes,No,No internet service,No internet service,No internet service,No internet service,No internet service,No internet service,Month-to-month,Yes,Electronic check,18.25,1127.15,No
2786-JDEEK,Female,0,No,Yes,42,Yes,No,Fiber optic,Yes,No,Yes,Yes,No,No,One year,No,Electronic check,67.55,2805.96,No
2787-IPIVD,Female,0,Yes,Yes,39,Yes,Yes,No,No internet service,No internet service,No internet service,No internet service,No internet service,No internet service,Month-to-month,Yes,Electronic check,24.92,1005.66,No
2788-BNCRU,Female,0,Yes,No,30,Yes,No,DSL,Yes,No,No,No,No,No,Month-to-month,Yes,Electronic check,43.2,1264.88,No
2789-FKURL,Male,0,No,Yes,2,Yes,Yes,No,No internet service,No internet service,No internet service,No internet service,No internet service,No internet service,Month-to-month,No,Electronic check,18.25,18.8,No
2790-EITZR,Female,0,No,No,16,Yes,No,DSL,No,No,Yes,No,No,No,Two year,Yes,Bank transfer (automatic),40.51,685.2,No
2791-SCIDQ,Female,0,No,No,38,Yes,No,Fiber optic,No,No,Yes,No,No,No,Month-to-month,Yes,Credit card (automatic),59.33,2220.01,No
2792-QWWBI,Female,1,No,Yes,65,Yes,No,Fiber optic,No,No,No,No,Yes,No,Month-to-month,Yes,Electronic check,66.93,4384.14,No
2793-IEOOC,Female,0,No,No,68,Yes,No,No,No internet service,No internet service,No internet service,No internet service,No internet service,No internet service,One year,No,Electronic check,18.25,1180.39,No
2794-SCFDX,Male,1,No,No,18,Yes,Yes,Fiber optic,Yes,No,Yes,No,Yes,No,Month-to-month,No,Credit card (automatic),72.59,1346.67,Yes
2795-MMKEA,Female,0,No,No,21,Yes,Yes,Fiber optic,No,No,No,No,Yes,No,Two year,Yes,Electronic check,62.1,1360.93,Yes
2796-IQVAC,Female,0,No,No,7,Yes,Yes,No,No internet service,No internet service,No internet service,No internet service,No internet service,No internet service,Month-to-month,Yes,Electronic check,18.25,136.31,No
2797-OZUZW,Female,0,No,No,67,Yes,No,No,No internet service,No internet service,No internet service,No internet service,No internet service,No internet service,Month-to-month,Yes,Bank transfer (automatic),19.61,1314.03,No
2798-JHLYV,Female,1,Yes,No,70,Yes,No,DSL,No,No,No,No,Yes,No,Month-to-month,Yes,Electronic check,46.67,3214.24,Yes
2799-OIXYJ,Male,0,Yes,Yes,17,Yes,No,No,No internet service,No internet service,No internet service,No internet service,No internet service,No internet service,Two year,Yes,Mailed check,29.51,549.04,No
2800-TIOWU,Male,0,Yes,No,5,Yes,No,Fiber optic,No,Yes,Yes,No,Yes,Yes,Month-to-month,Yes,Mailed check,84.25,427.42,No
2801-UABZS,Male,0,No,No,3,Yes,No,No,No internet service,No internet service,No internet service,No internet service,No internet service,No internet service,One year,Yes,Mailed check,24.51,130.52,No
2802-NHFLZ,Male,0,No,Yes,40,No,No phone service,DSL,No,Yes,No,No,No,No,Month-to-month,Yes,Electronic check,45.57,1850.89,Yes
2803-ONUAK,Male,1,No,Yes,50,Yes,No,DSL,No,No,Yes,No,Yes,Yes,Two year,Yes,Mailed check,54.02,2771.85,No
2804-YCSRT,Female,0,Yes,No,11,Yes,No,Fiber optic,No,No,No,No,No,Yes,Month-to-month,No,Bank transfer (automatic),66.8,778.74,Yes
2805-BYZGH,Male,0,Yes,Yes,36,Yes,Yes,DSL,No,No,No,No,No,Yes,Month-to-month,No,Electronic check,49.15,1817.59,No
2806-SVOJV,Male,1,No,No,1,Yes,Yes,Fiber optic,No,Yes,No,Yes,No,Yes,One year,Yes,Electronic check,71.75,85.89,Yes
2807-AFMNC,Female,0,Yes,No,2,Yes,No,Fiber optic,No,No,No,No,No,Yes,Month-to-month,Yes,Mailed check,69.87,123.83,Yes
2808-KCSJO,Male,0,Yes,No,44,No,No phone service,Fiber optic,Yes,No,No,No,Yes,No,Month-to-month,No,Credit card (automatic),71.71,3153.37,Yes
2809-KOZXM,Male,0,No,No,38,No,No phone service,Fiber optic,No,No,No,No,No,No,Month-to-month,No,Credit card (automatic),60.45,2276.92,No
2810-EDMIY,Male,0,Yes,No,53,No,No phone service,Fiber optic,No,No,No,No,No,No,One year,Yes,Credit card (automatic),64.81,3461.75,No
2811-QBXEP,Male,0,Yes,Yes,17,Yes,No,Fiber optic,No,Yes,No,Yes,No,Yes,One year,No,Electronic check,79.11,1268.43,No
2812-GAZLU,Female,0,Yes,Yes,12,Yes,Yes,DSL,Yes,No,Yes,Yes,No,No,Two year,No,Bank transfer (automatic),46.68,577.36,No
2813-KLSZL,Male,0,Yes,No,13,Yes,No,No,No internet service,No internet service,No internet service,No internet service,No internet service,No internet service,One year,Yes,Credit card (automatic),20.76,279.89,No
2814-LNBBY,Male,0,No,No,40,No,No phone service,No,No internet service,No internet service,No internet service,No internet service,No internet service,No internet service,Month-to-month,No,Bank transfer (automatic),18.25,737.73,No
2815-DTWZP,Male,1,Yes,Yes,39,Yes,Yes,DSL,No,No,No,No,Yes,No,Month-to-month,No,Bank transfer (automatic),55.53,2126.2,Yes
2816-JMBCS,Male,0,Yes,No,70,Yes,No,No,No internet service,No internet service,No internet service,No internet service,No internet service,No internet service,Month-to-month,Yes,Electronic check,18.25,1213.03,Yes
2817-FSUTS,Male,0,Yes,No,47,Yes,No,DSL,Yes,No,No,No,No,Yes,Month-to-month,No,Bank transfer (automatic),53.29,2466.71,No
2818-HNJCF,Female,0,No,No,9,Yes,No,DSL,Yes,No,No,No,No,No,Month-to-month,No,Bank transfer (automatic),40.49,361.52,No
2819-OWWRN,Male,0,Yes,No,53,Yes,No,Fiber optic,No,No,Yes,No,No,Yes,Month-to-month,Yes,Electronic check,73.02,3865.62,Yes
2820-SZJOD,Male,0,Yes,Yes,34,No,No phone service,Fiber optic,No,Yes,No,Yes,No,Yes,Month-to-month,Yes,Mailed check,83.61,2833.69,Yes
2821-WBCGW,Female,0,Yes,Yes,23,Yes,No,DSL,No,No,Yes,Yes,No,No,One year,Yes,Mailed check,38.24,878.83,No
2822-PJSQS,Female,0,Yes,No,48,Yes,Yes,No,No internet service,No internet service,No internet service,No internet service,No internet service,No internet service,One year,Yes,Electronic check,28.17,1307.27,No
2823-EWTMM,Male,0,Yes,Yes,41,Yes,Yes,No,No internet service,No internet service,No internet service,No internet service,No internet service,No internet service,Two year,Yes,Credit card (automatic),18.25,758.02,No
2824-KKPOQ,Female,0,No,No,49,Yes,No,No,No internet service,No internet service,No internet service,No internet service,No internet service,No internet service,Two year,No,Electronic check,18.25,799.11,No
2825-VRSDV,Male,0,No,No,20,Yes,No,DSL,No,No,Yes,No,Yes,Yes,Month-to-month,No,Credit card (automatic),56.62,1190.72,No
2826-VWEGB,Male,0,No,No,27,Yes,No,No,No internet service,No internet service,No internet service,No internet service,No internet service,No internet service,One year,Yes,Electronic check,26.11,688.36,No
2827-ALJHA,Male,0,No,Yes,54,Yes,No,Fiber optic,No,No,Yes,Yes,No,Yes,Month-to-month,No,Mailed check,75.87,4171.05,Yes
2828-LBJVQ,Male,0,Yes,Yes,26,Yes,No,Fiber optic,Yes,Yes,No,No,No,No,One year,No,Credit card (automatic),68.37,1769.54,No
2829-ZCGLH,Female,0,No,No,67,Yes,Yes,No,No internet service,No internet service,No internet service,No internet service,No internet service,No internet service,One year,Yes,Electronic check,23.08,1566.94,No
2830-TLCQI,Female,0,Yes,No,5,Yes,No,Fiber optic,No,Yes,No,Yes,Yes,No,Month-to-month,Yes,Bank transfer (automatic),72.25,446.44,Yes
2831-JVFYA,Female,0,No,No,57,Yes,Yes,Fiber optic,Yes,No,Yes,Yes,Yes,Yes,Month-to-month,No,Mailed check,90.42,5169.74,No
2832-VLEMO,Female,0,Yes,No,5,Yes,No,Fiber optic,No,Yes,No,No,Yes,No,Month-to-month,No,Mailed check,72.55,328.01,Yes
2833-VKHEB,Male,0,No,No,59,Yes,Yes,Fiber optic,No,No,No,Yes,No,Yes,Month-to-month,Yes,Mailed check,74.61,4449.9,No
2834-LBZPU,Male,0,No,No,18,Yes,No,No,No internet service,No internet service,No internet service,No internet service,No internet service,No internet service,Month-to-month,Yes,Mailed check,23.92,446.07,No
2835-CJSHG,Male,0,Yes,No,60,Yes,Yes,No,No internet service,No internet service,No internet service,No internet service,No internet service,No internet service,Month-to-month,Yes,Bank transfer (automatic),22.32,1282.2,No
2836-ALEPY,Female,0,Yes,No,16,Yes,No,Fiber optic,No,No,No,No,No,No,One year,Yes,Electronic check,49.07,715.4,No
2837-DQXUB,Male,0,No,No,48,Yes,No,DSL,No,Yes,No,Yes,Yes,Yes,One year,No,Credit card (automatic),68.85,3267.04,Yes
2838-LALLL,Male,0,Yes,Yes,2,Yes,Yes,Fiber optic,No,Yes,Yes,Yes,No,No,Month-to-month,No,Credit card (automatic),71.03,218.4,No
2839-SYQTX,Male,1,No,Yes,33,Yes,No,Fiber optic,Yes,No,No,Yes,Yes,Yes,Month-to-month,No,Mailed check,86.17,2851.04,No
2840-XZKMH,Female,0,Yes,No,61,Yes,Yes,DSL,Yes,Yes,No,Yes,Yes,Yes,One year,Yes,Mailed check,74.58,4546.51,No
2841-JHTHI,Female,0,Yes,Yes,59,No,No phone service,Fiber optic,Yes,Yes,Yes,Yes,No,No,One year,Yes,Bank transfer (automatic),69.72,4175.03,No
2842-GNBYK,Female,0,No,Yes,67,Yes,No,No,No internet service,No internet service,No internet service,No internet service,No internet service,No internet service,Two year,Yes,Electronic check,18.25,1313.78,No
2843-HMUOC,Female,1,Yes,No,33,Yes,No,DSL,No,No,No,Yes,No,Yes,Month-to-month,Yes,Mailed check,49.51,1636.36,Yes
2844-WNOBS,Male,0,Yes,No,28,Yes,No,No,No internet service,No internet service,No internet service,No internet service,No internet service,No internet service,Month-to-month,Yes,Mailed check,27.78,811.87,Yes
2845-LYTDC,Male,0,No,No,59,No,No phone service,Fiber optic,Yes,No,No,Yes,No,No,One year,No,Mailed check,66.94,3984.3,No
2846-ECYOS,Male,1,No,No,43,Yes,Yes,Fiber optic,No,Yes,No,Yes,No,No,Month-to-month,No,Credit card (automatic),61.39,2696.43,No
2847-BLEVQ,Male,0,No,Yes,14,Yes,No,Fiber optic,No,No,Yes,No,Yes,No,Month-to-month,Yes,Mailed check,74.53,1038.74,No
2848-NVJCD,Female,0,No,Yes,44,Yes,No,Fiber optic,Yes,Yes,Yes,No,No,No,Month-to-month,Yes,Credit card (automatic),73.97,3316.11,No
2849-FXYVP,Male,1,Yes,No,8,Yes,No,Fiber optic,No,No,Yes,No,No,Yes,Two year,No,Electronic check,76.53,531.37,Yes
2850-GOUYT,Male,0,Yes,No,34,Yes,No,Fiber optic,No,No,No,No,No,No,Month-to-month,Yes,Bank transfer (automatic),54.5,1871.78,No
2851-ZKVUA,Female,0,Yes,No,9,Yes,No,DSL,Yes,No,No,Yes,Yes,Yes,Month-to-month,Yes,Credit card (automatic),61.54,508.44,No
2852-EMUNI,Male,0,No,No,37,Yes,No,DSL,No,No,No,Yes,No,No,Two year,Yes,Electronic check,47.24,1721.14,Yes
2853-QOUGV,Male,0,Yes,No,28,Yes,No,No,No internet service,No internet service,No internet service,No internet service,No internet service,No internet service,Two year,No,Mailed check,18.81,601.62,No
2854-VLWFU,Female,0,Yes,Yes,45,Yes,Yes,DSL,No,Yes,Yes,Yes,No,No,Two year,Yes,Credit card (automatic),31.69,1408.05,No
2855-PZEIN,Female,0,No,No,69,Yes,Yes,Fiber optic,No,Yes,No,No,No,Yes,Month-to-month,Yes,Credit card (automatic),67.23,4639.34,No
2856-HNLJT,Male,0,No,No,72,Yes,No,No,No internet service,No internet service,No internet service,No internet service,No internet service,No internet service,Two year,Yes,Bank transfer (automatic),24.35,1741.52,No
2857-TZUMS,Male,0,No,No,44,Yes,No,No,No internet service,No internet service,No internet service,No internet service,No internet service,No internet service,One year,No,Bank transfer (automatic),18.25,809.32,No
2858-OHWUJ,Male,0,Yes,Yes,52,Yes,Yes,DSL,No,No,No,Yes,No,Yes,Month-to-month,Yes,Electronic check,46.7,2480.62,No
2859-CUCZE,Male,0,No,Yes,1,Yes,Yes,No,No internet service,No internet service,No internet service,No internet service,No internet service,No internet service,Two year,Yes,Credit card (automatic),28.25,22.62,No
2860-PQFZT,Male,0,Yes,No,3,Yes,Yes,Fiber optic,No,Yes,No,No,No,No,One year,Yes,Electronic check,66.17,248.75,No
2861-TPXBT,Female,0,No,Yes,70,Yes,Yes,DSL,No,No,No,No,Yes,No,Month-to-month,Yes,Mailed check,55.33,3901.92,Yes
2862-ORAZS,Male,0,Yes,No,18,Yes,No,Fiber optic,Yes,No,Yes,Yes,Yes,Yes,Month-to-month,Yes,Electronic check,86.08,1488.24,No
2863-LHFLG,Male,0,Yes,Yes,10,Yes,Yes,No,No internet service,No internet service,No internet service,No internet service,No internet service,No internet service,One year,No,Credit card (automatic),18.25,204.26,No
2864-RVNHX,Male,1,No,Yes,31,Yes,Yes,DSL,No,Yes,No,Yes,No,No,Two year,Yes,Bank transfer (automatic),36.81,1202.88,No
2865-TVNEI,Male,0,Yes,Yes,13,Yes,No,No,No internet service,No internet service,No internet service,No internet service,No internet service,No internet service,Two year,No,Credit card (automatic),18.25,239.83,No
2866-HBPMG,Male,0,No,No,48,Yes,No,DSL,No,No,Yes,No,No,No,Month-to-month,Yes,Mailed check,38.2,1846.71,Yes
2867-PGNNL,Male,0,No,No,68,Yes,No,Fiber optic,Yes,Yes,No,Yes,No,Yes,Two year,No,Bank transfer (automatic),74.24,5074.33,No
2868-AALTU,Male,0,No,No,24,Yes,No,DSL,No,No,No,Yes,Yes,No,Month-to-month,Yes,Bank transfer (automatic),53.66,1343.18,Yes
2869-ODGPC,Male,0,Yes,No,13,Yes,No,Fiber optic,No,Yes,Yes,Yes,Yes,No,One year,No,Credit card (automatic),71.24,999.51,No
2870-GXVFP,Male,0,No,No,38,Yes,No,DSL,No,No,No,No,No,No,Month-to-month,Yes,Electronic check,40.57,1589.32,Yes
2871-XHWVF,Female,0,Yes,No,11,Yes,No,Fiber optic,No,No,Yes,Yes,Yes,Yes,One year,Yes,Mailed check,77.46,860.24,No
2872-JPKMF,Female,0,Yes,No,48,No,No phone service,DSL,No,No,No,No,No,Yes,Month-to-month,Yes,Bank transfer (automatic),45.61,2227.45,No
2873-XAUSL,Male,0,No,No,17,Yes,No,No,No internet service,No internet service,No internet service,No internet service,No internet service,No internet service,Two year,Yes,Credit card (automatic),18.25,357.36,No
2874-XFRMG,Male,0,Yes,No,0,Yes,Yes,DSL,No,No,No,Yes,Yes,Yes,Month-to-month,Yes,Bank transfer (automatic),56.88,18.8,No
2875-WMUHU,Male,0,Yes,No,3,Yes,No,Fiber optic,Yes,Yes,No,No,No,Yes,One year,No,Bank transfer (automatic),78.84,118.83,Yes
2876-QITMB,Male,0,Yes,No,11,Yes,No,Fiber optic,Yes,No,No,No,No,Yes,Two year,Yes,Mailed check,75.59,745.35,No
2877-DYBDR,Male,1,No,No,25,Yes,No,DSL,No,Yes,Yes,No,No,No,Month-to-month,No,Electronic check,42.79,1059.11,Yes
2878-ESJRY,Male,0,No,No,31,Yes,Yes,Fiber optic,No,Yes,No,Yes,No,No,Month-to-month,Yes,Electronic check,65.26,2035.44,No
2879-UJEQV,Female,0,Yes,No,51,Yes,Yes,Fiber optic,No,Yes,Yes,No,No,No,Month-to-month,Yes,Credit card (automatic),66.23,3326.41,Yes
2880-MWQIX,Male,0,Yes,No,14,Yes,Yes,Fiber optic,No,No,No,No,No,Yes,Month-to-month,Yes,Electronic check,73.83,1052.0,Yes
2881-LNNHW,Female,0,Yes,Yes,7,Yes,No,No,No internet service,No internet service,No internet service,No internet service,No internet service,No internet service,Month-to-month,Yes,Bank transfer (automatic),25.75,186.68,No
2882-ESNIG,Female,0,Yes,No,29,Yes,No,DSL,No,Yes,No,No,No,Yes,Month-to-month,No,Bank transfer (automatic),60.26,1720.42,No
2883-ZZHNV,Female,1,Yes,No,53,Yes,Yes,No,No internet service,No internet service,No internet service,No internet service,No internet service,No internet service,Month-to-month,Yes,Credit card (automatic),18.25,1002.66,No
2884-NKNUH,Female,1,Yes,No,66,Yes,No,No,No internet service,No internet service,No internet service,No internet service,No internet service,No internet service,Month-to-month,Yes,Electronic check,20.47,1281.23,No
2885-CWRCM,Female,0,No,No,69,Yes,Yes,DSL,No,Yes,No,Yes,No,Yes,Month-to-month,No,Credit card (automatic),62.66,4331.1,No
2886-LOREG,Female,0,No,No,7,Yes,Yes,Fiber optic,Yes,No,Yes,No,Yes,Yes,Month-to-month,Yes,Mailed check,82.53,655.58,No
2887-KZKOJ,Female,0,Yes,No,62,No,No phone service,Fiber optic,No,Yes,No,No,No,Yes,One year,Yes,Electronic check,81.63,5051.05,Yes
2888-OMNQM,Female,1,No,Yes,16,Yes,No,Fiber optic,No,Yes,No,No,No,Yes,Two year,Yes,Electronic check,76.62,1264.38,No
2889-JYAAO,Female,0,No,Yes,15,No,No phone service,Fiber optic,Yes,Yes,No,Yes,No,Yes,Month-to-month,Yes,Electronic check,72.8,1128.82,No
2890-PLZXF,Male,0,No,No,44,Yes,No,DSL,Yes,Yes,Yes,No,No,Yes,One year,Yes,Bank transfer (automatic),69.86,3055.85,No
2891-FLYOD,Male,1,Yes,No,67,Yes,No,Fiber optic,No,Yes,No,No,Yes,No,Month-to-month,Yes,Bank transfer (automatic),79.17,5235.87,No
2892-XDBXL,Female,0,No,Yes,9,Yes,No,DSL,Yes,No,No,Yes,Yes,No,Two year,Yes,Mailed check,57.02,482.89,No
2893-GTIIH,Female,0,No,Yes,18,Yes,Yes,Fiber optic,No,No,No,Yes,No,No,Month-to-month,No,Electronic check,61.96,1130.86,Yes
2894-NAWUW,Female,1,Yes,No,38,Yes,No,No,No internet service,No internet service,No internet service,No internet service,No internet service,No internet service,Month-to-month,Yes,Credit card (automatic),21.47,868.6,No
2895-LYBMD,Male,0,No,No,49,Yes,No,DSL,Yes,No,Yes,No,Yes,Yes,Month-to-month,Yes,Mailed check,62.49,2981.3,Yes
2896-TRSPN,Male,0,Yes,No,59,Yes,No,Fiber optic,No,Yes,No,No,Yes,No,Two year,No,Electronic check,78.58,4596.58,No
2897-HLIFZ,Female,0,No,Yes,67,Yes,Yes,Fiber optic,No,No,No,No,No,Yes,Month-to-month,No,Electronic check,68.19,4570.0,Yes
2898-RBWHX,Female,0,Yes,No,31,Yes,No,Fiber optic,No,No,No,No,Yes,No,Month-to-month,Yes,Bank transfer (automatic),64.59,1960.53,Yes
2899-NFJHQ,Female,1,No,Yes,63,Yes,Yes,Fiber optic,No,No,No,Yes,No,No,One year,Yes,Mailed check,56.14,3608.93,Yes
2900-YLQMS,Female,1,No,No,23,Yes,No,DSL,No,No,Yes,No,Yes,Yes,Two year,Yes,Mailed check,51.47,1176.82,No
2901-LPYEY,Female,0,No,Yes,27,Yes,Yes,Fiber optic,No,No,No,No,Yes,No,Two year,Yes,Electronic check,68.8,1871.07,No
2902-PYFKQ,Female,0,Yes,No,22,Yes,No,Fiber optic,No,No,Yes,No,No,Yes,Two year,Yes,Electronic check,64.58,1378.96,No
2903-ZWNFY,Male,0,Yes,Yes,62,Yes,Yes,Fiber optic,Yes,Yes,No,No,Yes,Yes,Month-to-month,No,Electronic check,86.9,5423.82,No
2904-WKLMD,Male,0,Yes,No,55,No,No phone service,DSL,No,No,No,No,No,No,Month-to-month,No,Credit card (automatic),32.71,1753.12,No
2905-GBFFR,Male,0,Yes,No,72,Yes,No,DSL,Yes,No,No,No,No,No,Two year,No,Bank transfer (automatic),37.14,2696.5,No
2906-THHHH,Female,0,Yes,Yes,65,Yes,Yes,Fiber optic,No,No,No,Yes,Yes,Yes,Month-to-month,No,Electronic check,89.79,5916.38,Yes
2907-ABLOD,Female,0,No,Yes,37,Yes,No,DSL,Yes,No,No,Yes,No,Yes,Month-to-month,Yes,Electronic check,55.47,2093.69,Yes
2908-YCNVW,Male,0,Yes,No,27,No,No phone service,DSL,No,Yes,Yes,Yes,Yes,No,Month-to-month,No,Credit card (automatic),53.4,1451.42,No
2909-HMWSV,Male,1,No,No,25,Yes,No,No,No internet service,No internet service,No internet service,No internet service,No internet service,No internet service,Month-to-month,Yes,Electronic check,18.25,417.06,No
2910-EMZTA,Female,0,No,Yes,59,Yes,Yes,DSL,No,No,No,No,Yes,Yes,Two year,No,Electronic check,61.73,3606.37,No
2911-PWXBG,Male,0,Yes,No,59,Yes,Yes,Fiber optic,No,Yes,No,Yes,No,Yes,One year,Yes,Credit card (automatic),75.16,4456.58,No
2912-FEDBJ,Male,0,No,No,54,Yes,Yes,Fiber optic,No,No,No,No,No,Yes,Month-to-month,Yes,Electronic check,68.52,3707.23,Yes
2913-VERJW,Male,0,No,Yes,24,Yes,No,DSL,No,Yes,Yes,No,Yes,No,One year,Yes,Credit card (automatic),56.95,1412.21,No
2914-VOIKZ,Male,0,Yes,Yes,20,Yes,Yes,DSL,No,No,No,Yes,No,No,Month-to-month,No,Bank transfer (automatic),42.88,855.43,No
2915-UYYQU,Female,0,No,No,24,Yes,No,Fiber optic,No,Yes,No,Yes,No,No,Month-to-month,No,Electronic check,54.02,1323.21,Yes
2916-IWPFV,Female,0,No,No,57,Yes,Yes,DSL,Yes,Yes,Yes,Yes,Yes,No,Two year,Yes,Credit card (automatic),60.14,3433.0,No
2917-KWQDO,Female,0,No,Yes,37,Yes,No,DSL,No,Yes,No,No,No,Yes,Month-to-month,Yes,Credit card (automatic),56.94,2139.16,No
2918-AVTAI,Female,0,Yes,No,45,No,No phone service,DSL,No,Yes,No,No,Yes,Yes,One year,No,Electronic check,63.78,2854.82,No
2919-LDVMG,Male,0,No,Yes,3,Yes,Yes,DSL,No,No,No,No,Yes,No,Month-to-month,No,Electronic check,42.51,54.45,Yes
2920-HMKIY,Male,0,Yes,No,18,Yes,Yes,No,No internet service,No internet service,No internet service,No internet service,No internet service,No internet service,Month-to-month,No,Electronic check,18.25,378.27,No
2921-XPJKL,Male,0,No,Yes,61,Yes,No,DSL,Yes,No,Yes,No,No,No,One year,Yes,Credit card (automatic),44.45,2704.58,No
2922-NSLRU,Female,0,No,No,23,Yes,No,Fiber optic,No,No,No,No,No,No,Two year,Yes,Credit card (automatic),61.13,1473.87,No
2923-QCASD,Female,0,No,No,54,Yes,Yes,Fiber optic,Yes,No,No,No,No,No,Two year,No,Bank transfer (automatic),69.45,3755.53,No
2924-WPLUU,Female,0,Yes,No,24,Yes,No,Fiber optic,No,No,No,No,No,No,Two year,Yes,Credit card (automatic),64.87,1558.44,No
2925-MQHMT,Female,0,Yes,No,71,Yes,Yes,Fiber optic,No,No,No,Yes,No,No,Two year,Yes,Electronic check,58.75,4237.87,No
2926-ZEROL,Male,0,Yes,No,64,Yes,Yes,Fiber optic,No,Yes,Yes,No,Yes,Yes,Month-to-month,No,Electronic check,86.77,5520.8,Yes
2927-QYOBF,Female,0,No,No,67,Yes,Yes,No,No internet service,No internet service,No internet service,No internet service,No internet service,No internet service,Two year,No,Bank transfer (automatic),19.43,1280.06,No
2928-QPQYT,Male,0,Yes,No,11,Yes,No,DSL,Yes,Yes,Yes,Yes,Yes,No,Two year,No,Credit card (automatic),64.5,731.44,No
2929-IEWAF,Male,0,Yes,No,24,Yes,No,DSL,No,Yes,Yes,No,Yes,Yes,Month-to-month,Yes,Electronic check,68.85,1610.03,No
2930-XNQYS,Male,0,Yes,Yes,20,Yes,Yes,No,No internet service,No internet service,No internet service,No internet service,No internet service,No internet service,Month-to-month,Yes,Electronic check,23.37,557.06,No
2931-AAMNF,Female,0,No,No,18,No,No phone service,No,No internet service,No internet service,No internet service,No internet service,No internet service,No internet service,Month-to-month,Yes,Credit card (automatic),19.09,327.87,No
2932-FANCW,Female,0,Yes,Yes,69,Yes,No,Fiber optic,No,Yes,Yes,Yes,Yes,Yes,One year,No,Bank transfer (automatic),91.11,6277.11,No
2933-JSSSW,Male,0,No,No,51,Yes,Yes,No,No internet service,No internet service,No internet service,No internet service,No internet service,No internet service,Month-to-month,No,Electronic check,22.88,1234.91,No
2934-DTSJY,Male,0,No,No,53,Yes,Yes,Fiber optic,Yes,No,No,No,No,Yes,One year,No,Mailed check,73.06,3875.39,No
2935-BDXFG,Female,0,No,Yes,34,Yes,No,Fiber optic,No,No,Yes,No,Yes,No,Two year,Yes,Mailed check,70.59,2358.72,Yes
2936-PGRTZ,Female,0,Yes,Yes,2,Yes,Yes,No,No internet service,No internet service,No internet service,No internet service,No internet service,No internet service,Month-to-month,Yes,Bank transfer (automatic),18.25,85.21,No
2937-ZVSIT,Female,0,Yes,No,32,Yes,No,Fiber optic,Yes,No,Yes,Yes,Yes,No,Month-to-month,Yes,Mailed check,77.32,2517.5,No
2938-JMRPV,Female,0,Yes,No,72,Yes,Yes,No,No internet service,No internet service,No internet service,No internet service,No internet service,No internet service,Month-to-month,No,Mailed check,21.64,1502.25,Yes
2939-QVMLJ,Male,0,Yes,No,6,No,No phone service,Fiber optic,Yes,No,No,No,Yes,Yes,Two year,Yes,Credit card (automatic),84.53,472.46,No
2940-AHUVR,Male,0,No,No,26,Yes,No,No,No internet service,No internet service,No internet service,No internet service,No internet service,No internet service,Month-to-month,No,Bank transfer (automatic),18.25,424.99,No
2941-BPLIC,Male,1,Yes,Yes,0,Yes,No,Fiber optic,No,No,No,No,No,Yes,Two year,Yes,Bank transfer (automatic),72.91,18.8,No
2942-VZUDZ,Male,1,Yes,No,39,Yes,No,Fiber optic,No,No,No,No,No,No,Month-to-month,Yes,Electronic check,61.37,2499.11,No
2943-BHJPW,Male,0,No,No,17,Yes,No,Fiber optic,No,Yes,Yes,No,No,No,Month-to-month,Yes,Mailed check,58.45,923.21,Yes
2944-KRVNH,Male,0,Yes,No,34,Yes,No,Fiber optic,Yes,Yes,Yes,No,Yes,No,Month-to-month,No,Bank transfer (automatic),83.28,2790.13,No
2945-WOQUR,Female,0,Yes,No,38,Yes,Yes,No,No internet service,No internet service,No internet service,No internet service,No internet service,No internet service,Month-to-month,Yes,Electronic check,18.68,734.59,No
2946-FWNWC,Male,0,Yes,No,10,Yes,No,DSL,No,No,No,No,No,Yes,Month-to-month,No,Credit card (automatic),44.78,464.8,No
2947-GOUXP,Female,0,No,Yes,44,Yes,No,No,No internet service,No internet service,No internet service,No internet service,No internet service,No internet service,Month-to-month,Yes,Mailed check,22.65,1029.52,No
2948-PHGFB,Female,0,No,Yes,2,Yes,No,Fiber optic,Yes,No,No,No,No,No,Two year,Yes,Mailed check,60.67,135.73,No
2949-VMLOI,Male,1,No,No,51,Yes,No,Fiber optic,Yes,No,No,Yes,Yes,No,Month-to-month,Yes,Credit card (automatic),66.88,3487.29,No
2950-BQEKV,Female,0,Yes,No,59,Yes,No,Fiber optic,No,Yes,No,Yes,Yes,Yes,Month-to-month,Yes,Electronic check,85.86,5036.79,Yes
2951-SXGBP,Male,0,Yes,No,57,Yes,Yes,Fiber optic,Yes,No,No,Yes,No,No,Two year,No,Credit card (automatic),61.06,3568.3,No
2952-LWOAY,Male,0,No,No,53,Yes,Yes,Fiber optic,No,No,No,No,Yes,Yes,One year,No,Credit card (automatic),81.15,4280.68,No
2953-MWFMR,Female,0,No,No,33,Yes,No,No,No internet service,No internet service,No internet service,No internet service,No internet service,No internet service,Month-to-month,Yes,Bank transfer (automatic),27.31,837.94,No
2954-CAOZM,Female,0,No,Yes,27,Yes,Yes,No,No internet service,No internet service,No internet service,No internet service,No internet service,No internet service,Month-to-month,No,Mailed check,25.68,674.19,No
2955-EYMVE,Female,0,No,No,60,Yes,No,Fiber optic,No,No,No,No,No,No,Month-to-month,No,Electronic check,58.44,3531.96,Yes
2956-SUXRU,Female,0,Yes,Yes,65,Yes,No,Fiber optic,No,No,Yes,No,Yes,Yes,Two year,Yes,Bank transfer (automatic),79.39,5223.64,No
2957-VJXHO,Female,1,No,Yes,65,Yes,Yes,No,No internet service,No internet service,No internet service,No internet service,No internet service,No internet service,Month-to-month,Yes,Credit card (automatic),18.25,1220.43,No
2958-UYTYW,Female,1,No,Yes,36,Yes,Yes,Fiber optic,Yes,No,No,Yes,Yes,No,One year,Yes,Mailed check,70.01,2460.9,No
2959-VDBXF,Female,0,No,No,15,Yes,No,No,No internet service,No internet service,No internet service,No internet service,No internet service,No internet service,Two year,No,Bank transfer (automatic),25.26,335.56,No
2960-CGJWF,Female,0,No,Yes,71,Yes,Yes,No,No internet service,No internet service,No internet service,No internet service,No internet service,No internet service,Month-to-month,Yes,Mailed check,25.49,1781.46,No
2961-PBXQM,Female,0,Yes,No,44,Yes,No,Fiber optic,Yes,Yes,No,No,No,Yes,Month-to-month,Yes,Bank transfer (automatic),89.55,3953.33,Yes
2962-AFEYM,Male,1,No,No,14,Yes,Yes,Fiber optic,No,No,No,Yes,No,Yes,Two year,Yes,Electronic check,65.95,974.52,No
2963-WRLGO,Male,0,No,Yes,3,No,No phone service,No,No internet service,No internet service,No internet service,No internet service,No internet service,No internet service,Month-to-month,Yes,Electronic check,19.45,66.08,Yes
2964-CPAPX,Female,0,Yes,No,22,Yes,No,No,No internet service,No internet service,No internet service,No internet service,No internet service,No internet service,Month-to-month,No,Credit card (automatic),18.25,319.9,Yes
2965-LSHWL,Female,0,Yes,No,71,Yes,No,Fiber optic,No,No,Yes,Yes,Yes,Yes,Two year,Yes,Electronic check,80.11,5755.61,No
2966-OBQGM,Female,0,No,No,15,Yes,No,No,No internet service,No internet service,No internet service,No internet service,No internet service,No internet service,Two year,No,Credit card (automatic),26.17,360.98,No
2967-AFMKJ,Male,0,Yes,Yes,52,Yes,No,No,No internet service,No internet service,No internet service,No internet service,No internet service,No internet service,One year,No,Electronic check,23.0,1259.47,No
2968-PZXWT,Male,0,No,Yes,9,No,No phone service,DSL,No,No,No,Yes,No,Yes,Month-to-month,No,Bank transfer (automatic),47.48,410.62,Yes
2969-QQDEW,Female,0,Yes,No,33,Yes,No,DSL,No,No,Yes,Yes,No,Yes,Two year,No,Electronic check,49.97,1638.94,No
2970-NTJNA,Female,0,No,Yes,17,Yes,No,DSL,Yes,Yes,No,No,No,Yes,Month-to-month,Yes,Bank transfer (automatic),53.01,918.64,No
2971-KZWRP,Female,0,Yes,Yes,52,Yes,No,DSL,Yes,Yes,No,No,Yes,Yes,Month-to-month,Yes,Electronic check,65.85,3469.44,No
2972-RHJZJ,Female,0,Yes,No,15,Yes,No,No,No internet service,No internet service,No internet service,No internet service,No internet service,No internet service,Month-to-month,No,Bank transfer (automatic),22.06,439.83,No
2973-EJRUX,Male,0,No,Yes,61,Yes,No,DSL,No,Yes,No,Yes,Yes,Yes,Month-to-month,No,Mailed check,71.77,4357.9,Yes
2974-FCHIE,Male,0,No,No,51,Yes,No,Fiber optic,No,No,No,Yes,Yes,No,Month-to-month,Yes,Mailed check,70.13,3568.29,No
2975-BBGQJ,Female,0,Yes,No,56,Yes,No,No,No internet service,No internet service,No internet service,No internet service,No internet service,No internet service,One year,No,Electronic check,28.78,1566.94,No
2976-LBJTA,Female,0,Yes,No,71,Yes,No,No,No internet service,No internet service,No internet service,No internet service,No internet service,No internet service,Month-to-month,Yes,Mailed check,27.11,1883.12,No
2977-DMLKJ,Male,0,No,No,63,Yes,Yes,Fiber optic,No,No,No,No,No,No,Month-to-month,Yes,Bank transfer (automatic),64.54,4056.04,Yes
2978-OEYQE,Male,0,No,No,22,Yes,Yes,Fiber optic,No,Yes,No,No,No,No,One year,No,Bank transfer (automatic),65.37,1488.2,Yes
2979-BIFRN,Female,0,No,No,39,Yes,No,DSL,Yes,Yes,Yes,Yes,No,No,One year,Yes,Bank transfer (automatic),49.71,1910.32,No
2980-SNHQC,Female,1,No,No,13,Yes,No,DSL,No,Yes,No,Yes,No,No,Two year,No,Credit card (automatic),39.32,560.53,Yes
2981-JQKHA,Male,0,Yes,Yes,17,Yes,No,DSL,No,No,No,No,Yes,No,Month-to-month,No,Bank transfer (automatic),48.59,807.03,No
2982-MUDGN,Male,0,No,No,35,Yes,No,DSL,Yes,Yes,Yes,No,Yes,Yes,Month-to-month,No,Mailed check,60.24,2163.83,No
2983-EXKQE,Male,1,No,No,38,Yes,No,Fiber optic,Yes,No,Yes,Yes,No,No,Month-to-month,Yes,Bank transfer (automatic),60.64,2180.99,No
2984-TCEZO,Female,0,No,No,40,Yes,Yes,DSL,No,No,No,Yes,Yes,No,Month-to-month,No,Mailed check,51.6,2032.31,Yes
2985-SPHMP,Male,0,No,No,0,No,No phone service,Fiber optic,No,No,No,Yes,No,Yes,Month-to-month,Yes,Bank transfer (automatic),70.25,50.87,No
2986-CAIIV,Female,0,No,No,70,Yes,No,No,No internet service,No internet service,No internet service,No internet service,No internet service,No internet service,Two year,Yes,Bank transfer (automatic),28.27,2001.92,No
2987-ZQXBI,Male,1,No,Yes,41,Yes,No,Fiber optic,No,Yes,No,No,No,No,Month-to-month,Yes,Mailed check,57.87,2366.39,Yes
2988-XSMEI,Male,0,No,Yes,23,No,No phone service,Fiber optic,No,Yes,No,Yes,Yes,Yes,Two year,No,Credit card (automatic),94.78,2195.47,No
2989-MAYOD,Male,0,No,Yes,64,Yes,No,No,No internet service,No internet service,No internet service,No internet service,No internet service,No internet service,One year,Yes,Electronic check,21.32,1387.34,No
2990-DTJYF,Female,0,No,Yes,17,Yes,No,DSL,Yes,No,No,Yes,No,No,Month-to-month,Yes,Mailed check,48.28,818.96,No
2991-XLTPC,Female,1,No,No,13,Yes,No,No,No internet service,No internet service,No internet service,No internet service,No internet service,No internet service,Month-to-month,No,Credit card (automatic),27.81,346.61,No
2992-NAJOG,Male,0,No,No,18,Yes,No,DSL,Yes,No,No,Yes,No,Yes,Month-to-month,Yes,Mailed check,58.31,1095.7,No
2993-DNXPN,Female,0,Yes,No,6,Yes,No,Fiber optic,No,Yes,Yes,No,Yes,No,Month-to-month,Yes,Bank transfer (automatic),60.89,409.03,Yes
2994-CQUNR,Male,0,Yes,No,63,Yes,Yes,DSL,No,No,No,No,No,Yes,One year,Yes,Mailed check,60.3,3851.31,No
2995-CVSCL,Female,0,No,No,1,Yes,Yes,DSL,No,Yes,Yes,Yes,Yes,No,Month-to-month,No,Credit card (automatic),52.51,158.13,Yes
2996-VEJIA,Male,0,No,No,6,Yes,Yes,DSL,No,No,No,No,No,No,Month-to-month,Yes,Credit card (automatic),37.3,239.58,No
2997-MCSKP,Male,0,Yes,No,27,Yes,No,No,No internet service,No internet service,No internet service,No internet service,No internet service,No internet service,One year,Yes,Electronic check,24.52,768.35,No
2998-FXCSF,Female,0,Yes,No,29,Yes,Yes,Fiber optic,Yes,No,No,Yes,No,No,One year,No,Credit card (automatic),60.38,1831.61,Yes
2999-HVMLJ,Male,0,Yes,Yes,72,Yes,No,Fiber optic,No,Yes,No,No,No,No,Two year,Yes,Mailed check,67.23,4923.18,No
3000-CDAMX,Female,0,Yes,No,35,Yes,No,Fiber optic,Yes,No,No,No,Yes,Yes,Month-to-month,No,Bank transfer (automatic),74.55,2633.77,No
3001-DVKSK,Male,0,Yes,No,21,Yes,Yes,No,No internet service,No internet service,No internet service,No internet service,No internet service,No internet service,Month-to-month,No,Credit card (automatic),19.59,461.49,No
3002-LKFLI,Female,0,No,No,26,Yes,No,DSL,No,Yes,Yes,Yes,No,Yes,Month-to-month,Yes,Bank transfer (automatic),56.95,1565.99,Yes
3003-YJCCT,Male,1,No,No,9,Yes,Yes,Fiber optic,Yes,No,Yes,No,Yes,Yes,Month-to-month,No,Bank transfer (automatic),80.83,674.15,Yes
3004-WPCJX,Male,0,No,Yes,21,Yes,Yes,No,No internet service,No internet service,No internet service,No internet service,No internet service,No internet service,Two year,Yes,Credit card (automatic),18.25,381.95,No
3005-KHFTK,Female,0,Yes,Yes,22,No,No phone service,Fiber optic,No,Yes,Yes,Yes,No,No,Month-to-month,No,Bank transfer (automatic),69.86,1551.29,Yes
3006-ULPRM,Male,0,No,Yes,51,Yes,Yes,Fiber optic,No,Yes,No,No,No,Yes,Month-to-month,Yes,Electronic check,74.92,3881.63,Yes
3007-VCOVU,Female,0,No,No,41,Yes,No,No,No internet service,No internet service,No internet service,No internet service,No internet service,No internet service,Two year,Yes,Bank transfer (automatic),18.25,784.82,No
3008-NRNEU,Male,0,Yes,No,40,Yes,No,Fiber optic,No,Yes,No,No,Yes,No,Month-to-month,Yes,Credit card (automatic),77.69,3154.3,Yes
3009-NYHWO,Male,0,Yes,Yes,47,Yes,Yes,No,No internet service,No internet service,No internet service,No internet service,No internet service,No internet service,Month-to-month,Yes,Mailed check,18.25,883.61,No
3010-OSZTF,Male,0,No,Yes,68,Yes,Yes,DSL,No,Yes,No,No,No,No,Month-to-month,Yes,Mailed check,35.76,2445.96,Yes
3011-SYHFT,Male,0,No,No,50,No,No phone service,No,No internet service,No internet service,No internet service,No internet service,No internet service,No internet service,Two year,Yes,Electronic check,18.25,833.32,No
3012-WOCJO,Female,0,No,No,0,Yes,No,Fiber optic,Yes,No,Yes,No,Yes,Yes,Two year,No,Mailed check,84.68,18.8,Yes
3013-XPQSK,Female,0,Yes,No,55,Yes,Yes,Fiber optic,No,No,Yes,No,Yes,Yes,Month-to-month,Yes,Credit card (automatic),78.46,4359.83,No
3014-PEEZN,Female,0,No,Yes,70,Yes,No,No,No internet service,No internet service,No internet service,No internet service,No internet service,No internet service,Two year,Yes,Electronic check,18.39,1288.98,No
3015-RZHEG,Male,0,Yes,No,23,Yes,No,No,No internet service,No internet service,No internet service,No internet service,No internet service,No internet service,Two year,Yes,Credit card (automatic),21.7,425.12,No
3016-PWNEX,Female,1,No,No,14,Yes,Yes,DSL,No,No,Yes,No,No,No,Month-to-month,Yes,Bank transfer (automatic),29.73,391.67,No
3017-IDDPX,Female,0,No,No,43,Yes,Yes,No,No internet service,No internet service,No internet service,No internet service,No internet service,No internet service,One year,Yes,Electronic check,22.67,1075.83,No
3018-QODFP,Male,0,Yes,No,48,Yes,Yes,DSL,No,No,No,Yes,No,Yes,Month-to-month,Yes,Bank transfer (automatic),46.26,2147.19,Yes
3019-DFEPY,Female,1,Yes,No,48,Yes,No,DSL,No,Yes,Yes,Yes,No,Yes,One year,Yes,Mailed check,55.23,2538.21,No
3020-PJIDN,Male,0,Yes,No,67,Yes,No,DSL,Yes,No,Yes,Yes,Yes,No,Month-to-month,Yes,Bank transfer (automatic),58.68,3988.5,No
3021-DLXJD,Male,0,Yes,Yes,36,Yes,No,No,No internet service,No internet service,No internet service,No internet service,No internet service,No internet service,One year,No,Credit card (automatic),27.09,969.17,Yes
3022-RMMNR,Female,0,Yes,No,41,Yes,Yes,Fiber optic,No,Yes,No,Yes,No,No,One year,No,Electronic check,60.2,2497.11,No
3023-AUPOV,Female,0,No,No,58,Yes,No,DSL,Yes,No,No,No,Yes,Yes,One year,No,Mailed check,69.72,4088.21,No
3024-YEFFC,Female,0,No,No,9,Yes,No,Fiber optic,No,Yes,No,No,No,No,Two year,Yes,Mailed check,67.84,545.7,Yes
3025-PLDAD,Female,0,No,Yes,52,Yes,No,DSL,No,No,Yes,No,Yes,No,Month-to-month,No,Bank transfer (automatic),49.02,2594.01,No
3026-AUHXE,Male,0,No,No,41,Yes,No,Fiber optic,No,No,No,Yes,No,No,Month-to-month,Yes,Electronic check,62.68,2465.29,Yes
3027-ZBLVQ,Female,0,No,No,7,Yes,No,Fiber optic,Yes,Yes,Yes,No,No,Yes,Month-to-month,Yes,Electronic check,77.49,559.45,Yes
3028-GKDEF,Male,0,No,Yes,23,Yes,No,DSL,No,No,Yes,Yes,Yes,Yes,Month-to-month,No,Mailed check,54.54,1294.87,No
3029-KAYJT,Female,0,Yes,No,50,Yes,No,No,No internet service,No internet service,No internet service,No internet service,No internet service,No internet service,Month-to-month,Yes,Mailed check,25.4,1277.55,No
3030-XUKXQ,Male,0,No,No,70,Yes,Yes,Fiber optic,Yes,No,No,No,No,No,Month-to-month,Yes,Electronic check,63.82,4402.69,No
3031-HMTRV,Female,0,Yes,Yes,59,Yes,No,Fiber optic,Yes,No,No,Yes,No,Yes,Two year,No,Mailed check,83.81,4944.65,No
3032-PBERC,Female,0,Yes,No,20,Yes,No,Fiber optic,No,No,No,No,Yes,Yes,Two year,No,Bank transfer (automatic),87.59,1833.16,Yes
3033-VQPFS,Male,0,No,No,52,Yes,Yes,Fiber optic,No,Yes,No,No,No,No,Month-to-month,No,Electronic check,58.74,3082.01,No
3034-GRNFH,Female,0,No,No,5,Yes,Yes,Fiber optic,Yes,No,Yes,Yes,Yes,No,Month-to-month,Yes,Mailed check,83.25,386.5,No
3035-OOOPA,Female,0,No,No,30,Yes,No,DSL,No,Yes,No,No,No,No,Two year,Yes,Bank transfer (automatic),44.25,1326.47,No
3036-KYEEU,Female,0,Yes,No,11,Yes,Yes,DSL,No,No,No,No,No,No,Month-to-month,Yes,Electronic check,42.33,513.86,No
3037-FBFNK,Female,1,Yes,No,12,Yes,Yes,Fiber optic,Yes,No,No,Yes,Yes,Yes,Month-to-month,Yes,Bank transfer (automatic),86.78,1119.89,Yes
3038-DXYIX,Male,1,No,Yes,48,Yes,Yes,Fiber optic,No,No,Yes,Yes,Yes,No,Two year,No,Mailed check,65.09,3036.16,No
3039-CZPKD,Male,0,Yes,No,30,Yes,Yes,No,No internet service,No internet service,No internet service,No internet service,No internet service,No internet service,Month-to-month,Yes,Mailed check,18.25,604.73,No
3040-AYUVP,Female,0,Yes,No,8,Yes,No,Fiber optic,No,No,No,Yes,Yes,No,Two year,No,Mailed check,76.02,658.48,No
3041-SPKZH,Male,0,Yes,No,26,Yes,No,No,No internet service,No internet service,No internet service,No internet service,No internet service,No internet service,Month-to-month,Yes,Electronic check,21.49,512.14,No
3042-WAZUZ,Female,1,No,No,52,No,No phone service,Fiber optic,No,No,No,Yes,Yes,No,Month-to-month,No,Bank transfer (automatic),63.6,3332.31,No
3043-ILVHZ,Male,1,Yes,No,50,Yes,Yes,Fiber optic,No,No,No,No,No,Yes,Two year,No,Mailed check,74.81,3727.87,No
3044-QJGSY,Male,0,No,Yes,71,Yes,Yes,DSL,No,No,Yes,No,No,No,Month-to-month,No,Credit card (automatic),34.01,2370.5,No
3045-FUXXS,Male,0,No,No,26,Yes,Yes,Fiber optic,Yes,Yes,Yes,No,No,No,Two year,No,Bank transfer (automatic),74.74,1936.54,No
3046-ROBNU,Female,1,No,No,39,Yes,Yes,Fiber optic,No,No,No,Yes,Yes,Yes,Two year,Yes,Bank transfer (automatic),87.69,3349.74,No
3047-JPGHJ,Male,0,No,No,61,Yes,No,Fiber optic,No,Yes,No,No,Yes,No,Month-to-month,No,Electronic check,69.85,4264.84,Yes
3048-OHMLH,Male,0,No,No,57,Yes,No,DSL,No,No,Yes,No,No,Yes,Two year,Yes,Mailed check,55.62,3147.41,No
3049-OZLKS,Female,0,No,Yes,14,Yes,No,DSL,No,No,No,No,Yes,Yes,Month-to-month,No,Bank transfer (automatic),64.83,894.18,Yes
3050-NRMDQ,Male,0,No,No,38,Yes,No,DSL,No,No,Yes,No,No,No,Month-to-month,Yes,Electronic check,48.91,1843.1,No
3051-SIWGA,Female,1,Yes,No,69,Yes,No,Fiber optic,Yes,No,No,No,No,No,Two year,Yes,Electronic check,59.01,4062.76,Yes
3052-GZGTG,Male,1,Yes,No,7,Yes,No,DSL,No,No,No,No,Yes,No,Month-to-month,No,Electronic check,43.43,267.19,Yes
3053-HPCMJ,Female,0,No,Yes,34,Yes,No,No,No internet service,No internet service,No internet service,No internet service,No internet service,No internet service,One year,Yes,Credit card (automatic),18.25,493.81,No
3054-RGUUE,Male,0,No,No,62,Yes,No,No,No internet service,No internet service,No internet service,No internet service,No internet service,No internet service,Month-to-month,Yes,Mailed check,18.25,1229.38,No
3055-WYXVG,Female,0,No,No,30,Yes,No,No,No internet service,No internet service,No internet service,No internet service,No internet service,No internet service,One year,Yes,Credit card (automatic),33.45,1089.86,No
3056-YVQDX,Male,0,No,No,41,Yes,No,Fiber optic,No,No,Yes,Yes,Yes,No,Two year,Yes,Credit card (automatic),70.29,2918.42,No
3057-WPSJC,Male,0,No,No,65,Yes,Yes,Fiber optic,No,No,No,Yes,No,No,One year,Yes,Electronic check,60.43,3908.39,No
3058-CQJQV,Female,0,Yes,No,40,Yes,No,No,No internet service,No internet service,No internet service,No internet service,No internet service,No internet service,Two year,No,Credit card (automatic),28.18,1166.48,No
3059-QUDUW,Male,0,Yes,Yes,0,Yes,Yes,Fiber optic,Yes,No,Yes,No,Yes,Yes,One year,Yes,Mailed check,82.14,18.8,No
3060-FLYVY,Male,0,No,No,32,Yes,No,DSL,No,Yes,No,No,No,No,Month-to-month,Yes,Credit card (automatic),47.36,1561.76,No
3061-TQQJG,Female,0,Yes,No,36,Yes,Yes,Fiber optic,No,Yes,No,Yes,Yes,Yes,Month-to-month,Yes,Mailed check,77.2,2752.93,No
3062-PMCBP,Female,1,Yes,No,56,No,No phone service,Fiber optic,No,No,Yes,No,No,No,One year,Yes,Credit card (automatic),58.43,3205.68,No
3063-FFMGE,Male,0,No,Yes,10,Yes,No,Fiber optic,No,Yes,No,No,No,Yes,Month-to-month,Yes,Bank transfer (automatic),83.69,894.94,No
3064-XGBQM,Female,0,Yes,No,46,Yes,Yes,DSL,No,No,Yes,No,No,Yes,Month-to-month,No,Mailed check,56.54,2626.19,No
3065-YUUPZ,Male,0,Yes,No,65,Yes,No,No,No internet service,No internet service,No internet service,No internet service,No internet service,No internet service,Month-to-month,No,Bank transfer (automatic),22.39,1431.1,No
3066-TBERG,Female,0,No,Yes,3,Yes,Yes,Fiber optic,No,No,No,No,Yes,No,One year,No,Electronic check,69.24,205.27,No
3067-KYYKV,Female,0,No,Yes,54,Yes,Yes,DSL,No,No,No,No,No,No,Month-to-month,Yes,Credit card (automatic),40.34,2131.9,No
3068-QPMVE,Female,0,Yes,No,11,No,No phone service,Fiber optic,No,No,Yes,No,No,No,Two year,Yes,Electronic check,62.27,711.01,No
3069-TPVVP,Female,1,No,No,65,Yes,Yes,No,No internet service,No internet service,No internet service,No internet service,No internet service,No internet service,Two year,No,Bank transfer (automatic),18.25,1210.01,No
3070-PNFBN,Male,0,No,No,36,Yes,No,DSL,No,No,Yes,No,No,Yes,One year,Yes,Credit card (automatic),58.37,2119.87,No
3071-PWTMO,Female,0,Yes,No,22,Yes,No,DSL,No,No,No,No,No,No,One year,No,Electronic check,32.21,601.27,No
3072-LIZRU,Male,0,Yes,No,54,Yes,Yes,Fiber optic,Yes,No,No,No,No,No,Month-to-month,No,Electronic check,59.15,3206.0,No
3073-NTYDH,Male,0,Yes,No,18,Yes,Yes,No,No internet service,No internet service,No internet service,No internet service,No internet service,No internet service,Month-to-month,Yes,Bank transfer (automatic),18.25,272.41,No
3074-HVVPX,Male,0,No,Yes,66,Yes,Yes,No,No internet service,No internet service,No internet service,No internet service,No internet service,No internet service,Month-to-month,Yes,Bank transfer (automatic),23.52,1597.06,No
3075-JYUQA,Male,0,No,Yes,22,No,No phone service,DSL,Yes,Yes,No,No,No,No,Month-to-month,Yes,Bank transfer (automatic),59.79,1312.11,Yes
3076-RJZUD,Male,0,No,No,3,Yes,Yes,Fiber optic,No,No,Yes,No,Yes,Yes,Two year,Yes,Electronic check,73.53,330.01,Yes
3077-ADDZD,Female,0,No,No,17,Yes,Yes,DSL,No,No,Yes,Yes,Yes,No,Month-to-month,Yes,Bank transfer (automatic),47.04,771.78,No
3078-QISMD,Female,0,Yes,No,11,No,No phone service,Fiber optic,No,No,No,No,Yes,No,Month-to-month,Yes,Credit card (automatic),67.25,669.54,Yes
3079-EMWPV,Male,1,Yes,No,34,Yes,No,Fiber optic,No,Yes,No,Yes,Yes,Yes,Month-to-month,No,Mailed check,81.13,2715.96,No
3080-EHPAW,Male,0,Yes,No,26,Yes,Yes,Fiber optic,No,No,No,No,Yes,No,Month-to-month,Yes,Mailed check,69.24,1800.76,Yes
3081-FKPEP,Female,0,Yes,Yes,42,Yes,No,DSL,No,No,No,Yes,No,Yes,One year,No,Bank transfer (automatic),49.17,2010.79,No
3082-GSAIR,Male,0,No,No,66,Yes,No,DSL,No,No,Yes,Yes,No,No,Month-to-month,No,Credit card (automatic),44.4,2811.1,No
3083-MZOCX,Female,0,No,No,68,Yes,No,DSL,No,No,Yes,No,No,No,Month-to-month,No,Bank transfer (automatic),39.9,2745.2,No
3084-JIMPC,Male,0,Yes,No,63,Yes,No,No,No internet service,No internet service,No internet service,No internet service,No internet service,No internet service,One year,Yes,Credit card (automatic),18.25,1253.57,No
3085-VWOQN,Female,0,Yes,No,51,No,No phone service,DSL,Yes,No,No,No,Yes,Yes,One year,No,Bank transfer (automatic),71.57,3719.42,No
3086-GTPUH,Female,0,Yes,No,16,Yes,No,DSL,No,Yes,No,No,No,Yes,Month-to-month,Yes,Electronic check,62.08,975.41,Yes
3087-DTXOE,Male,0,No,No,32,Yes,Yes,No,No internet service,No internet service,No internet service,No internet service,No internet service,No internet service,Month-to-month,Yes,Credit card (automatic),18.25,555.33,No
3088-MFEQG,Female,0,No,No,71,Yes,No,DSL,No,Yes,Yes,No,No,No,Two year,Yes,Mailed check,49.46,3509.03,No
3089-FBKGV,Male,0,No,No,51,Yes,Yes,DSL,No,No,No,Yes,No,No,Month-to-month,Yes,Credit card (automatic),45.85,2395.42,No
3090-UHERV,Female,0,Yes,No,34,No,No phone service,Fiber optic,No,Yes,No,No,No,No,Two year,Yes,Electronic check,64.73,2171.98,No
3091-PNLQE,Female,0,Yes,No,19,Yes,No,DSL,Yes,Yes,No,Yes,No,Yes,One year,Yes,Bank transfer (automatic),57.76,1087.14,No
3092-NFOGN,Male,0,Yes,Yes,44,Yes,No,Fiber optic,No,No,No,No,No,No,Two year,No,Electronic check,67.61,3086.95,Yes
3093-RAFCE,Female,0,No,No,67,Yes,No,DSL,No,No,No,Yes,No,Yes,Two year,Yes,Electronic check,49.7,3336.8,No
3094-LKMPR,Female,0,No,No,49,No,No phone service,DSL,Yes,Yes,No,Yes,No,No,Month-to-month,Yes,Electronic check,55.91,2810.63,No
3095-QQKTJ,Male,0,No,Yes,57,Yes,No,No,No internet service,No internet service,No internet service,No internet service,No internet service,No internet service,Month-to-month,No,Bank transfer (automatic),32.29,1856.82,Yes
3096-PBQVT,Female,0,No,No,29,Yes,No,Fiber optic,No,No,No,No,Yes,No,Month-to-month,No,Mailed check,74.36,2154.06,No
3097-JMLOG,Male,0,No,No,69,Yes,Yes,Fiber optic,Yes,No,No,Yes,No,No,Month-to-month,Yes,Mailed check,57.82,3988.41,Yes
3098-VUZML,Male,0,Yes,No,1,Yes,No,No,No internet service,No internet service,No internet service,No internet service,No internet service,No internet service,Month-to-month,Yes,Electronic check,18.25,18.8,Yes
3099-LBEYY,Female,0,Yes,No,33,Yes,No,No,No internet service,No internet service,No internet service,No internet service,No internet service,No internet service,One year,No,Credit card (automatic),18.25,623.82,Yes
3100-BWZTM,Male,0,No,Yes,51,Yes,No,Fiber optic,Yes,Yes,No,No,No,No,One year,Yes,Credit card (automatic),72.34,3714.67,No
3101-CKPAS,Female,0,Yes,No,15,Yes,Yes,No,No internet service,No internet service,No internet service,No internet service,No internet service,No internet service,One year,Yes,Credit card (automatic),18.25,219.84,No
3102-KINIG,Female,0,Yes,Yes,42,Yes,No,Fiber optic,No,No,Yes,Yes,Yes,No,Month-to-month,Yes,Mailed check,70.04,2999.48,Yes
3103-PCSDG,Male,0,No,No,63,No,No phone service,Fiber optic,No,No,No,No,No,Yes,Month-to-month,Yes,Electronic check,66.4,4188.72,No
3104-WLREW,Female,0,No,No,26,Yes,No,Fiber optic,No,No,No,Yes,No,Yes,Month-to-month,No,Electronic check,58.81,1515.84,Yes
3105-WVZJL,Female,0,No,No,64,Yes,No,Fiber optic,Yes,No,Yes,No,No,Yes,Month-to-month,No,Credit card (automatic),74.75,4859.89,No
3106-HSOAC,Female,1,Yes,No,12,Yes,Yes,Fiber optic,Yes,Yes,No,No,No,No,Month-to-month,Yes,Bank transfer (automatic),62.78,680.09,No
3107-RRBEA,Male,0,Yes,No,39,Yes,Yes,Fiber optic,Yes,Yes,No,No,No,No,One year,No,Electronic check,65.61,2581.25,No
3108-JTJER,Male,0,No,No,31,Yes,Yes,DSL,Yes,No,No,No,No,Yes,Two year,Yes,Mailed check,58.89,1858.19,No
3109-UZOTH,Female,0,No,Yes,66,Yes,No,Fiber optic,No,No,No,No,No,No,Month-to-month,No,Bank transfer (automatic),58.95,3904.54,Yes
3110-QLULZ,Male,1,No,Yes,13,Yes,Yes,DSL,No,Yes,Yes,No,No,Yes,Month-to-month,No,Credit card (automatic),60.66,761.27,Yes
3111-AZZDH,Female,0,No,Yes,57,No,No phone service,No,No internet service,No internet service,No internet service,No internet service,No internet service,No internet service,One year,Yes,Bank transfer (automatic),24.17,1487.24,No
3112-AORAK,Female,0,No,No,45,Yes,Yes,DSL,Yes,Yes,No,Yes,No,No,Month-to-month,No,Mailed check,55.68,2541.78,No
3113-WBALP,Male,0,Yes,No,58,Yes,No,DSL,No,Yes,No,No,No,Yes,Month-to-month,No,Bank transfer (automatic),61.29,3508.57,No
3114-VVJRO,Male,1,Yes,No,64,Yes,No,Fiber optic,No,No,Yes,No,No,No,Two year,Yes,Electronic check,58.13,3688.59,Yes
3115-QJCZU,Male,1,Yes,No,32,Yes,No,DSL,No,No,Yes,No,No,No,Month-to-month,Yes,Electronic check,38.72,1148.06,Yes
3116-PFCIK,Female,0,No,No,45,Yes,Yes,No,No internet service,No internet service,No internet service,No internet service,No internet service,No internet service,One year,No,Mailed check,18.25,813.27,No
3117-UMRZV,Male,0,Yes,No,53,Yes,Yes,No,No internet service,No internet service,No internet service,No internet service,No internet service,No internet service,Month-to-month,Yes,Electronic check,21.8,1258.73,No
3118-XVDVX,Female,0,No,No,65,No,No phone service,DSL,No,No,No,Yes,No,No,Month-to-month,No,Credit card (automatic),40.42,2556.46,No
3119-HMJBH,Female,0,No,Yes,3,Yes,No,DSL,Yes,Yes,Yes,No,No,Yes,Two year,Yes,Mailed check,54.53,179.09,No
3120-FPRQF,Female,0,Yes,No,53,Yes,No,DSL,No,Yes,Yes,No,No,No,One year,Yes,Electronic check,45.56,2397.21,No
3121-MWNZU,Male,1,No,Yes,3,Yes,Yes,Fiber optic,No,No,Yes,No,No,No,Month-to-month,Yes,Credit card (automatic),64.64,209.94,Yes
3122-JXKML,Male,0,No,No,16,Yes,No,No,No internet service,No internet service,No internet service,No internet service,No internet service,No internet service,Two year,Yes,Bank transfer (automatic),18.25,310.54,No
3123-IDGXV,Male,0,No,No,72,Yes,Yes,Fiber optic,No,No,No,No,No,No,Month-to-month,No,Electronic check,60.6,4372.1,Yes
3124-BGIEO,Female,0,No,No,70,Yes,No,DSL,Yes,Yes,Yes,No,No,Yes,Month-to-month,Yes,Mailed check,61.74,4250.28,No
3125-RDSTZ,Female,0,Yes,No,72,Yes,Yes,DSL,No,Yes,No,No,Yes,No,Two year,No,Mailed check,57.76,4116.85,No
3126-GZHQM,Male,0,Yes,No,54,Yes,Yes,DSL,Yes,No,Yes,No,Yes,No,Two year,Yes,Mailed check,57.83,3102.43,No
3127-XUWKA,Male,0,Yes,No,47,Yes,No,No,No internet service,No internet service,No internet service,No internet service,No internet service,No internet service,Month-to-month,No,Electronic check,18.25,863.52,Yes
3128-BQEFZ,Male,0,No,No,48,Yes,No,DSL,Yes,No,Yes,Yes,No,No,One year,Yes,Bank transfer (automatic),33.83,1691.61,No
3129-YXGUO,Male,0,No,Yes,22,No,No phone service,DSL,No,Yes,Yes,Yes,No,No,Month-to-month,Yes,Mailed check,41.85,1029.01,Yes
3130-SPYME,Male,0,No,No,26,Yes,Yes,No,No internet service,No internet service,No internet service,No internet service,No internet service,No internet service,Month-to-month,No,Electronic check,18.25,468.6,Yes
3131-CCSNP,Male,0,Yes,No,24,Yes,No,Fiber optic,Yes,Yes,Yes,No,Yes,No,One year,Yes,Electronic check,86.77,2060.71,No
3132-VQDMH,Male,1,No,No,23,Yes,No,Fiber optic,No,No,No,Yes,No,No,Month-to-month,Yes,Electronic check,54.25,1255.23,Yes
3133-SEBOB,Male,0,No,Yes,19,Yes,No,Fiber optic,No,No,Yes,Yes,No,Yes,Two year,No,Bank transfer (automatic),77.38,1484.15,No
3134-KMWJC,Male,0,No,Yes,52,Yes,Yes,Fiber optic,No,No,Yes,No,No,Yes,Month-to-month,No,Bank transfer (automatic),72.75,3875.73,No
3135-ECFMJ,Female,0,Yes,No,25,Yes,No,Fiber optic,Yes,No,No,No,No,Yes,Month-to-month,Yes,Electronic check,78.98,1902.29,No
3136-SHRCX,Male,0,No,Yes,59,Yes,Yes,Fiber optic,No,No,Yes,No,Yes,No,Month-to-month,Yes,Credit card (automatic),66.45,3955.95,No
3137-XQHJB,Male,0,Yes,No,1,Yes,No,DSL,Yes,No,No,No,No,No,Two year,Yes,Mailed check,39.81,97.49,No
3138-LWFBU,Female,0,Yes,No,2,Yes,Yes,No,No internet service,No internet service,No internet service,No internet service,No internet service,No internet service,One year,Yes,Bank transfer (automatic),28.32,18.8,No
3139-WXCQG,Female,1,Yes,No,55,Yes,No,DSL,Yes,Yes,No,No,No,No,Two year,Yes,Bank transfer (automatic),45.17,2549.42,No
3140-UEWAH,Female,0,Yes,Yes,65,Yes,No,Fiber optic,No,Yes,No,Yes,No,No,Two year,Yes,Electronic check,60.28,3867.93,No
3141-LNPJO,Female,0,No,No,24,Yes,No,Fiber optic,No,No,No,Yes,No,No,Month-to-month,Yes,Mailed check,53.26,1204.03,Yes
3142-UXZOJ,Female,0,Yes,No,67,No,No phone service,Fiber optic,Yes,No,No,Yes,No,No,Month-to-month,No,Bank transfer (automatic),58.09,3880.47,No
3143-UGZCB,Female,0,No,No,14,Yes,No,Fiber optic,No,No,No,No,No,No,Month-to-month,Yes,Electronic check,60.68,887.8,No
3144-FUIJD,Female,0,Yes,No,6,Yes,No,Fiber optic,No,No,No,No,No,Yes,Month-to-month,Yes,Electronic check,76.72,365.02,Yes
3145-CIXVQ,Male,0,Yes,No,70,Yes,No,No,No internet service,No internet service,No internet service,No internet service,No internet service,No internet service,Month-to-month,Yes,Credit card (automatic),20.83,1371.26,No
3146-NJMLA,Male,0,Yes,No,40,Yes,No,Fiber optic,Yes,No,No,No,No,Yes,Two year,Yes,Bank transfer (automatic),77.64,3159.28,No
3147-VSSFM,Male,0,Yes,No,59,Yes,No,Fiber optic,Yes,No,No,No,No,No,Two year,Yes,Electronic check,69.27,4079.24,No
3148-SMZVU,Female,0,Yes,Yes,43,Yes,Yes,Fiber optic,No,No,No,No,No,Yes,Month-to-month,Yes,Mailed check,57.94,2510.23,No
3149-DXBOL,Male,0,No,Yes,32,Yes,No,Fiber optic,No,No,No,No,Yes,Yes,Month-to-month,Yes,Electronic check,81.05,2622.87,Yes
3150-GTRWM,Female,0,No,No,65,Yes,No,No,No internet service,No internet service,No internet service,No internet service,No internet service,No internet service,Two year,Yes,Electronic check,22.14,1365.64,No
3151-QDYNT,Male,0,Yes,Yes,22,Yes,Yes,Fiber optic,Yes,No,No,No,Yes,Yes,One year,Yes,Electronic check,78.39,1695.46,No
3152-MCZZR,Female,0,Yes,No,63,Yes,No,Fiber optic,No,No,No,Yes,No,No,Month-to-month,No,Credit card (automatic),63.44,3994.71,No
3153-NOCAZ,Male,0,Yes,No,5,Yes,Yes,No,No internet service,No internet service,No internet service,No internet service,No internet service,No internet service,Month-to-month,No,Credit card (automatic),18.25,46.57,Yes
3154-XQCNC,Male,0,No,No,62,Yes,No,Fiber optic,Yes,No,Yes,Yes,No,Yes,Month-to-month,Yes,Electronic check,74.16,4578.16,No
3155-MORNU,Male,1,No,No,42,Yes,Yes,Fiber optic,No,Yes,Yes,No,No,No,Month-to-month,Yes,Electronic check,74.41,3171.72,Yes
3156-ZCSHD,Male,0,No,No,24,Yes,No,Fiber optic,Yes,No,Yes,Yes,Yes,Yes,Two year,Yes,Bank transfer (automatic),90.11,2059.75,No
3157-DSKAH,Male,0,Yes,Yes,7,Yes,No,DSL,No,No,No,No,No,Yes,Month-to-month,Yes,Bank transfer (automatic),53.04,379.38,No
3158-OAGUT,Male,0,Yes,No,36,Yes,Yes,Fiber optic,Yes,Yes,No,Yes,No,Yes,Month-to-month,No,Electronic check,82.14,2904.73,No
3159-TXKNV,Male,0,Yes,Yes,58,Yes,No,DSL,Yes,Yes,Yes,No,Yes,Yes,Month-to-month,Yes,Electronic check,65.62,3791.84,No
3160-PNLQN,Female,0,No,No,27,Yes,No,No,No internet service,No internet service,No internet service,No internet service,No internet service,No internet service,Month-to-month,No,Electronic check,18.25,480.05,No
3161-JXNRV,Female,0,Yes,Yes,52,Yes,No,Fiber optic,No,Yes,Yes,Yes,No,Yes,One year,No,Mailed check,75.57,3935.1,No
3162-IQFHZ,Male,0,No,No,70,Yes,Yes,Fiber optic,Yes,No,Yes,No,No,No,Month-to-month,Yes,Credit card (automatic),59.92,4190.72,Yes
3163-MREFU,Male,0,No,Yes,54,Yes,Yes,DSL,No,Yes,No,No,No,No,Month-to-month,Yes,Mailed check,40.89,2223.12,No
3164-SDGDY,Male,0,No,No,35,Yes,No,Fiber optic,No,No,Yes,No,Yes,Yes,Month-to-month,Yes,Electronic check,76.84,2720.23,Yes
3165-KLNMJ,Male,0,Yes,No,61,Yes,No,No,No internet service,No internet service,No internet service,No internet service,No internet service,No internet service,Month-to-month,No,Electronic check,30.55,1785.06,No
3166-RPEHN,Female,0,No,Yes,14,Yes,Yes,DSL,No,No,No,Yes,No,No,Month-to-month,No,Bank transfer (automatic),45.89,625.02,Yes
3167-EZXHY,Female,0,Yes,No,53,Yes,Yes,Fiber optic,Yes,Yes,No,Yes,No,Yes,One year,Yes,Mailed check,80.38,4220.73,No
3168-ZFPDL,Male,0,No,No,60,Yes,No,DSL,No,No,Yes,No,No,No,Two year,No,Mailed check,34.29,1970.72,No
3169-KCLEF,Male,0,Yes,No,53,No,No phone service,No,No internet service,No internet service,No internet service,No internet service,No internet service,No internet service,One year,Yes,Mailed check,20.39,1031.41,No
3170-SRPWK,Male,0,Yes,No,68,Yes,Yes,Fiber optic,No,No,No,No,Yes,No,Month-to-month,Yes,Mailed check,69.45,4773.65,Yes
3171-EICHF,Male,0,Yes,No,28,Yes,Yes,Fiber optic,Yes,No,Yes,No,No,No,One year,Yes,Electronic check,73.64,2049.2,No
3172-DLLYU,Female,0,No,Yes,26,Yes,No,Fiber optic,Yes,No,Yes,No,Yes,No,Month-to-month,No,Credit card (automatic),82.75,2177.18,Yes
3173-PJVNM,Female,0,Yes,Yes,67,Yes,Yes,DSL,Yes,No,No,No,No,No,Month-to-month,Yes,Electronic check,40.4,2728.4,No
3174-IGLER,Female,0,Yes,No,11,Yes,Yes,DSL,No,No,Yes,No,Yes,No,Two year,Yes,Bank transfer (automatic),53.51,543.38,No
3175-DBCZL,Female,1,Yes,No,22,Yes,Yes,Fiber optic,No,Yes,No,No,No,Yes,Two year,Yes,Electronic check,72.11,1613.34,No
3176-CDFLS,Male,0,Yes,No,49,Yes,No,No,No internet service,No internet service,No internet service,No internet service,No internet service,No internet service,Two year,No,Electronic check,18.25,839.08,No
3177-JAQPI,Female,0,No,No,72,Yes,No,DSL,No,Yes,No,Yes,No,No,Month-to-month,Yes,Electronic check,51.16,3719.77,No
3178-YUIWI,Male,0,Yes,No,26,No,No phone service,Fiber optic,No,No,Yes,Yes,Yes,Yes,One year,Yes,Electronic check,81.51,2089.51,Yes
3179-LWIOB,Female,0,No,No,58,Yes,No,DSL,No,No,No,No,Yes,Yes,Month-to-month,No,Mailed check,73.65,4205.01,Yes
3180-KKHWF,Female,0,No,Yes,8,Yes,No,Fiber optic,Yes,Yes,Yes,No,No,No,Two year,Yes,Bank transfer (automatic),68.67,556.38,Yes
3181-UTGCH,Male,0,No,Yes,32,Yes,No,Fiber optic,Yes,No,Yes,No,No,No,Month-to-month,No,Bank transfer (automatic),60.33,1895.25,No
3182-RQKBY,Female,0,Yes,No,69,Yes,No,Fiber optic,Yes,No,No,No,No,Yes,One year,Yes,Mailed check,71.35,4954.61,No
3183-UXSGR,Male,0,Yes,Yes,50,No,No phone service,Fiber optic,Yes,No,No,No,No,No,Month-to-month,No,Electronic check,65.29,3300.06,Yes
3184-HNGUD,Male,0,No,No,39,Yes,Yes,No,No internet service,No internet service,No internet service,No internet service,No internet service,No internet service,Month-to-month,No,Credit card (automatic),18.25,562.42,No
3185-QELIZ,Male,0,No,No,5,Yes,Yes,DSL,Yes,Yes,No,Yes,Yes,No,Month-to-month,No,Credit card (automatic),57.91,461.74,Yes
3186-TMYRT,Male,0,Yes,No,3,Yes,No,No,No internet service,No internet service,No internet service,No internet service,No internet service,No internet service,Month-to-month,Yes,Electronic check,18.25,18.8,No
3187-IDUHA,Male,0,No,Yes,2,Yes,No,Fiber optic,No,Yes,No,No,Yes,No,Two year,No,Credit card (automatic),71.46,178.76,No
3188-QYITM,Female,0,No,No,12,Yes,Yes,DSL,No,No,Yes,Yes,No,No,Two year,No,Electronic check,36.54,415.85,No
3189-BMITF,Female,0,Yes,No,25,Yes,No,DSL,No,No,No,No,No,No,Month-to-month,Yes,Electronic check,42.39,1076.27,No
3190-AYECD,Male,0,No,No,33,Yes,No,No,No internet service,No internet service,No internet service,No internet service,No internet service,No internet service,Month-to-month,Yes,Bank transfer (automatic),18.43,576.97,No
3191-ANIXD,Male,1,No,No,52,Yes,No,Fiber optic,Yes,No,No,No,Yes,No,Month-to-month,Yes,Bank transfer (automatic),73.78,3910.24,Yes
3192-RNYDY,Male,0,Yes,Yes,46,Yes,Yes,Fiber optic,No,No,Yes,No,Yes,Yes,Month-to-month,Yes,Electronic check,77.13,3476.27,Yes
3193-JCWGJ,Male,0,Yes,No,7,Yes,Yes,DSL,No,Yes,Yes,Yes,No,No,One year,Yes,Mailed check,37.35,313.14,No
3194-MDRKY,Female,1,Yes,No,7,No,No phone service,Fiber optic,No,No,No,Yes,No,Yes,Month-to-month,No,Electronic check,66.33,368.64,No
3195-DXNRH,Male,0,Yes,No,18,Yes,No,No,No internet service,No internet service,No internet service,No internet service,No internet service,No internet service,Month-to-month,No,Bank transfer (automatic),27.51,500.02,Yes
3196-JEWGL,Female,1,No,Yes,31,Yes,Yes,No,No internet service,No internet service,No internet service,No internet service,No internet service,No internet service,Month-to-month,No,Credit card (automatic),18.25,496.41,No
3197-YCZDJ,Female,0,No,No,20,Yes,No,Fiber optic,No,No,No,No,No,No,Two year,Yes,Electronic check,58.16,1198.86,No
3198-DOJUV,Male,0,No,No,63,Yes,No,Fiber optic,No,No,No,No,No,No,Two year,Yes,Electronic check,55.27,3499.12,No
3199-POSTS,Female,0,No,No,22,Yes,No,Fiber optic,No,No,No,Yes,Yes,Yes,Month-to-month,Yes,Bank transfer (automatic),82.1,1832.45,No
3200-RZLYP,Male,0,Yes,Yes,70,Yes,No,Fiber optic,Yes,Yes,No,Yes,Yes,No,One year,Yes,Credit card (automatic),76.7,5355.52,No
3201-APBXO,Male,1,Yes,No,41,Yes,Yes,Fiber optic,No,No,Yes,Yes,No,Yes,Two year,Yes,Electronic check,70.84,2891.2,No
3202-GAEJV,Female,0,No,Yes,34,Yes,No,No,No internet service,No internet service,No internet service,No internet service,No internet service,No internet service,Month-to-month,No,Credit card (automatic),25.51,860.57,No
3203-UDNMA,Male,0,No,No,1,Yes,No,Fiber optic,No,Yes,No,Yes,Yes,Yes,Month-to-month,Yes,Mailed check,84.57,25.87,Yes
3204-PWIVP,Male,0,No,No,70,Yes,No,Fiber optic,No,No,Yes,No,No,No,Month-to-month,No,Credit card (automatic),56.59,4090.1,No
3205-SOZNT,Female,0,No,No,51,Yes,No,DSL,No,Yes,No,No,Yes,No,Month-to-month,Yes,Electronic check,61.69,3106.36,Yes
3206-JULAU,Female,0,Yes,Yes,16,Yes,No,No,No internet service,No internet service,No internet service,No internet service,No internet service,No internet service,Month-to-month,No,Credit card (automatic),18.25,271.99,Yes
3207-QIWSY,Female,0,No,No,8,Yes,No,Fiber optic,Yes,No,No,No,No,Yes,Month-to-month,No,Electronic check,77.9,639.24,Yes
3208-RGIVZ,Male,0,No,No,51,Yes,No,No,No internet service,No internet service,No internet service,No internet service,No internet service,No internet service,Two year,Yes,Credit card (automatic),18.25,908.35,No
3209-ULGNO,Female,0,Yes,No,2,Yes,No,Fiber optic,Yes,Yes,Yes,Yes,Yes,No,Two year,Yes,Electronic check,83.27,180.82,No
3210-OFUNB,Female,0,Yes,No,21,Yes,No,DSL,Yes,Yes,No,No,No,No,Two year,Yes,Electronic check,53.57,1032.4,No
3211-HMWFE,Female,0,No,No,53,Yes,No,Fiber optic,No,No,Yes,No,No,Yes,Two year,Yes,Electronic check,78.25,4145.43,No
3212-EYAIF,Female,0,Yes,No,35,Yes,No,No,No internet service,No internet service,No internet service,No internet service,No internet service,No internet service,One year,Yes,Credit card (automatic),18.25,591.76,No
3213-TZGIE,Male,1,Yes,No,38,Yes,Yes,DSL,Yes,No,Yes,Yes,No,No,One year,Yes,Electronic check,50.39,1934.92,No
3214-NEHGM,Female,0,No,No,17,Yes,No,No,No internet service,No internet service,No internet service,No internet service,No internet service,No internet service,Two year,Yes,Bank transfer (automatic),23.54,476.61,No
3215-MHKZR,Female,0,No,Yes,26,Yes,Yes,Fiber optic,Yes,No,Yes,Yes,No,No,Month-to-month,Yes,Credit card (automatic),64.05,1759.9,Yes
3216-YSFVB,Male,0,No,Yes,66,Yes,No,DSL,Yes,Yes,No,Yes,Yes,No,Two year,No,Electronic check,55.06,3611.34,No
3217-MWYZK,Female,1,No,No,12,Yes,No,Fiber optic,No,No,No,No,No,Yes,Two year,Yes,Mailed check,61.98,618.37,Yes
3218-AXBQH,Female,0,No,Yes,16,Yes,Yes,DSL,No,No,No,No,No,Yes,One year,No,Electronic check,48.88,798.47,No
3219-BFVEP,Male,0,No,No,60,Yes,Yes,DSL,No,No,Yes,No,No,No,Two year,Yes,Electronic check,37.36,2222.97,No
3220-HSPMZ,Male,1,Yes,No,17,No,No phone service,No,No internet service,No internet service,No internet service,No internet service,No internet service,No internet service,Month-to-month,No,Electronic check,20.44,300.6,Yes
3221-TGPWP,Male,0,No,Yes,16,Yes,Yes,Fiber optic,No,No,No,No,Yes,No,Month-to-month,No,Credit card (automatic),66.53,1077.39,No
3222-LNXRR,Male,0,Yes,Yes,55,Yes,Yes,DSL,No,No,Yes,No,No,No,One year,Yes,Credit card (automatic),43.37,2395.85,No
3223-PTPMZ,Male,0,Yes,Yes,47,Yes,No,DSL,No,No,Yes,No,No,Yes,Month-to-month,Yes,Mailed check,48.77,2327.94,No
3224-IZIMD,Female,0,No,Yes,15,Yes,No,DSL,Yes,No,No,No,Yes,No,Month-to-month,No,Bank transfer (automatic),55.7,810.16,No
3225-IONSL,Female,0,Yes,No,24,Yes,No,No,No internet service,No internet service,No internet service,No internet service,No internet service,No internet service,Two year,No,Electronic check,18.25,407.9,No
3226-UZYFC,Female,0,No,No,64,Yes,Yes,Fiber optic,No,No,Yes,No,No,Yes,Two year,No,Mailed check,69.92,4443.41,No
3227-ZYVTP,Female,0,Yes,No,26,Yes,No,DSL,No,No,No,No,Yes,Yes,Month-to-month,Yes,Electronic check,64.54,1644.15,Yes
3228-TXWQP,Male,0,No,Yes,13,Yes,Yes,Fiber optic,No,No,No,No,Yes,No,Month-to-month,No,Mailed check,68.71,927.03,No
3229-FHSYZ,Male,1,Yes,No,49,No,No phone service,No,No internet service,No internet service,No internet service,No internet service,No internet service,No internet service,Month-to-month,Yes,Mailed check,18.25,854.37,No
3230-BNVLQ,Male,0,Yes,Yes,28,Yes,No,No,No internet service,No internet service,No internet service,No internet service,No internet service,No internet service,Two year,Yes,Bank transfer (automatic),18.25,439.38,No
3231-ORPMU,Female,0,Yes,No,27,Yes,Yes,Fiber optic,No,No,Yes,No,No,No,Two year,Yes,Mailed check,64.87,1776.04,No
3232-QHAYZ,Male,1,Yes,Yes,20,No,No phone service,No,No internet service,No internet service,No internet service,No internet service,No internet service,No internet service,Month-to-month,No,Electronic check,18.25,387.35,No
3233-CPBOA,Male,0,No,No,23,Yes,Yes,Fiber optic,No,No,No,No,Yes,No,Month-to-month,Yes,Mailed check,56.43,1393.52,No
3234-IPDLA,Female,0,No,Yes,45,Yes,No,DSL,No,No,No,No,No,No,One year,Yes,Electronic check,39.65,1908.34,No
3235-AGRWW,Male,0,No,No,59,Yes,Yes,No,No internet service,No internet service,No internet service,No internet service,No internet service,No internet service,One year,Yes,Credit card (automatic),18.25,1152.71,No
3236-OZYMP,Male,0,Yes,Yes,19,Yes,Yes,No,No internet service,No internet service,No internet service,No internet service,No internet service,No internet service,Month-to-month,Yes,Electronic check,18.25,380.32,No
3237-GPMNQ,Female,0,Yes,Yes,51,Yes,No,Fiber optic,Yes,No,No,No,Yes,No,Month-to-month,No,Bank transfer (automatic),74.47,3796.96,Yes
3238-LXXTM,Female,0,Yes,No,21,Yes,Yes,Fiber optic,Yes,Yes,No,Yes,No,No,Two year,No,Credit card (automatic),77.66,1592.82,No
3239-XTOXU,Male,0,Yes,No,67,Yes,Yes,DSL,Yes,No,No,No,No,No,Month-to-month,No,Electronic check,42.05,2928.6,No
3240-DVBRB,Female,0,No,No,15,Yes,Yes,No,No internet service,No internet service,No internet service,No internet service,No internet service,No internet service,Month-to-month,No,Mailed check,18.25,293.28,No
3241-YOZSO,Male,0,Yes,No,20,Yes,No,Fiber optic,No,No,Yes,No,Yes,No,Two year,No,Electronic check,58.12,1234.99,Yes
3242-ZTJXT,Female,0,No,No,43,Yes,No,Fiber optic,No,No,Yes,Yes,No,No,One year,Yes,Electronic check,60.94,2617.86,No
3243-KZJWE,Female,0,Yes,No,61,Yes,No,DSL,No,Yes,Yes,No,No,No,One year,Yes,Electronic check,46.06,2835.24,No
3244-ITSMR,Female,0,No,No,20,Yes,Yes,DSL,No,Yes,Yes,Yes,No,Yes,One year,Yes,Electronic check,54.22,1094.0,No
3245-QFJBX,Female,0,No,No,10,Yes,No,No,No internet service,No internet service,No internet service,No internet service,No internet service,No internet service,Month-to-month,No,Credit card (automatic),24.72,213.67,No
3246-FUMRG,Male,1,Yes,Yes,59,Yes,No,Fiber optic,Yes,No,No,No,Yes,Yes,Two year,Yes,Electronic check,89.12,5285.43,No
3247-BNERK,Male,1,No,No,36,No,No phone service,No,No internet service,No internet service,No internet service,No internet service,No internet service,No internet service,Month-to-month,No,Credit card (automatic),18.25,769.83,No
3248-JKBOG,Male,0,No,No,43,Yes,No,No,No internet service,No internet service,No internet service,No internet service,No internet service,No internet service,Month-to-month,No,Electronic check,25.51,1070.62,Yes
3249-IEGTB,Female,1,No,No,21,Yes,No,No,No internet service,No internet service,No internet service,No internet service,No internet service,No internet service,Month-to-month,Yes,Credit card (automatic),20.4,417.84,No
3250-CBUVW,Male,1,No,No,65,Yes,No,No,No internet service,No internet service,No internet service,No internet service,No internet service,No internet service,Month-to-month,No,Electronic check,18.25,1094.51,No
3251-SDXTG,Female,0,No,No,42,Yes,No,Fiber optic,Yes,No,No,Yes,No,No,Month-to-month,Yes,Bank transfer (automatic),58.94,2506.28,Yes
3252-VGQSV,Male,0,No,No,20,Yes,No,No,No internet service,No internet service,No internet service,No internet service,No internet service,No internet service,Month-to-month,No,Bank transfer (automatic),18.25,394.83,Yes
3253-PCONO,Female,1,Yes,Yes,32,Yes,No,Fiber optic,No,Yes,Yes,No,No,No,Month-to-month,No,Bank transfer (automatic),59.43,1930.04,No
3254-NGYCQ,Female,0,Yes,Yes,16,Yes,No,Fiber optic,Yes,No,No,Yes,No,No,Two year,Yes,Electronic check,71.83,1135.72,No
3255-JOFQQ,Female,0,Yes,Yes,35,Yes,No,No,No internet service,No internet service,No internet service,No internet service,No internet service,No internet service,Month-to-month,Yes,Bank transfer (automatic),18.25,618.95,No
3256-NXYRY,Male,0,Yes,No,13,Yes,Yes,No,No internet service,No internet service,No internet service,No internet service,No internet service,No internet service,Two year,Yes,Mailed check,20.25,272.78,No
3257-EHGWD,Male,0,No,Yes,36,Yes,Yes,Fiber optic,Yes,Yes,Yes,Yes,Yes,Yes,One year,Yes,Credit card (automatic),79.3,2880.84,No
3258-REPNS,Male,0,Yes,No,30,Yes,No,Fiber optic,No,Yes,No,Yes,No,Yes,Two year,No,Electronic check,68.9,2066.37,No
3259-NIFQS,Male,0,No,Yes,3,Yes,No,Fiber optic,No,No,No,No,Yes,Yes,Two year,No,Credit card (automatic),76.22,205.01,No
3260-LDPYK,Female,0,Yes,Yes,5,Yes,Yes,Fiber optic,Yes,No,Yes,No,No,No,Month-to-month,Yes,Bank transfer (automatic),74.81,294.72,Yes
3261-VDQHN,Female,0,Yes,Yes,49,Yes,No,Fiber optic,No,No,Yes,Yes,No,Yes,Two year,Yes,Electronic check,68.46,3403.11,Yes
3262-BKKXV,Female,1,No,Yes,37,Yes,No,No,No internet service,No internet service,No internet service,No internet service,No internet service,No internet service,Month-to-month,Yes,Mailed check,18.32,684.58,No
3263-XFUUN,Female,0,Yes,No,4,Yes,Yes,No,No internet service,No internet service,No internet service,No internet service,No internet service,No internet service,Month-to-month,Yes,Bank transfer (automatic),18.25,18.8,No
3264-JZHGH,Male,0,No,No,37,Yes,No,DSL,No,No,No,Yes,Yes,No,Month-to-month,No,Electronic check,46.77,1761.68,Yes
3265-HWBPI,Male,0,No,No,23,Yes,No,Fiber optic,Yes,No,Yes,Yes,No,No,Month-to-month,Yes,Mailed check,61.79,1454.31,Yes
3266-MWLVY,Female,0,No,No,17,Yes,Yes,DSL,No,Yes,Yes,No,No,No,Month-to-month,Yes,Bank transfer (automatic),50.46,833.55,Yes
3267-QBMAZ,Male,1,No,No,31,Yes,Yes,No,No internet service,No internet service,No internet service,No internet service,No internet service,No internet service,Two year,Yes,Mailed check,18.25,513.68,No
3268-SKEAT,Female,0,No,No,70,Yes,No,DSL,Yes,No,Yes,Yes,Yes,Yes,One year,Yes,Electronic check,56.28,3991.91,No
3269-MHFQL,Female,0,No,No,71,Yes,No,No,No internet service,No internet service,No internet service,No internet service,No internet service,No internet service,Month-to-month,No,Electronic check,20.89,1458.72,No
3270-ACNZH,Female,0,Yes,No,29,Yes,No,Fiber optic,No,No,Yes,Yes,No,No,Month-to-month,No,Credit card (automatic),63.73,1730.42,Yes
3271-KNHCG,Male,0,No,Yes,29,Yes,Yes,DSL,Yes,Yes,No,Yes,Yes,Yes,Month-to-month,Yes,Electronic check,65.09,1884.09,Yes
3272-SDYPM,Female,0,No,No,4,Yes,Yes,No,No internet service,No internet service,No internet service,No internet service,No internet service,No internet service,Two year,Yes,Electronic check,25.7,109.91,No
3273-TSEWE,Male,0,No,Yes,3,Yes,No,DSL,No,Yes,No,No,Yes,Yes,Month-to-month,No,Credit card (automatic),64.23,198.24,Yes
3274-TXDBZ,Female,0,Yes,No,50,Yes,No,Fiber optic,No,Yes,No,Yes,No,No,Two year,No,Bank transfer (automatic),59.22,2925.22,No
3275-MPVBS,Male,0,No,No,8,Yes,No,Fiber optic,No,No,Yes,No,No,Yes,Month-to-month,Yes,Electronic check,63.49,510.84,Yes
3276-QEYRW,Male,1,No,No,54,Yes,Yes,Fiber optic,No,No,Yes,No,No,No,Month-to-month,Yes,Electronic check,61.19,3339.44,No
3277-URHOM,Female,0,Yes,No,32,Yes,No,DSL,No,Yes,No,No,No,No,Month-to-month,No,Electronic check,47.56,1415.18,No
3278-MPVTM,Female,0,No,Yes,30,Yes,No,Fiber optic,No,Yes,Yes,No,No,No,Two year,Yes,Electronic check,52.54,1603.4,No
3279-TBCOW,Male,0,No,No,53,Yes,No,DSL,No,No,Yes,No,No,Yes,One year,Yes,Electronic check,46.8,2522.85,No
3280-SMEZV,Male,0,No,No,60,No,No phone service,Fiber optic,No,No,Yes,No,Yes,Yes,Month-to-month,No,Bank transfer (automatic),71.85,4293.98,Yes
3281-FNDVS,Male,0,Yes,Yes,65,Yes,No,DSL,No,No,No,No,Yes,No,One year,Yes,Bank transfer (automatic),49.81,3170.64,No
3282-WGDBG,Female,1,Yes,No,19,Yes,No,Fiber optic,No,No,Yes,No,No,No,One year,Yes,Bank transfer (automatic),59.09,1167.7,No
3283-COABJ,Female,0,No,No,60,Yes,Yes,Fiber optic,No,No,Yes,No,Yes,Yes,Two year,Yes,Credit card (automatic),78.02,4745.64,No
3284-PYOXO,Male,0,No,Yes,35,Yes,Yes,No,No internet service,No internet service,No internet service,No internet service,No internet service,No internet service,Month-to-month,Yes,Mailed check,31.24,1037.4,No
3285-NVNFN,Male,0,Yes,Yes,19,Yes,No,DSL,No,Yes,Yes,Yes,No,No,Month-to-month,No,Credit card (automatic),52.32,985.56,No
3286-QRTSQ,Male,0,Yes,No,44,No,No phone service,No,No internet service,No internet service,No internet service,No internet service,No internet service,No internet service,Month-to-month,Yes,Electronic check,21.76,908.23,No
3287-PHGTL,Female,0,Yes,No,45,Yes,No,DSL,Yes,Yes,No,No,No,Yes,Month-to-month,Yes,Bank transfer (automatic),55.05,2446.09,Yes
3288-INTAJ,Female,0,No,Yes,17,Yes,No,No,No internet service,No internet service,No internet service,No internet service,No internet service,No internet service,Month-to-month,Yes,Bank transfer (automatic),18.25,307.89,Yes
3289-QQQDQ,Male,0,No,No,69,Yes,No,DSL,No,No,No,No,No,Yes,Month-to-month,Yes,Bank transfer (automatic),56.09,3916.61,No
3290-RTWBH,Male,0,No,No,17,Yes,Yes,No,No internet service,No internet service,No internet service,No internet service,No internet service,No internet service,One year,Yes,Electronic check,18.25,340.98,No
3291-MWYVT,Female,0,No,No,63,Yes,Yes,No,No internet service,No internet service,No internet service,No internet service,No internet service,No internet service,Two year,No,Electronic check,21.19,1341.97,No
3292-VOTWI,Female,0,No,No,33,Yes,Yes,DSL,Yes,No,Yes,No,Yes,Yes,Month-to-month,Yes,Credit card (automatic),74.73,2576.52,No
3293-CCBAN,Male,0,No,Yes,2,Yes,No,DSL,No,Yes,Yes,No,No,No,Month-to-month,No,Bank transfer (automatic),36.48,18.8,No
3294-QMSWO,Male,0,Yes,No,71,Yes,Yes,Fiber optic,No,No,No,No,No,Yes,Two year,Yes,Credit card (automatic),75.87,5358.36,No
3295-YNBGQ,Male,0,No,Yes,10,Yes,Yes,Fiber optic,No,Yes,No,No,No,Yes,Month-to-month,Yes,Electronic check,78.1,786.28,Yes
3296-RFUHB,Female,0,Yes,No,45,Yes,Yes,Fiber optic,Yes,Yes,No,No,Yes,No,Month-to-month,No,Mailed check,81.64,3658.22,Yes
3297-APGVX,Male,0,No,No,41,Yes,No,Fiber optic,Yes,No,No,No,No,No,Month-to-month,Yes,Electronic check,66.25,2705.92,Yes
3298-KOMXB,Male,0,Yes,No,16,Yes,No,Fiber optic,Yes,No,No,No,No,No,Month-to-month,Yes,Credit card (automatic),66.45,1106.45,No
3299-NXFIG,Male,0,Yes,No,46,Yes,No,Fiber optic,Yes,No,No,No,No,No,One year,Yes,Bank transfer (automatic),67.29,3051.16,No
3300-RXIWD,Female,0,Yes,No,29,Yes,Yes,DSL,Yes,No,No,No,No,No,Two year,No,Credit card (automatic),42.01,1307.08,No
3301-IDLDY,Female,0,No,Yes,42,Yes,No,DSL,No,Yes,No,No,No,Yes,Month-to-month,Yes,Electronic check,57.19,2356.34,Yes
3302-XTNXX,Female,0,Yes,No,7,Yes,No,DSL,Yes,No,No,No,No,Yes,Month-to-month,No,Electronic check,52.54,330.79,Yes
3303-GZMVH,Male,1,Yes,Yes,39,Yes,Yes,Fiber optic,No,Yes,Yes,No,No,Yes,One year,No,Credit card (automatic),70.83,2819.27,No
3304-WELMT,Female,0,No,No,70,Yes,Yes,Fiber optic,No,No,No,Yes,No,Yes,Two year,No,Electronic check,67.96,4817.94,No
3305-NRXYT,Female,1,No,No,19,Yes,Yes,No,No internet service,No internet service,No internet service,No internet service,No internet service,No internet service,Two year,No,Bank transfer (automatic),18.66,338.34,No
3306-DURGO,Female,0,Yes,No,27,Yes,Yes,DSL,No,Yes,Yes,No,Yes,Yes,One year,Yes,Credit card (automatic),73.7,2052.09,No
3307-UFPTX,Female,0,Yes,No,27,Yes,No,Fiber optic,No,Yes,Yes,Yes,Yes,No,Two year,No,Electronic check,80.59,2130.57,No
3308-HUPVP,Female,0,Yes,Yes,58,Yes,No,DSL,No,No,No,No,No,No,Month-to-month,Yes,Mailed check,40.79,2270.41,No
3309-CQIYC,Male,0,No,Yes,61,Yes,Yes,No,No internet service,No internet service,No internet service,No internet service,No internet service,No internet service,Month-to-month,Yes,Bank transfer (automatic),18.25,1162.8,No
3310-TGRLS,Male,0,No,No,53,Yes,No,Fiber optic,No,No,No,No,No,No,Month-to-month,Yes,Bank transfer (automatic),55.79,2881.24,No
3311-PVXQT,Male,1,Yes,No,6,Yes,No,Fiber optic,No,No,No,No,Yes,No,Month-to-month,Yes,Bank transfer (automatic),78.28,468.98,Yes
3312-OABHV,Male,0,No,Yes,67,Yes,Yes,Fiber optic,No,No,No,Yes,Yes,Yes,Month-to-month,Yes,Mailed check,73.6,5026.42,Yes
3313-YBSII,Male,0,Yes,Yes,23,Yes,Yes,DSL,No,No,No,Yes,No,No,Month-to-month,No,Credit card (automatic),43.38,950.45,Yes
3314-MFOSU,Female,1,Yes,Yes,40,Yes,No,DSL,No,No,No,Yes,No,No,One year,Yes,Electronic check,36.84,1408.87,No
3315-ORGZK,Female,0,No,No,53,Yes,No,Fiber optic,Yes,Yes,No,Yes,No,No,Month-to-month,Yes,Mailed check,73.02,3822.41,No
3316-HFHBS,Male,0,Yes,No,13,Yes,Yes,No,No internet service,No internet service,No internet service,No internet service,No internet service,No internet service,Two year,No,Bank transfer (automatic),20.8,208.97,No
3317-PGJLQ,Female,1,No,No,43,Yes,No,DSL,No,No,No,No,No,Yes,One year,Yes,Credit card (automatic),50.9,2133.38,No
3318-GVHGD,Male,0,No,No,48,Yes,No,Fiber optic,Yes,Yes,Yes,No,No,No,Two year,Yes,Electronic check,64.56,3021.96,Yes
3319-CSODY,Male,0,Yes,No,62,Yes,No,Fiber optic,Yes,Yes,Yes,No,No,No,Month-to-month,Yes,Mailed check,71.85,4503.26,Yes
3320-IMRUP,Female,0,No,Yes,44,Yes,No,Fiber optic,No,Yes,No,Yes,No,Yes,One year,Yes,Mailed check,74.8,3207.11,No
3321-ADRHT,Male,0,No,No,71,Yes,No,Fiber optic,No,Yes,Yes,No,No,No,Month-to-month,No,Electronic check,64.02,4577.99,Yes
3322-PUKTU,Female,0,No,No,6,No,No phone service,DSL,Yes,Yes,Yes,Yes,No,Yes,Month-to-month,Yes,Electronic check,55.99,253.44,No
3323-UUSWS,Male,0,Yes,Yes,2,Yes,No,Fiber optic,No,No,No,Yes,No,Yes,One year,Yes,Bank transfer (automatic),67.79,143.22,No
3324-RSKCH,Female,0,Yes,No,46,Yes,Yes,DSL,No,No,Yes,No,No,No,One year,Yes,Electronic check,34.88,1648.89,No
3325-TSJPE,Female,1,Yes,No,60,Yes,No,Fiber optic,No,No,No,No,No,No,Month-to-month,No,Mailed check,58.32,3497.42,No
3326-TIHKP,Female,0,No,No,70,Yes,Yes,DSL,Yes,Yes,Yes,No,Yes,Yes,Month-to-month,Yes,Credit card (automatic),72.28,4998.94,No
3327-GOXUT,Female,0,Yes,No,29,Yes,No,DSL,No,No,Yes,No,No,No,Month-to-month,No,Credit card (automatic),32.75,947.45,No
3328-WQFOH,Female,0,Yes,No,4,Yes,Yes,DSL,No,No,No,No,No,No,One year,Yes,Mailed check,39.86,132.56,No
3329-GBMWF,Female,0,No,No,71,Yes,Yes,No,No internet service,No internet service,No internet service,No internet service,No internet service,No internet service,Month-to-month,No,Electronic check,18.25,1286.35,Yes
3330-ETARO,Male,0,Yes,No,6,Yes,Yes,DSL,No,Yes,Yes,No,No,Yes,Two year,No,Credit card (automatic),61.32,303.46,No
3331-WJCEX,Male,0,Yes,No,38,Yes,No,DSL,No,No,No,Yes,No,No,Month-to-month,No,Electronic check,38.08,1465.0,Yes
3332-MHVUB,Female,0,No,Yes,1,Yes,No,DSL,No,No,Yes,No,Yes,No,Two year,Yes,Credit card (automatic),49.58,35.68,No
3333-IQRMA,Female,0,No,No,42,Yes,No,DSL,No,No,Yes,Yes,No,Yes,One year,No,Credit card (automatic),51.89,2217.48,No
3334-LTTUE,Male,1,Yes,Yes,11,Yes,No,Fiber optic,No,Yes,No,No,Yes,No,Two year,Yes,Credit card (automatic),83.52,970.51,No
3335-HOCFM,Male,0,Yes,No,27,Yes,No,No,No internet service,No internet service,No internet service,No internet service,No internet service,No internet service,Month-to-month,Yes,Mailed check,21.89,608.47,Yes
3336-LSRXA,Male,0,Yes,No,18,Yes,Yes,No,No internet service,No internet service,No internet service,No internet service,No internet service,No internet service,One year,Yes,Mailed check,31.96,559.18,No
3337-YGLJL,Male,1,Yes,Yes,27,Yes,No,No,No internet service,No internet service,No internet service,No internet service,No internet service,No internet service,Month-to-month,Yes,Bank transfer (automatic),25.76,657.06,No
3338-KDSFY,Male,0,No,No,69,Yes,No,DSL,No,Yes,No,No,No,No,Month-to-month,Yes,Mailed check,44.44,3022.73,Yes
3339-ITJEM,Female,0,No,No,18,Yes,Yes,DSL,No,Yes,Yes,No,No,Yes,Month-to-month,Yes,Electronic check,41.29,759.83,No
3340-IBRUA,Male,0,No,No,63,Yes,Yes,Fiber optic,No,Yes,No,No,No,Yes,Month-to-month,No,Electronic check,71.27,4515.91,No
3341-XULJB,Male,0,No,No,8,Yes,No,No,No internet service,No internet service,No internet service,No internet service,No internet service,No internet service,One year,Yes,Electronic check,23.23,179.1,No
3342-IBWXV,Male,0,No,No,40,Yes,No,Fiber optic,No,No,Yes,Yes,Yes,Yes,Two year,Yes,Electronic check,73.68,2946.53,No
3343-NKWKQ,Female,0,No,No,49,Yes,Yes,Fiber optic,Yes,No,Yes,No,Yes,Yes,Month-to-month,Yes,Electronic check,75.31,3620.88,Yes
3344-DMGPA,Male,0,No,Yes,9,Yes,Yes,Fiber optic,No,No,No,No,Yes,No,Two year,No,Mailed check,71.3,648.86,No
3345-MAKFT,Male,0,No,Yes,53,Yes,No,DSL,Yes,Yes,No,No,Yes,No,Month-to-month,No,Credit card (automatic),52.01,2733.48,No
3346-CLEIZ,Female,0,No,Yes,9,Yes,Yes,Fiber optic,No,Yes,Yes,No,No,Yes,Month-to-month,Yes,Bank transfer (automatic),75.42,736.77,No
3347-ZLJSE,Female,0,Yes,Yes,6,Yes,No,DSL,No,Yes,Yes,No,No,No,Month-to-month,Yes,Electronic check,44.01,280.17,Yes
3348-ZEIZT,Male,0,Yes,Yes,31,Yes,Yes,Fiber optic,Yes,No,No,No,No,No,Two year,Yes,Credit card (automatic),57.49,1766.99,No
3349-QJUAV,Female,0,No,No,53,Yes,No,Fiber optic,Yes,No,No,No,No,Yes,Month-to-month,Yes,Electronic check,84.46,4496.03,Yes
3350-PZZOW,Male,0,Yes,No,69,Yes,No,Fiber optic,No,Yes,Yes,No,Yes,No,Month-to-month,No,Mailed check,71.62,5035.72,No
3351-QZTYM,Male,1,No,No,62,Yes,Yes,DSL,No,Yes,No,No,No,Yes,One year,No,Bank transfer (automatic),59.89,3756.79,No
3352-AYHEF,Female,0,No,No,33,Yes,Yes,No,No internet service,No internet service,No internet service,No internet service,No internet service,No internet service,One year,No,Mailed check,26.46,844.7,No
3353-WTNVW,Male,0,No,No,42,Yes,Yes,No,No internet service,No internet service,No internet service,No internet service,No internet service,No internet service,Month-to-month,Yes,Credit card (automatic),18.25,792.01,Yes
3354-KFKML,Female,0,No,No,4,Yes,No,No,No internet service,No internet service,No internet service,No internet service,No internet service,No internet service,Two year,No,Electronic check,30.39,266.61,Yes
3355-VBUCW,Female,0,Yes,No,18,Yes,No,Fiber optic,No,No,No,No,Yes,Yes,Month-to-month,No,Mailed check,75.71,1406.61,No
3356-DQVFG,Female,0,Yes,No,53,Yes,Yes,DSL,No,No,Yes,No,No,Yes,Month-to-month,Yes,Electronic check,49.44,2613.99,No
3357-OKXCF,Female,0,No,No,13,Yes,Yes,DSL,No,Yes,No,No,Yes,Yes,Month-to-month,No,Electronic check,66.48,926.4,Yes
3358-ZBNIR,Male,0,Yes,Yes,9,Yes,Yes,Fiber optic,Yes,No,Yes,No,Yes,No,Month-to-month,Yes,Mailed check,67.94,521.67,Yes
3359-SLMZL,Male,0,No,No,48,Yes,No,DSL,No,Yes,No,No,No,Yes,Two year,Yes,Mailed check,54.11,2544.73,No
3360-LRIQU,Male,1,Yes,No,10,Yes,Yes,DSL,Yes,No,No,No,Yes,No,Month-to-month,Yes,Electronic check,58.23,488.17,No
3361-PQUXH,Female,0,Yes,No,30,No,No phone service,Fiber optic,No,No,No,Yes,No,No,One year,Yes,Mailed check,61.7,1771.87,No
3362-KXBHL,Male,0,Yes,No,65,Yes,No,Fiber optic,Yes,Yes,No,No,No,Yes,Two year,Yes,Electronic check,86.59,5629.06,No
3363-UAWMV,Female,0,No,No,9,Yes,No,DSL,No,No,Yes,No,No,No,Two year,Yes,Mailed check,34.06,237.6,No
3364-UQNNP,Male,0,Yes,No,20,Yes,Yes,No,No internet service,No internet service,No internet service,No internet service,No internet service,No internet service,Month-to-month,Yes,Mailed check,18.78,325.31,Yes
3365-QFZGZ,Female,0,Yes,No,0,Yes,Yes,Fiber optic,No,Yes,No,No,Yes,No,Month-to-month,Yes,Bank transfer (automatic),72.4,18.8,No
3366-ZAYOT,Male,0,Yes,No,45,Yes,No,DSL,No,No,No,No,Yes,Yes,One year,Yes,Electronic check,55.45,2518.49,No
3367-URZMX,Male,0,Yes,No,19,Yes,No,DSL,Yes,Yes,Yes,No,No,Yes,Month-to-month,No,Electronic check,58.49,1050.02,Yes
3368-BSOLO,Female,0,Yes,No,20,Yes,Yes,DSL,No,Yes,Yes,Yes,Yes,No,Month-to-month,Yes,Bank transfer (automatic),56.1,1165.61,No
3369-YRNFL,Male,0,Yes,Yes,36,Yes,Yes,DSL,Yes,Yes,No,Yes,Yes,No,Two year,Yes,Bank transfer (automatic),56.47,2026.06,No
3370-TWFZI,Female,0,No,No,13,Yes,No,DSL,No,Yes,No,No,Yes,Yes,One year,Yes,Electronic check,61.36,867.45,No
3371-YZDQB,Female,0,Yes,Yes,57,Yes,No,Fiber optic,No,No,Yes,Yes,No,Yes,Two year,Yes,Mailed check,71.64,4065.62,No
3372-PXNZH,Male,0,Yes,No,56,Yes,Yes,Fiber optic,Yes,No,Yes,No,No,No,Two year,No,Mailed check,71.1,4024.97,No
3373-NBPDA,Male,1,No,No,56,Yes,No,DSL,Yes,No,Yes,No,No,Yes,Month-to-month,Yes,Mailed check,60.53,3399.99,Yes
3374-WTNHY,Male,0,Yes,No,68,Yes,No,Fiber optic,No,No,No,No,No,Yes,One year,No,Electronic check,72.39,4952.93,No
3375-YCEFV,Female,0,No,No,69,Yes,Yes,No,No internet service,No internet service,No internet service,No internet service,No internet service,No internet service,One year,Yes,Mailed check,18.25,1306.67,No
3376-ZHFFD,Female,0,Yes,No,23,Yes,No,Fiber optic,Yes,No,Yes,No,No,Yes,Month-to-month,Yes,Bank transfer (automatic),70.1,1621.49,No
3377-GXSGC,Female,0,Yes,No,59,Yes,No,No,No internet service,No internet service,No internet service,No internet service,No internet service,No internet service,One year,Yes,Credit card (automatic),18.25,1095.77,No
3378-HAANF,Female,0,Yes,No,22,Yes,Yes,Fiber optic,No,Yes,No,Yes,No,No,Month-to-month,No,Bank transfer (automatic),62.54,1403.94,Yes
3379-JYNDF,Female,0,No,No,46,No,No phone service,Fiber optic,Yes,No,No,No,Yes,No,Two year,No,Electronic check,76.24,3426.43,No
3380-PUAFI,Female,0,No,No,37,Yes,No,Fiber optic,No,No,No,No,Yes,Yes,Two year,Yes,Credit card (automatic),76.8,2860.08,No
3381-OLCKO,Female,0,Yes,No,51,Yes,No,No,No internet service,No internet service,No internet service,No internet service,No internet service,No internet service,Month-to-month,No,Electronic check,22.05,1166.41,No
3382-CNBDZ,Female,1,No,No,12,Yes,Yes,Fiber optic,No,Yes,No,Yes,No,Yes,One year,Yes,Mailed check,69.86,834.23,No
3383-SLBQC,Female,0,No,No,7,No,No phone service,No,No internet service,No internet service,No internet service,No internet service,No internet service,No internet service,One year,Yes,Electronic check,25.64,111.81,No
3384-JPVIK,Male,0,Yes,No,31,Yes,Yes,Fiber optic,Yes,Yes,Yes,No,No,No,Month-to-month,No,Bank transfer (automatic),69.35,2174.84,No
3385-UOCPU,Female,0,No,No,16,Yes,No,DSL,No,No,Yes,No,No,Yes,Month-to-month,Yes,Credit card (automatic),52.51,770.01,No
3386-UULWE,Female,0,No,No,4,Yes,No,DSL,No,No,Yes,No,Yes,Yes,Two year,Yes,Credit card (automatic),60.3,157.1,No
3387-GIURU,Male,0,Yes,No,71,Yes,Yes,DSL,No,No,No,No,Yes,No,Month-to-month,Yes,Electronic check,43.83,3170.08,Yes
3388-HLTBJ,Male,0,Yes,Yes,49,Yes,Yes,DSL,No,No,Yes,No,Yes,No,One year,Yes,Mailed check,53.53,2649.08,No
3389-SIYXH,Female,0,No,Yes,11,Yes,No,Fiber optic,No,No,No,No,No,Yes,One year,Yes,Mailed check,65.82,684.01,No
3390-XXXAF,Male,0,No,No,43,Yes,No,Fiber optic,No,Yes,No,No,No,No,One year,No,Electronic check,62.56,2711.25,No
3391-LYXSQ,Male,0,Yes,No,67,Yes,Yes,Fiber optic,No,No,No,Yes,Yes,Yes,Month-to-month,Yes,Credit card (automatic),70.86,4737.71,No
3392-BKRWV,Female,0,No,No,58,Yes,No,No,No internet service,No internet service,No internet service,No internet service,No internet service,No internet service,Two year,No,Mailed check,18.25,1098.78,No
3393-KRHOI,Female,0,Yes,No,9,Yes,No,No,No internet service,No internet service,No internet service,No internet service,No internet service,No internet service,Month-to-month,Yes,Mailed check,18.25,316.9,No
3394-OGTMM,Male,0,No,No,47,Yes,No,DSL,Yes,No,No,No,No,No,Two year,Yes,Bank transfer (automatic),41.81,1920.77,No
3395-ATDXD,Female,0,No,No,27,No,No phone service,DSL,Yes,Yes,No,No,No,No,Month-to-month,No,Bank transfer (automatic),51.52,1373.48,No
3396-DMBZW,Male,0,No,No,4,Yes,No,Fiber optic,Yes,Yes,No,No,No,No,Month-to-month,Yes,Credit card (automatic),71.51,227.06,Yes
3397-ODFCG,Female,0,No,No,43,Yes,No,DSL,Yes,Yes,No,No,Yes,No,Month-to-month,No,Mailed check,71.29,3117.73,Yes
3398-FCDJU,Female,0,Yes,No,30,Yes,Yes,DSL,Yes,No,Yes,No,No,Yes,Month-to-month,No,Credit card (automatic),59.46,1772.31,No
3399-IFTKG,Male,0,Yes,No,15,Yes,Yes,Fiber optic,No,Yes,No,No,Yes,No,Two year,No,Credit card (automatic),84.28,1253.09,No
3400-RDEDD,Male,0,No,Yes,22,Yes,Yes,Fiber optic,No,No,Yes,No,No,Yes,Month-to-month,No,Mailed check,64.11,1389.09,Yes
3401-MPYNK,Male,0,Yes,Yes,20,Yes,Yes,No,No internet service,No internet service,No internet service,No internet service,No internet service,No internet service,Two year,No,Electronic check,19.74,365.56,No
3402-BVNXX,Male,1,Yes,No,1,No,No phone service,No,No internet service,No internet service,No internet service,No internet service,No internet service,No internet service,One year,Yes,Electronic check,27.42,18.8,Yes
3403-GZKDG,Male,0,No,No,22,Yes,Yes,Fiber optic,No,No,No,No,Yes,No,One year,No,Mailed check,71.21,1547.21,No
3404-PZFFB,Female,0,Yes,No,10,Yes,No,No,No internet service,No internet service,No internet service,No internet service,No internet service,No internet service,Two year,No,Mailed check,20.9,248.3,No
3405-XHGYX,Female,0,No,No,72,Yes,Yes,DSL,No,No,No,No,No,No,Month-to-month,No,Credit card (automatic),43.13,3151.82,No
3406-NIOYV,Male,0,Yes,Yes,1,Yes,No,No,No internet service,No internet service,No internet service,No internet service,No internet service,No internet service,Month-to-month,No,Credit card (automatic),18.25,26.09,No
3407-RLWSM,Male,0,No,No,12,Yes,No,DSL,Yes,Yes,No,Yes,No,No,Two year,Yes,Credit card (automatic),56.85,754.28,No
3408-GYJJB,Male,0,Yes,No,44,Yes,Yes,No,No internet service,No internet service,No internet service,No internet service,No internet service,No internet service,Month-to-month,Yes,Bank transfer (automatic),18.25,834.43,Yes
3409-NMVFI,Female,0,Yes,No,71,Yes,No,DSL,No,Yes,No,No,No,Yes,Month-to-month,Yes,Electronic check,51.79,3645.65,No
3410-MIMEN,Female,0,No,Yes,9,Yes,Yes,Fiber optic,Yes,Yes,No,Yes,No,Yes,One year,Yes,Electronic check,75.68,724.9,No
3411-EIHGH,Male,0,No,No,20,Yes,No,Fiber optic,No,No,No,No,Yes,No,Month-to-month,No,Credit card (automatic),70.43,1455.37,No
3412-VCWXO,Female,1,No,No,0,No,No phone service,Fiber optic,Yes,No,No,Yes,Yes,No,One year,Yes,Mailed check,76.89,18.8,No
3413-HAGSB,Female,0,No,No,15,Yes,No,DSL,Yes,No,No,Yes,Yes,Yes,Month-to-month,No,Bank transfer (automatic),62.75,927.18,No
3414-NRONX,Male,0,Yes,No,42,No,No phone service,Fiber optic,Yes,Yes,No,No,Yes,No,Month-to-month,No,Bank transfer (automatic),73.67,3026.77,No
3415-YSSVZ,Male,0,No,Yes,5,Yes,Yes,DSL,Yes,No,No,Yes,No,Yes,Month-to-month,Yes,Credit card (automatic),48.75,220.17,Yes
3416-QVSPT,Female,1,Yes,No,10,Yes,No,Fiber optic,No,No,Yes,Yes,Yes,Yes,Month-to-month,Yes,Mailed check,76.69,674.17,Yes
3417-YSASG,Female,0,Yes,No,65,Yes,Yes,DSL,No,No,Yes,Yes,No,Yes,Month-to-month,No,Bank transfer (automatic),53.81,3480.0,No
3418-WKEQK,Female,0,Yes,No,48,Yes,No,Fiber optic,Yes,No,Yes,No,No,No,Month-to-month,Yes,Electronic check,54.27,2607.33,Yes
3419-XZHJL,Female,0,Yes,No,19,Yes,Yes,DSL,No,Yes,Yes,Yes,Yes,Yes,Month-to-month,No,Mailed check,73.01,1441.51,No
3420-JMZRJ,Female,0,Yes,No,20,Yes,Yes,Fiber optic,Yes,No,Yes,No,Yes,Yes,Month-to-month,Yes,Credit card (automatic),81.33,1600.18,Yes
3421-STQTP,Male,0,Yes,No,35,No,No phone service,No,No internet service,No internet service,No internet service,No internet service,No internet service,No internet service,One year,No,Bank transfer (automatic),22.12,786.8,No
3422-ECOZB,Female,0,No,No,37,Yes,Yes,No,No internet service,No internet service,No internet service,No internet service,No internet service,No internet service,Month-to-month,Yes,Mailed check,21.31,845.57,No
3423-MVHWQ,Male,0,Yes,No,55,Yes,Yes,DSL,No,No,Yes,No,No,No,Month-to-month,No,Bank transfer (automatic),37.17,1987.43,No
3424-DSVYI,Male,0,No,No,10,Yes,No,DSL,No,Yes,Yes,Yes,Yes,Yes,Two year,No,Electronic check,67.71,705.39,No
3425-WOIXU,Female,0,No,No,17,Yes,No,DSL,No,Yes,No,Yes,Yes,No,Month-to-month,Yes,Credit card (automatic),44.3,670.15,No
3426-INWUP,Male,0,No,No,44,Yes,No,No,No internet service,No internet service,No internet service,No internet service,No internet service,No internet service,Month-to-month,No,Credit card (automatic),20.17,839.77,No
3427-XWYZQ,Female,0,Yes,Yes,25,Yes,Yes,DSL,No,No,No,Yes,Yes,Yes,Two year,Yes,Bank transfer (automatic),50.18,1211.45,No
3428-MIOGA,Male,0,No,No,58,Yes,No,DSL,No,Yes,Yes,Yes,No,No,Month-to-month,Yes,Mailed check,45.65,2613.14,No
3429-AEXIL,Female,0,No,No,5,Yes,No,DSL,No,No,Yes,No,No,No,Month-to-month,Yes,Electronic check,44.04,184.37,Yes
3430-FMZHO,Male,0,No,No,42,No,No phone service,No,No internet service,No internet service,No internet service,No internet service,No internet service,No internet service,Month-to-month,Yes,Credit card (automatic),18.25,783.46,No
3431-FFDKU,Female,0,Yes,No,51,Yes,No,No,No internet service,No internet service,No internet service,No internet service,No internet service,No internet service,Month-to-month,Yes,Electronic check,34.28,1737.85,No
3432-RCCLU,Female,0,Yes,No,61,Yes,No,Fiber optic,No,No,No,Yes,No,No,One year,No,Credit card (automatic),64.65,3891.92,No
3433-UFUFH,Male,0,Yes,No,16,Yes,No,No,No internet service,No internet service,No internet service,No internet service,No internet service,No internet service,Month-to-month,No,Bank transfer (automatic),24.15,310.4,Yes
3434-ORTPF,Male,0,Yes,No,45,Yes,No,Fiber optic,Yes,No,Yes,Yes,Yes,Yes,One year,No,Electronic check,84.24,3824.74,Yes
3435-UQISR,Male,1,No,No,40,Yes,No,Fiber optic,No,Yes,No,Yes,No,Yes,Month-to-month,Yes,Electronic check,72.82,2960.68,Yes
3436-YWEFL,Female,0,No,Yes,12,Yes,Yes,Fiber optic,No,No,Yes,No,Yes,Yes,Two year,No,Bank transfer (automatic),86.19,1033.79,No
3437-KPTQT,Male,0,Yes,No,5,Yes,Yes,DSL,Yes,No,No,No,No,No,Two year,No,Credit card (automatic),55.75,138.84,No
3438-IAZCU,Male,0,Yes,Yes,32,Yes,Yes,DSL,Yes,No,Yes,No,No,Yes,Month-to-month,No,Electronic check,50.56,1592.44,Yes
3439-WIVSM,Female,0,Yes,No,3,Yes,No,Fiber optic,Yes,Yes,No,Yes,No,No,One year,Yes,Electronic check,67.64,168.91,Yes
3440-WNTSW,Female,0,Yes,No,49,Yes,Yes,DSL,No,No,Yes,No,No,No,Two year,No,Bank transfer (automatic),42.16,2039.92,No
3441-GDLWN,Male,0,No,Yes,47,Yes,Yes,Fiber optic,Yes,Yes,No,No,Yes,Yes,Month-to-month,No,Bank transfer (automatic),97.13,4630.82,Yes
3442-BARTH,Male,0,No,Yes,26,Yes,No,No,No internet service,No internet service,No internet service,No internet service,No internet service,No internet service,One year,No,Credit card (automatic),18.25,508.06,No
3443-CZFVM,Female,0,Yes,Yes,5,Yes,Yes,Fiber optic,No,Yes,Yes,No,No,No,Two year,No,Credit card (automatic),58.97,334.49,Yes
3444-IITIO,Female,0,Yes,Yes,57,Yes,No,No,No internet service,No internet service,No internet service,No internet service,No internet service,No internet service,Month-to-month,No,Bank transfer (automatic),18.25,1093.28,No
3445-MVPBZ,Female,0,No,No,62,Yes,No,Fiber optic,No,No,No,Yes,Yes,No,One year,No,Electronic check,74.33,4588.67,Yes
3446-NFBHD,Male,0,Yes,No,0,Yes,No,DSL,No,No,No,No,No,Yes,Two year,No,Bank transfer (automatic),54.28,18.8,No
3447-UXNKX,Male,0,No,Yes,27,Yes,Yes,DSL,No,No,No,Yes,Yes,Yes,One year,Yes,Electronic check,52.43,1419.79,No
3448-NLPFT,Female,0,No,Yes,28,Yes,Yes,DSL,No,Yes,Yes,No,No,No,Two year,Yes,Electronic check,53.63,1473.16,No
3449-ALGHI,Female,0,No,No,27,Yes,No,DSL,Yes,No,No,Yes,Yes,Yes,Two year,Yes,Bank transfer (automatic),57.36,1519.25,No
3450-BQTME,Female,0,Yes,Yes,67,Yes,No,DSL,No,Yes,No,Yes,No,Yes,Two year,Yes,Mailed check,50.88,3451.03,No
3451-JLQUF,Male,0,Yes,No,40,Yes,No,DSL,Yes,Yes,Yes,No,No,No,Month-to-month,Yes,Bank transfer (automatic),42.62,1733.89,Yes
3452-COGFD,Male,1,No,Yes,54,Yes,No,DSL,No,No,Yes,No,No,Yes,One year,No,Electronic check,53.66,2793.62,No
3453-SECZY,Male,0,Yes,No,31,No,No phone service,Fiber optic,No,Yes,No,No,No,No,Month-to-month,Yes,Credit card (automatic),72.06,2224.39,Yes
3454-IFMVT,Male,0,Yes,No,68,No,No phone service,Fiber optic,No,No,No,Yes,No,No,One year,Yes,Mailed check,64.89,4471.33,No
3455-DBZDH,Female,0,No,Yes,21,Yes,No,Fiber optic,No,No,Yes,No,No,No,Month-to-month,No,Credit card (automatic),59.52,1289.07,No
3456-MJRIA,Female,0,No,Yes,56,Yes,Yes,DSL,No,Yes,Yes,Yes,No,Yes,Month-to-month,Yes,Mailed check,55.34,3104.5,No
3457-MROBK,Male,0,Yes,No,21,Yes,No,Fiber optic,No,No,No,No,Yes,No,Month-to-month,No,Electronic check,69.58,1537.68,Yes
3458-NVONP,Female,0,Yes,No,65,Yes,Yes,DSL,Yes,Yes,No,Yes,No,No,Month-to-month,Yes,Electronic check,50.75,3278.39,No
3459-WOSIE,Female,0,No,No,40,Yes,Yes,No,No internet service,No internet service,No internet service,No internet service,No internet service,No internet service,Month-to-month,No,Credit card (automatic),22.62,892.9,No
3460-EKTYX,Male,0,Yes,Yes,42,Yes,Yes,DSL,No,Yes,Yes,No,Yes,Yes,Two year,Yes,Bank transfer (automatic),63.8,2576.51,No
3461-DTRYC,Female,0,Yes,No,33,Yes,Yes,No,No internet service,No internet service,No internet service,No internet service,No internet service,No internet service,One year,Yes,Electronic check,18.25,601.64,No
3462-DNGZH,Male,0,No,No,1,No,No phone service,DSL,No,No,No,No,No,Yes,Month-to-month,No,Mailed check,53.66,147.18,Yes
3463-XPTOG,Male,0,Yes,No,58,Yes,No,No,No internet service,No internet service,No internet service,No internet service,No internet service,No internet service,Month-to-month,No,Electronic check,18.25,1057.86,No
3464-ZQVVV,Male,0,Yes,Yes,35,Yes,Yes,No,No internet service,No internet service,No internet service,No internet service,No internet service,No internet service,Two year,No,Bank transfer (automatic),23.85,845.27,No
3465-LRXNO,Female,0,Yes,No,7,Yes,No,Fiber optic,No,No,Yes,No,No,No,Two year,No,Mailed check,68.91,473.35,Yes
3466-OEPEB,Male,0,No,No,32,Yes,No,Fiber optic,Yes,Yes,No,No,Yes,Yes,Two year,Yes,Electronic check,87.49,2822.38,No
3467-TYIVI,Female,0,No,No,32,Yes,Yes,DSL,No,No,No,No,No,No,Two year,Yes,Credit card (automatic),39.06,1216.86,No
3468-DOKAR,Female,1,No,No,67,Yes,Yes,DSL,Yes,No,Yes,Yes,No,No,Two year,Yes,Mailed check,44.45,3067.18,No
3469-AHYPZ,Male,0,No,Yes,17,Yes,Yes,DSL,Yes,No,No,No,No,No,One year,Yes,Bank transfer (automatic),44.92,818.02,No
3470-VRVIL,Male,0,No,Yes,63,Yes,No,Fiber optic,No,No,No,No,No,Yes,Month-to-month,No,Bank transfer (automatic),70.54,4479.4,Yes
3471-SYREB,Male,0,No,Yes,60,Yes,No,DSL,No,No,No,Yes,Yes,No,Month-to-month,No,Mailed check,49.68,3039.41,No
3472-GJOYG,Male,0,Yes,Yes,9,No,No phone service,Fiber optic,No,Yes,No,No,No,No,Month-to-month,Yes,Electronic check,62.33,559.49,Yes
3473-EOTTO,Male,0,Yes,Yes,49,No,No phone service,Fiber optic,No,No,No,No,No,No,Two year,Yes,Bank transfer (automatic),61.74,2992.06,No
3474-JXZZN,Female,1,No,Yes,21,Yes,Yes,Fiber optic,No,No,Yes,No,No,No,Month-to-month,No,Mailed check,64.24,1367.56,Yes
3475-ZZJQU,Female,1,Yes,Yes,38,Yes,No,DSL,Yes,Yes,No,Yes,No,No,Two year,Yes,Credit card (automatic),47.74,1873.93,No
3476-NBPMI,Female,0,Yes,Yes,64,Yes,Yes,Fiber optic,No,Yes,Yes,No,Yes,No,Month-to-month,No,Bank transfer (automatic),70.07,4470.37,No
3477-GPJXV,Male,0,Yes,No,29,Yes,No,DSL,No,No,No,Yes,Yes,No,Month-to-month,No,Mailed check,55.89,1605.94,No
3478-IVWGP,Male,0,No,Yes,4,Yes,Yes,Fiber optic,No,No,No,Yes,Yes,Yes,Month-to-month,Yes,Credit card (automatic),80.53,328.01,No
3479-IXQTG,Female,0,No,Yes,25,Yes,Yes,Fiber optic,No,No,Yes,No,Yes,No,Month-to-month,Yes,Mailed check,62.04,1452.11,No
3480-KHGST,Male,0,No,No,62,Yes,No,DSL,No,Yes,No,Yes,No,Yes,Month-to-month,Yes,Electronic check,60.01,3668.78,No
3481-LGHGF,Female,0,Yes,Yes,45,Yes,No,Fiber optic,Yes,No,No,No,No,No,One year,Yes,Mailed check,59.64,2655.13,No
3482-YIMGH,Female,0,No,Yes,30,Yes,Yes,No,No internet service,No internet service,No internet service,No internet service,No internet service,No internet service,One year,No,Electronic check,18.25,606.39,No
3483-VQQPV,Female,1,Yes,Yes,40,Yes,Yes,No,No internet service,No internet service,No internet service,No internet service,No internet service,No internet service,Month-to-month,No,Mailed check,18.73,769.56,Yes
3484-BHQMR,Male,0,No,No,11,Yes,No,No,No internet service,No internet service,No internet service,No internet service,No internet service,No internet service,Two year,No,Credit card (automatic),18.25,148.31,No
3485-XVJBB,Male,0,Yes,No,16,Yes,Yes,DSL,No,No,No,No,No,Yes,Month-to-month,Yes,Electronic check,53.78,877.41,Yes
3486-NPGUU,Female,0,Yes,Yes,17,Yes,No,DSL,No,No,No,No,Yes,No,One year,No,Mailed check,57.51,982.78,No
3487-XLWNY,Male,0,No,No,65,Yes,No,Fiber optic,Yes,No,No,Yes,No,No,One year,No,Mailed check,69.68,4503.6,No
3488-DZDRC,Male,0,Yes,No,38,Yes,No,No,No internet service,No internet service,No internet service,No internet service,No internet service,No internet service,Two year,Yes,Electronic check,22.85,837.54,No
3489-AQGPE,Male,0,Yes,No,32,Yes,Yes,DSL,No,Yes,Yes,No,No,No,One year,Yes,Mailed check,43.02,1494.99,No
3490-SGNBC,Female,0,No,No,7,Yes,No,No,No internet service,No internet service,No internet service,No internet service,No internet service,No internet service,Month-to-month,No,Credit card (automatic),31.66,132.59,No
3491-QPHRO,Female,0,Yes,No,25,Yes,No,Fiber optic,Yes,No,Yes,Yes,Yes,No,One year,Yes,Credit card (automatic),77.28,1904.23,Yes
3492-GIFRR,Female,0,No,Yes,34,Yes,No,No,No internet service,No internet service,No internet service,No internet service,No internet service,No internet service,Two year,Yes,Electronic check,25.74,915.88,No
3493-YZXNN,Female,0,Yes,No,56,Yes,No,DSL,No,No,No,Yes,No,Yes,Two year,No,Mailed check,47.05,2591.44,No
3494-NYDDO,Female,0,Yes,No,20,Yes,No,Fiber optic,No,Yes,No,No,No,No,Month-to-month,No,Bank transfer (automatic),73.8,1448.64,Yes
3495-ORNZA,Male,0,No,No,36,Yes,No,Fiber optic,No,Yes,Yes,Yes,No,No,Month-to-month,Yes,Credit card (automatic),54.92,1917.86,Yes
3496-JTJJX,Female,0,No,No,4,Yes,Yes,Fiber optic,Yes,Yes,No,Yes,Yes,No,One year,Yes,Bank transfer (automatic),70.44,294.35,No
3497-BHAAD,Male,0,Yes,Yes,16,Yes,Yes,Fiber optic,Yes,No,No,No,No,No,Two year,Yes,Bank transfer (automatic),69.08,1123.57,No
3498-GIPEB,Female,1,No,Yes,24,Yes,No,No,No internet service,No internet service,No internet service,No internet service,No internet service,No internet service,One year,No,Electronic check,18.25,383.91,No
3499-WKRYY,Male,0,No,No,60,Yes,No,No,No internet service,No internet service,No internet service,No internet service,No internet service,No internet service,Month-to-month,Yes,Mailed check,18.25,1167.18,No
3500-SMXKT,Male,0,No,No,36,Yes,No,DSL,No,No,No,No,Yes,No,One year,Yes,Mailed check,49.6,1737.39,No
3501-SQEMT,Female,0,Yes,No,65,Yes,No,Fiber optic,No,No,No,No,Yes,No,Month-to-month,Yes,Mailed check,70.15,4582.54,Yes
3502-AJHXH,Male,0,Yes,No,12,Yes,Yes,Fiber optic,No,No,Yes,Yes,No,No,Month-to-month,No,Electronic check,69.58,770.8,No
3503-SFLGP,Male,0,Yes,Yes,39,Yes,Yes,No,No internet service,No internet service,No internet service,No internet service,No internet service,No internet service,Month-to-month,Yes,Electronic check,20.24,817.05,Yes
3504-IUYVJ,Male,0,Yes,No,41,Yes,Yes,Fiber optic,Yes,No,Yes,Yes,Yes,No,Month-to-month,Yes,Bank transfer (automatic),68.06,2816.27,No
3505-JJTPA,Male,0,Yes,No,69,Yes,No,Fiber optic,Yes,Yes,No,No,No,Yes,One year,Yes,Mailed check,80.83,5540.77,No
3506-QZUNS,Male,0,Yes,No,24,No,No phone service,DSL,Yes,Yes,Yes,Yes,No,No,Two year,No,Electronic check,46.87,1143.73,No
3507-UUQNH,Male,0,No,No,41,Yes,Yes,Fiber optic,No,Yes,No,Yes,No,Yes,Month-to-month,Yes,Electronic check,73.58,3034.08,Yes
3508-UUIHM,Female,0,No,No,9,Yes,Yes,DSL,No,Yes,No,No,No,No,Month-to-month,Yes,Electronic check,46.06,403.12,Yes
3509-QSGQA,Male,0,Yes,Yes,42,Yes,No,Fiber optic,No,Yes,No,No,No,Yes,Month-to-month,No,Electronic check,79.09,3363.18,Yes
3510-EYFZB,Female,0,No,Yes,67,Yes,Yes,No,No internet service,No internet service,No internet service,No internet service,No internet service,No internet service,Two year,No,Credit card (automatic),22.64,1472.36,No
3511-YPVEE,Male,1,No,Yes,27,Yes,Yes,DSL,Yes,Yes,No,Yes,No,No,Two year,Yes,Bank transfer (automatic),50.69,1430.66,No
3512-LCPFO,Male,0,Yes,No,23,No,No phone service,Fiber optic,No,No,No,No,No,No,Month-to-month,Yes,Credit card (automatic),65.43,1532.12,Yes
3513-OPTML,Male,0,Yes,No,40,Yes,No,No,No internet service,No internet service,No internet service,No internet service,No internet service,No internet service,One year,No,Electronic check,21.95,814.28,No
3514-JNBCI,Male,0,Yes,Yes,60,Yes,No,DSL,No,No,Yes,No,No,No,One year,No,Electronic check,42.68,2588.65,No
3515-KKYVJ,Male,0,No,No,4,Yes,Yes,DSL,Yes,Yes,No,No,No,Yes,One year,Yes,Electronic check,50.4,190.92,No
3516-ZNITU,Male,1,Yes,Yes,10,No,No phone service,Fiber optic,Yes,Yes,Yes,No,Yes,Yes,Two year,No,Bank transfer (automatic),98.16,952.37,Yes
3517-JVIEH,Male,0,Yes,Yes,7,Yes,Yes,No,No internet service,No internet service,No internet service,No internet service,No internet service,No internet service,One year,Yes,Bank transfer (automatic),18.25,166.19,No
3518-KAUJA,Male,0,Yes,No,20,Yes,No,Fiber optic,No,No,No,No,No,No,Month-to-month,Yes,Mailed check,56.3,1178.31,No
3519-ZVGNE,Female,0,No,No,63,Yes,No,Fiber optic,Yes,No,Yes,Yes,Yes,No,One year,Yes,Electronic check,77.14,4743.35,No
3520-QVZUF,Female,0,No,No,4,Yes,No,DSL,No,Yes,No,No,No,Yes,Month-to-month,No,Mailed check,50.84,200.62,No
3521-PKJOG,Female,0,Yes,No,33,Yes,Yes,No,No internet service,No internet service,No internet service,No internet service,No internet service,No internet service,Month-to-month,No,Mailed check,18.25,595.63,Yes
3522-WBLSL,Female,0,Yes,No,8,Yes,No,Fiber optic,Yes,Yes,Yes,No,No,No,One year,Yes,Electronic check,78.76,603.66,Yes
3523-PFCBT,Male,0,No,No,37,Yes,Yes,DSL,No,No,No,Yes,No,No,Month-to-month,Yes,Mailed check,47.97,1784.59,Yes
3524-EKZYC,Male,1,No,No,42,Yes,No,Fiber optic,No,No,No,No,No,No,One year,Yes,Credit card (automatic),59.03,2531.29,No
3525-CVEVW,Male,0,No,No,9,Yes,No,Fiber optic,Yes,No,No,No,Yes,Yes,Two year,Yes,Credit card (automatic),82.79,680.3,No
3526-KCMUH,Female,0,No,No,11,Yes,No,Fiber optic,Yes,No,Yes,No,No,No,Month-to-month,Yes,Electronic check,62.16,646.35,Yes
3527-TJBDR,Female,0,Yes,No,17,Yes,No,Fiber optic,No,No,No,No,No,No,Month-to-month,No,Electronic check,44.87,726.26,No
3528-SDTZI,Female,0,Yes,No,11,Yes,Yes,No,No internet service,No internet service,No internet service,No internet service,No internet service,No internet service,Month-to-month,Yes,Electronic check,24.96,303.29,No
3529-PZFYD,Male,0,No,Yes,30,Yes,No,DSL,No,Yes,No,Yes,No,No,Two year,Yes,Bank transfer (automatic),46.21,1357.87,No
3530-IMIFU,Male,1,Yes,Yes,10,Yes,No,Fiber optic,Yes,No,Yes,No,No,No,Month-to-month,Yes,Mailed check,62.05,658.75,Yes
3531-SNUOC,Female,0,Yes,No,26,Yes,No,Fiber optic,Yes,No,Yes,No,Yes,No,Two year,Yes,Bank transfer (automatic),86.72,2300.63,No
3532-EURNP,Male,1,Yes,No,20,No,No phone service,DSL,No,No,No,No,No,No,Two year,No,Electronic check,30.34,596.19,No
3533-NIOGN,Male,0,Yes,No,12,Yes,No,No,No internet service,No internet service,No internet service,No internet service,No internet service,No internet service,Month-to-month,No,Bank transfer (automatic),27.79,342.72,Yes
3534-FUOTH,Male,0,Yes,No,44,Yes,No,DSL,Yes,No,Yes,No,Yes,No,Month-to-month,Yes,Mailed check,49.48,2170.37,No
3535-BHAZQ,Female,0,No,No,46,Yes,Yes,DSL,No,No,No,No,Yes,No,One year,No,Bank transfer (automatic),59.31,2829.97,No
3536-SEVTP,Male,0,Yes,No,24,Yes,Yes,DSL,Yes,No,No,No,Yes,Yes,Month-to-month,Yes,Credit card (automatic),72.32,1687.86,No
3537-GGRRB,Female,1,Yes,No,63,Yes,No,DSL,No,No,No,Yes,No,No,Month-to-month,No,Credit card (automatic),34.02,2068.03,No
3538-ONRIN,Female,0,Yes,Yes,69,Yes,No,DSL,Yes,Yes,No,Yes,No,No,Month-to-month,Yes,Mailed check,53.0,3526.78,No
3539-EKHEK,Male,0,No,No,27,Yes,No,Fiber optic,No,No,No,No,No,Yes,Month-to-month,No,Electronic check,72.49,1968.02,Yes
3540-EQVDO,Male,0,No,No,19,No,No phone service,Fiber optic,No,No,Yes,No,No,Yes,Month-to-month,Yes,Credit card (automatic),67.08,1286.42,Yes
3541-SVBXQ,Male,0,Yes,No,40,No,No phone service,DSL,No,No,Yes,Yes,No,Yes,One year,Yes,Mailed check,54.71,2131.7,No
3542-LYXQJ,Female,0,Yes,Yes,3,Yes,Yes,No,No internet service,No internet service,No internet service,No internet service,No internet service,No internet service,Month-to-month,Yes,Mailed check,25.42,38.24,No
3543-YRSRM,Female,0,No,Yes,68,Yes,No,DSL,Yes,No,Yes,Yes,No,No,Two year,Yes,Electronic check,48.02,3314.82,No
3544-NXPRZ,Male,1,Yes,No,23,Yes,Yes,Fiber optic,No,No,No,No,No,Yes,Month-to-month,Yes,Credit card (automatic),66.94,1580.78,No
3545-RPQGL,Male,0,No,Yes,16,Yes,Yes,DSL,Yes,No,No,Yes,Yes,No,Two year,No,Credit card (automatic),63.51,1004.17,No
3546-BJEUC,Female,0,No,No,4,Yes,No,Fiber optic,Yes,Yes,Yes,No,No,No,One year,No,Credit card (automatic),66.58,243.65,Yes
3547-SMLCF,Female,0,Yes,No,56,Yes,No,DSL,No,Yes,No,Yes,No,No,One year,Yes,Mailed check,43.71,2422.99,No
3548-NDMSR,Female,1,No,Yes,25,Yes,No,DSL,No,No,No,Yes,No,No,Two year,Yes,Credit card (automatic),39.91,1015.58,No
3549-CTFPT,Female,0,Yes,No,71,Yes,Yes,Fiber optic,Yes,No,No,No,No,No,Two year,Yes,Bank transfer (automatic),67.08,4781.29,No
3550-XCLSS,Female,0,Yes,No,72,Yes,No,Fiber optic,No,No,No,No,Yes,Yes,Month-to-month,No,Mailed check,78.27,5675.13,No
3551-XDABM,Male,0,Yes,No,16,Yes,No,DSL,No,Yes,No,No,Yes,Yes,One year,Yes,Credit card (automatic),63.66,1052.46,No
3552-ZMBSV,Female,0,No,No,55,Yes,Yes,Fiber optic,No,No,No,No,No,Yes,Month-to-month,No,Mailed check,62.41,3393.44,No
3553-XPLAI,Female,0,Yes,No,7,Yes,No,DSL,No,No,No,No,No,No,Month-to-month,No,Bank transfer (automatic),29.73,213.85,No
3554-QJRSG,Male,0,Yes,No,63,Yes,Yes,DSL,Yes,No,No,Yes,Yes,No,Month-to-month,Yes,Credit card (automatic),58.98,3739.53,No
3555-YSXOI,Female,0,Yes,No,68,Yes,No,DSL,No,No,No,Yes,No,Yes,Month-to-month,No,Bank transfer (automatic),54.55,3682.71,No
3556-JWTTD,Female,0,No,No,9,Yes,Yes,Fiber optic,Yes,No,No,No,Yes,Yes,Month-to-month,Yes,Credit card (automatic),98.03,881.61,No
3557-FDEIL,Male,0,Yes,Yes,49,Yes,No,No,No internet service,No internet service,No internet service,No internet service,No internet service,No internet service,Month-to-month,Yes,Mailed check,20.96,994.21,No
3558-WHUEK,Female,0,Yes,No,54,Yes,Yes,Fiber optic,No,No,Yes,Yes,Yes,No,Month-to-month,Yes,Electronic check,64.75,3453.68,No
3559-WKMNH,Male,0,No,No,13,Yes,Yes,Fiber optic,No,No,Yes,No,No,Yes,Month-to-month,Yes,Mailed check,63.36,761.46,No
3560-YRSLL,Female,0,No,No,26,Yes,Yes,DSL,No,No,No,Yes,Yes,No,Two year,Yes,Mailed check,46.22,1144.01,No
3561-RJGRL,Female,0,No,No,4,Yes,No,Fiber optic,Yes,No,Yes,No,No,No,Two year,Yes,Electronic check,67.02,248.32,No
3562-NOPBR,Male,0,Yes,No,27,Yes,Yes,DSL,No,Yes,No,No,Yes,No,Month-to-month,No,Bank transfer (automatic),50.64,1336.13,No
3563-LPMTQ,Female,0,No,Yes,4,No,No phone service,Fiber optic,No,No,No,No,Yes,Yes,One year,No,Electronic check,84.2,381.12,Yes
3564-RCWJA,Female,0,Yes,No,11,Yes,Yes,No,No internet service,No internet service,No internet service,No internet service,No internet service,No internet service,One year,No,Mailed check,22.89,215.11,No
3565-FCSDT,Male,0,Yes,Yes,7,Yes,No,Fiber optic,Yes,Yes,No,Yes,Yes,No,Two year,Yes,Electronic check,81.95,565.77,No
3566-WCHHG,Female,0,No,No,58,Yes,No,Fiber optic,No,Yes,No,No,No,No,One year,Yes,Credit card (automatic),57.33,3335.25,No
3567-BUFPJ,Female,1,No,No,64,Yes,No,Fiber optic,Yes,Yes,No,Yes,Yes,No,Month-to-month,Yes,Electronic check,86.15,5471.3,No
3568-DMJUN,Female,1,No,No,59,No,No phone service,Fiber optic,No,No,No,No,Yes,Yes,One year,Yes,Credit card (automatic),92.08,5413.56,Yes
3569-IKWRK,Female,0,No,No,54,Yes,Yes,DSL,Yes,No,No,No,No,No,Month-to-month,No,Credit card (automatic),39.64,2005.19,No
3570-QBCKR,Female,0,No,No,42,Yes,No,Fiber optic,Yes,No,No,Yes,Yes,No,One year,No,Mailed check,72.56,3101.05,No
3571-CZOKK,Male,0,Yes,No,40,Yes,No,Fiber optic,No,Yes,No,Yes,No,No,One year,Yes,Electronic check,59.37,2389.8,No
3572-YTYKS,Female,0,No,No,9,Yes,Yes,Fiber optic,No,Yes,No,No,No,Yes,Month-to-month,Yes,Bank transfer (automatic),76.21,826.11,Yes
3573-AEJJN,Female,0,Yes,No,6,Yes,No,Fiber optic,No,Yes,Yes,Yes,Yes,No,Month-to-month,No,Electronic check,77.67,459.47,No
3574-BDBRM,Male,0,No,No,20,Yes,No,DSL,No,No,Yes,No,Yes,Yes,Month-to-month,Yes,Bank transfer (automatic),59.65,1225.34,Yes
3575-SETBK,Male,0,Yes,No,43,Yes,No,No,No internet service,No internet service,No internet service,No internet service,No internet service,No internet service,Two year,Yes,Electronic check,25.9,1161.7,No
3576-ZRFWJ,Male,0,Yes,No,36,Yes,No,Fiber optic,Yes,No,Yes,No,No,No,Two year,Yes,Electronic check,72.14,2606.15,No
3577-VWQVK,Male,0,No,Yes,43,Yes,No,No,No internet service,No internet service,No internet service,No internet service,No internet service,No internet service,Month-to-month,No,Electronic check,18.25,710.18,No
3578-SQXDZ,Female,0,Yes,Yes,64,Yes,Yes,No,No internet service,No internet service,No internet service,No internet service,No internet service,No internet service,One year,Yes,Bank transfer (automatic),20.94,1446.8,Yes
3579-XZNTD,Female,0,No,No,5,Yes,No,No,No internet service,No internet service,No internet service,No internet service,No internet service,No internet service,Month-to-month,No,Credit card (automatic),22.06,99.71,No
3580-NZDFI,Female,0,No,No,37,No,No phone service,DSL,No,No,Yes,No,No,No,Month-to-month,Yes,Credit card (automatic),41.49,1517.4,Yes
3581-ULZHX,Female,0,Yes,No,42,Yes,No,No,No internet service,No internet service,No internet service,No internet service,No internet service,No internet service,Month-to-month,No,Bank transfer (automatic),18.32,776.88,No
3582-DZYYE,Female,0,No,No,56,Yes,No,Fiber optic,No,No,No,No,Yes,No,One year,Yes,Electronic check,71.54,4089.84,Yes
3583-FESHI,Female,0,No,No,69,Yes,No,DSL,No,No,Yes,Yes,No,Yes,Two year,No,Bank transfer (automatic),42.45,2971.76,No
3584-ODYIG,Female,0,No,Yes,64,Yes,Yes,DSL,No,No,Yes,Yes,Yes,No,Two year,Yes,Bank transfer (automatic),57.42,3719.85,No
3585-HOSOE,Male,0,No,No,54,Yes,No,DSL,No,Yes,Yes,Yes,Yes,Yes,Month-to-month,Yes,Bank transfer (automatic),63.6,3423.64,No
3586-SGFSY,Female,0,Yes,No,34,Yes,Yes,DSL,Yes,No,Yes,No,No,No,One year,Yes,Electronic check,42.13,1508.25,Yes
3587-QJSKO,Male,1,Yes,Yes,23,Yes,No,DSL,Yes,No,No,No,No,No,Two year,Yes,Bank transfer (automatic),36.74,833.59,No
3588-JKWCC,Male,0,Yes,No,37,Yes,No,No,No internet service,No internet service,No internet service,No internet service,No internet service,No internet service,Month-to-month,Yes,Mailed check,28.69,992.91,No
3589-RYKTZ,Male,0,Yes,No,2,Yes,No,No,No internet service,No internet service,No internet service,No internet service,No internet service,No internet service,Month-to-month,No,Mailed check,29.97,56.57,No
3590-VRYOG,Female,0,No,No,50,Yes,Yes,Fiber optic,No,No,No,No,Yes,No,Month-to-month,No,Bank transfer (automatic),70.71,3535.12,Yes
3591-JUWTJ,Female,0,Yes,No,60,Yes,No,DSL,No,No,No,Yes,No,No,One year,Yes,Bank transfer (automatic),33.33,1950.69,No
3592-MOWRW,Male,0,No,No,39,Yes,Yes,DSL,Yes,No,No,No,Yes,No,Two year,Yes,Electronic check,53.52,2057.53,No
3593-DTQCU,Female,0,No,No,53,Yes,No,Fiber optic,Yes,No,No,No,Yes,Yes,Month-to-month,Yes,Electronic check,84.27,4431.31,Yes
3594-UBDAO,Female,0,Yes,No,65,Yes,Yes,Fiber optic,No,No,No,No,No,No,Month-to-month,Yes,Credit card (automatic),56.2,3715.88,No
3595-YAFGS,Male,0,Yes,No,59,Yes,No,No,No internet service,No internet service,No internet service,No internet service,No internet service,No internet service,Month-to-month,Yes,Bank transfer (automatic),21.77,1262.91,Yes
3596-LAGSM,Male,0,No,Yes,14,Yes,Yes,No,No internet service,No internet service,No internet service,No internet service,No internet service,No internet service,One year,No,Credit card (automatic),23.76,364.5,No
3597-ZLLVM,Female,0,No,No,45,Yes,No,No,No internet service,No internet service,No internet service,No internet service,No internet service,No internet service,Month-to-month,No,Electronic check,20.0,937.35,Yes
3598-NVLTL,Male,0,No,No,54,Yes,Yes,DSL,Yes,No,No,Yes,Yes,No,Month-to-month,No,Credit card (automatic),47.03,2585.3,Yes
3599-FJTXI,Male,0,Yes,No,3,Yes,No,DSL,No,No,Yes,Yes,No,No,Month-to-month,Yes,Mailed check,37.7,146.14,No
3600-BGIYL,Male,0,Yes,No,23,Yes,No,DSL,No,No,Yes,No,No,Yes,Month-to-month,No,Credit card (automatic),48.21,1124.59,No
3601-EAVOH,Female,0,No,No,39,No,No phone service,DSL,Yes,No,Yes,No,No,No,Two year,No,Bank transfer (automatic),43.13,1562.36,No
3602-ARMAE,Female,0,Yes,Yes,26,Yes,Yes,No,No internet service,No internet service,No internet service,No internet service,No internet service,No internet service,Month-to-month,No,Electronic check,27.17,616.9,No
3603-RPZJD,Male,0,No,No,51,Yes,Yes,No,No internet service,No internet service,No internet service,No internet service,No internet service,No internet service,Month-to-month,Yes,Electronic check,19.07,929.74,No
3604-AWHEB,Male,0,Yes,No,36,Yes,No,DSL,Yes,Yes,Yes,No,No,No,One year,Yes,Bank transfer (automatic),52.59,1863.66,No
3605-XQGQF,Female,0,No,No,0,Yes,No,No,No internet service,No internet service,No internet service,No internet service,No internet service,No internet service,Month-to-month,Yes,Bank transfer (automatic),28.11,18.8,Yes
3606-VOEOR,Female,0,Yes,No,8,Yes,No,DSL,No,No,No,No,No,Yes,Month-to-month,Yes,Mailed check,49.86,406.73,Yes
3607-RYUUW,Female,0,No,No,17,Yes,No,Fiber optic,No,Yes,No,No,No,No,Month-to-month,No,Credit card (automatic),65.01,1112.23,No
3608-FBQUD,Female,0,No,Yes,38,Yes,No,Fiber optic,Yes,No,Yes,Yes,Yes,Yes,Two year,Yes,Bank transfer (automatic),85.61,3178.8,No
3609-LSBZB,Female,0,No,Yes,29,Yes,No,DSL,No,Yes,No,No,No,No,Month-to-month,Yes,Electronic check,52.82,1574.16,Yes
3610-NOTBD,Female,0,Yes,No,19,No,No phone service,Fiber optic,No,No,No,No,No,No,One year,Yes,Electronic check,73.95,1420.62,Yes
3611-SIGML,Male,0,Yes,Yes,14,Yes,Yes,DSL,No,No,Yes,Yes,No,No,Two year,No,Credit card (automatic),40.5,552.65,No
3612-CMONX,Male,0,Yes,No,63,Yes,No,Fiber optic,No,Yes,No,No,Yes,No,Two year,Yes,Electronic check,81.54,5137.69,No
3613-IMWVD,Male,1,No,No,24,Yes,No,Fiber optic,Yes,Yes,Yes,No,Yes,No,Month-to-month,No,Credit card (automatic),86.4,2132.39,Yes
3614-UHCBS,Female,0,No,No,48,Yes,No,DSL,Yes,No,No,Yes,No,No,Month-to-month,No,Bank transfer (automatic),51.57,2480.55,No
3615-WHQMG,Male,0,No,No,66,Yes,Yes,No,No internet service,No internet service,No internet service,No internet service,No internet service,No internet service,Month-to-month,No,Electronic check,23.97,1610.68,No
3616-ILNNO,Male,0,Yes,No,25,Yes,No,No,No internet service,No internet service,No internet service,No internet service,No internet service,No internet service,Month-to-month,Yes,Credit card (automatic),20.29,439.78,No
3617-COSXT,Male,0,No,Yes,44,Yes,No,DSL,Yes,No,No,No,Yes,No,Month-to-month,Yes,Electronic check,63.03,2767.53,Yes
3618-NHESD,Male,0,Yes,No,5,Yes,Yes,Fiber optic,No,Yes,Yes,Yes,No,No,Month-to-month,Yes,Mailed check,56.4,259.25,Yes
3619-NPTXF,Male,0,Yes,No,31,No,No phone service,Fiber optic,No,No,Yes,No,Yes,Yes,Month-to-month,Yes,Electronic check,77.02,2359.55,No
3620-WYFCO,Male,0,No,No,16,Yes,No,Fiber optic,No,Yes,No,No,No,Yes,Two year,Yes,Credit card (automatic),81.04,1287.73,No
3621-CKCJR,Male,0,Yes,Yes,45,Yes,Yes,Fiber optic,No,No,Yes,Yes,No,Yes,Month-to-month,Yes,Electronic check,64.44,2913.51,Yes
3622-APPJA,Female,1,No,No,52,Yes,No,DSL,Yes,No,Yes,No,Yes,No,Two year,Yes,Bank transfer (automatic),65.14,3397.68,No
3623-DCELY,Male,0,No,No,3,Yes,No,No,No internet service,No internet service,No internet service,No internet service,No internet service,No internet service,Month-to-month,Yes,Credit card (automatic),18.25,71.26,No
3624-LMXLY,Male,0,No,Yes,27,Yes,Yes,DSL,No,No,No,Yes,No,Yes,One year,Yes,Electronic check,55.12,1367.87,No
3625-PMEXD,Female,0,No,No,70,No,No phone service,DSL,No,No,No,No,No,No,Two year,Yes,Bank transfer (automatic),33.64,2371.48,No
3626-UOLSU,Male,0,Yes,No,15,No,No phone service,Fiber optic,Yes,No,No,No,No,No,Two year,Yes,Electronic check,69.39,1069.36,No
3627-SUKUF,Female,0,No,No,38,Yes,Yes,Fiber optic,No,No,Yes,Yes,No,Yes,Two year,Yes,Electronic check,65.29,2422.82,No
3628-IALZN,Male,0,Yes,No,29,Yes,Yes,No,No internet service,No internet service,No internet service,No internet service,No internet service,No internet service,Month-to-month,Yes,Credit card (automatic),23.92,724.38,No
3629-FAVBX,Female,0,Yes,No,56,Yes,Yes,Fiber optic,Yes,No,Yes,Yes,No,No,Month-to-month,No,Electronic check,65.23,3705.21,No
3630-KCJFF,Male,0,No,No,55,Yes,Yes,DSL,Yes,Yes,Yes,Yes,No,Yes,Two year,Yes,Electronic check,62.41,3440.96,No
3631-TUBZZ,Male,0,No,No,38,Yes,No,No,No internet service,No internet service,No internet service,No internet service,No internet service,No internet service,One year,No,Credit card (automatic),23.1,866.27,No
3632-XJWZF,Male,1,Yes,No,41,Yes,Yes,Fiber optic,No,No,No,Yes,No,Yes,Month-to-month,Yes,Electronic check,74.58,3057.58,Yes
3633-WQNEW,Male,0,Yes,Yes,17,Yes,No,No,No internet service,No internet service,No internet service,No internet service,No internet service,No internet service,Month-to-month,Yes,Mailed check,20.39,297.34,No
3634-QBILS,Male,0,No,Yes,21,Yes,No,DSL,Yes,Yes,No,No,No,Yes,One year,Yes,Electronic check,60.42,1248.0,No
3635-VGIUP,Female,0,Yes,Yes,3,Yes,No,DSL,Yes,No,No,No,Yes,No,Two year,Yes,Bank transfer (automatic),54.27,178.42,No
3636-TKLOR,Male,0,No,Yes,2,Yes,No,Fiber optic,No,No,No,No,Yes,Yes,Month-to-month,Yes,Credit card (automatic),78.42,227.82,Yes
3637-SPOEK,Female,0,Yes,No,60,Yes,No,Fiber optic,Yes,No,No,No,No,No,Two year,No,Electronic check,71.17,4310.85,No
3638-ORMDQ,Male,0,Yes,Yes,23,Yes,No,DSL,No,No,Yes,No,No,No,Month-to-month,No,Credit card (automatic),41.07,850.61,Yes
3639-DPWON,Male,0,No,No,51,Yes,No,Fiber optic,Yes,Yes,No,No,Yes,No,One year,Yes,Bank transfer (automatic),78.71,3964.81,No
3640-LCJHF,Male,1,No,No,66,Yes,Yes,DSL,No,Yes,Yes,No,No,Yes,Month-to-month,Yes,Mailed check,59.83,3920.89,No
3641-VNQUS,Female,0,No,No,30,Yes,Yes,DSL,No,Yes,No,No,No,No,Two year,No,Bank transfer (automatic),48.67,1482.96,No
3642-POZOA,Female,0,No,No,52,Yes,No,Fiber optic,Yes,No,No,No,Yes,No,Month-to-month,Yes,Credit card (automatic),81.46,4238.71,No
3643-XWWLJ,Female,0,Yes,No,60,Yes,Yes,No,No internet service,No internet service,No internet service,No internet service,No internet service,No internet service,Month-to-month,Yes,Bank transfer (automatic),18.25,1237.64,No
3644-NJJTK,Female,0,No,No,57,Yes,Yes,DSL,Yes,No,No,No,No,Yes,Two year,No,Mailed check,48.88,2818.86,No
3645-VPION,Female,0,Yes,No,34,Yes,No,Fiber optic,No,Yes,Yes,No,No,No,One year,Yes,Electronic check,65.7,2256.77,No
3646-SIDUG,Male,0,No,No,30,Yes,No,DSL,No,No,No,No,No,No,Month-to-month,No,Mailed check,31.12,962.22,No
3647-VZHXH,Male,0,Yes,No,56,No,No phone service,DSL,No,No,No,Yes,Yes,No,Month-to-month,Yes,Credit card (automatic),49.05,2756.37,No
3648-SOPZV,Female,1,Yes,No,9,Yes,No,Fiber optic,No,No,Yes,No,Yes,No,Month-to-month,Yes,Bank transfer (automatic),67.06,662.37,Yes
3649-WIZZL,Female,0,Yes,No,17,No,No phone service,Fiber optic,No,No,No,No,No,Yes,Month-to-month,Yes,Mailed check,66.67,1122.07,No
3650-PDEHA,Male,0,No,No,55,Yes,Yes,DSL,Yes,No,Yes,No,No,No,One year,Yes,Electronic check,35.42,1892.17,No
3651-FODUK,Male,1,Yes,Yes,35,Yes,Yes,Fiber optic,No,No,Yes,Yes,Yes,Yes,Month-to-month,No,Credit card (automatic),81.76,2884.24,Yes
3652-ERXOR,Female,0,No,No,50,No,No phone service,Fiber optic,No,No,Yes,No,Yes,No,Month-to-month,Yes,Electronic check,70.86,3596.14,Yes
3653-TMEAV,Female,0,Yes,No,60,Yes,No,No,No internet service,No internet service,No internet service,No internet service,No internet service,No internet service,Month-to-month,No,Bank transfer (automatic),19.43,1174.3,No
3654-RNEFX,Male,0,Yes,No,18,Yes,No,No,No internet service,No internet service,No internet service,No internet service,No internet service,No internet service,Month-to-month,Yes,Bank transfer (automatic),24.81,429.67,Yes
3655-YPVUL,Female,0,Yes,No,10,Yes,Yes,DSL,No,Yes,Yes,No,Yes,Yes,Two year,Yes,Electronic check,65.77,786.84,No
3656-TRBWU,Male,0,Yes,No,4,Yes,Yes,Fiber optic,No,Yes,No,Yes,Yes,No,Month-to-month,No,Electronic check,75.84,242.36,Yes
3657-WMQQP,Female,1,No,No,44,Yes,No,Fiber optic,Yes,No,Yes,Yes,No,Yes,Two year,No,Credit card (automatic),78.62,3459.45,No
3658-URHCQ,Female,0,No,Yes,44,No,No phone service,No,No internet service,No internet service,No internet service,No internet service,No internet service,No internet service,One year,Yes,Credit card (automatic),21.03,960.41,No
3659-RZZWF,Male,1,No,No,47,Yes,No,DSL,No,No,No,No,Yes,No,One year,No,Mailed check,48.91,2293.43,No
3660-HWZMH,Male,0,Yes,Yes,13,Yes,Yes,Fiber optic,No,No,Yes,No,No,No,One year,No,Mailed check,58.17,760.87,No
3661-SFWOJ,Female,0,No,Yes,27,Yes,Yes,No,No internet service,No internet service,No internet service,No internet service,No internet service,No internet service,One year,No,Mailed check,18.25,478.43,No
3662-QAGMC,Male,0,Yes,No,8,Yes,No,DSL,Yes,No,No,No,Yes,No,Month-to-month,No,Electronic check,54.69,467.83,Yes
3663-SOEKV,Female,0,No,Yes,58,Yes,Yes,DSL,No,No,No,No,Yes,No,Month-to-month,No,Credit card (automatic),55.44,3226.12,Yes
3664-RCFCE,Female,0,Yes,No,37,Yes,No,Fiber optic,No,No,Yes,No,Yes,Yes,Month-to-month,Yes,Electronic check,82.06,3053.47,Yes
3665-ISMFK,Male,0,No,No,24,Yes,No,No,No internet service,No internet service,No internet service,No internet service,No internet service,No internet service,One year,No,Mailed check,18.25,404.56,No
3666-UUNFF,Male,0,No,No,71,Yes,No,Fiber optic,Yes,No,Yes,No,No,Yes,One year,Yes,Credit card (automatic),79.06,5637.53,No
3667-QKOIU,Male,1,Yes,No,47,No,No phone service,Fiber optic,Yes,Yes,No,No,Yes,Yes,Month-to-month,Yes,Bank transfer (automatic),92.08,4244.4,No
3668-QXGGU,Female,0,Yes,Yes,18,Yes,No,DSL,No,No,No,No,No,No,Month-to-month,No,Electronic check,37.38,703.16,Yes
3669-AYYHE,Male,0,No,No,1,Yes,Yes,Fiber optic,No,No,No,No,No,No,Month-to-month,Yes,Electronic check,66.74,198.18,Yes
3670-SHQSL,Male,0,Yes,No,5,Yes,Yes,Fiber optic,No,No,No,No,Yes,No,Month-to-month,No,Electronic check,63.63,342.15,Yes
3671-WODWL,Male,0,No,No,29,Yes,No,DSL,No,No,Yes,No,No,No,Two year,No,Mailed check,39.89,1155.48,No
3672-MNEVP,Female,0,No,Yes,60,Yes,No,Fiber optic,No,Yes,No,No,No,Yes,Two year,Yes,Mailed check,70.86,4282.52,No
3673-GOMZP,Male,0,No,No,1,Yes,No,Fiber optic,No,No,No,Yes,Yes,Yes,Month-to-month,No,Mailed check,85.22,88.75,No
3674-LGPWW,Male,1,No,Yes,50,No,No phone service,DSL,No,No,No,No,No,Yes,Two year,Yes,Electronic check,44.1,2288.94,No
3675-MWCOC,Male,0,Yes,No,12,Yes,No,Fiber optic,No,No,Yes,No,Yes,No,Month-to-month,Yes,Electronic check,65.4,846.33,No
3676-GRNRS,Male,0,Yes,No,48,Yes,No,Fiber optic,No,No,No,No,Yes,No,One year,Yes,Bank transfer (automatic),81.0,3878.44,Yes
3677-NTFHZ,Female,1,Yes,No,7,Yes,Yes,Fiber optic,No,Yes,No,No,No,Yes,Month-to-month,Yes,Electronic check,75.39,480.7,Yes
3678-ZGTRR,Female,1,No,No,8,Yes,No,No,No internet service,No internet service,No internet service,No internet service,No internet service,No internet service,One year,Yes,Bank transfer (automatic),23.71,200.7,No
3679-OTVSV,Female,1,No,Yes,22,Yes,No,DSL,No,No,No,Yes,Yes,No,One year,Yes,Electronic check,50.08,1112.67,No
3680-UUBHU,Female,0,No,No,71,Yes,Yes,DSL,No,Yes,Yes,No,No,No,Month-to-month,No,Mailed check,43.36,3099.07,No
3681-KRWMI,Male,0,No,No,72,No,No phone service,Fiber optic,No,No,No,Yes,Yes,No,Month-to-month,Yes,Electronic check,73.46,5343.73,Yes
3682-IQGIV,Female,0,No,Yes,15,Yes,No,DSL,No,Yes,Yes,No,No,Yes,Month-to-month,Yes,Electronic check,54.9,915.03,Yes
3683-ABDND,Male,0,No,No,15,Yes,No,No,No internet service,No internet service,No internet service,No internet service,No internet service,No internet service,Two year,Yes,Electronic check,18.25,255.72,No
3684-BHRSN,Female,1,Yes,No,11,Yes,No,Fiber optic,No,Yes,No,No,No,No,Month-to-month,No,Mailed check,69.27,693.38,Yes
3685-TYJQH,Male,0,No,No,10,No,No phone service,DSL,No,No,No,Yes,Yes,No,Two year,No,Mailed check,55.56,504.26,No
3686-NUWHE,Male,0,No,No,12,Yes,Yes,Fiber optic,Yes,No,No,Yes,No,Yes,Month-to-month,Yes,Credit card (automatic),78.67,910.02,Yes
3687-PHJHI,Male,0,Yes,No,34,Yes,Yes,DSL,No,No,Yes,No,No,No,One year,Yes,Bank transfer (automatic),43.82,1543.24,No
3688-RCQTO,Female,0,Yes,No,42,Yes,No,DSL,No,Yes,Yes,No,Yes,No,Month-to-month,Yes,Electronic check,56.44,2279.81,No
3689-UQHBQ,Female,0,Yes,Yes,29,Yes,Yes,Fiber optic,No,No,No,Yes,No,Yes,Month-to-month,Yes,Mailed check,73.85,2149.03,No
3690-REIIB,Female,0,No,Yes,59,Yes,No,Fiber optic,No,No,Yes,No,No,Yes,Two year,Yes,Electronic check,65.84,3823.89,No
3691-BSWCQ,Male,1,No,No,66,Yes,Yes,Fiber optic,No,No,No,Yes,No,No,Month-to-month,Yes,Bank transfer (automatic),62.1,4089.43,Yes
3692-NNNFC,Female,0,Yes,Yes,28,Yes,Yes,Fiber optic,Yes,No,No,Yes,Yes,Yes,Two year,Yes,Bank transfer (automatic),85.47,2369.28,No
3693-APDAQ,Male,0,No,No,24,Yes,Yes,No,No internet service,No internet service,No internet service,No internet service,No internet service,No internet service,Month-to-month,Yes,Bank transfer (automatic),18.25,350.5,No
3694-RZHBR,Female,0,Yes,No,65,Yes,No,DSL,Yes,Yes,Yes,Yes,No,No,One year,No,Electronic check,59.11,3871.89,No
3695-PZJHL,Female,0,No,No,4,Yes,Yes,No,No internet service,No internet service,No internet service,No internet service,No internet service,No internet service,Month-to-month,Yes,Mailed check,21.52,38.38,No
3696-VPLKT,Female,0,No,No,4,Yes,No,DSL,No,Yes,No,Yes,No,Yes,One year,Yes,Credit card (automatic),50.74,216.35,No
3697-SACLI,Female,1,No,No,48,Yes,No,DSL,No,Yes,No,No,Yes,No,Two year,Yes,Electronic check,54.46,2707.62,No
3698-UVEAJ,Female,0,Yes,Yes,25,No,No phone service,Fiber optic,No,No,No,No,Yes,No,Month-to-month,Yes,Electronic check,71.46,1738.6,No
3699-QDOSH,Male,0,No,No,70,Yes,No,No,No internet service,No internet service,No internet service,No internet service,No internet service,No internet service,Two year,Yes,Electronic check,25.72,1829.16,No
3700-WOGOH,Female,0,Yes,No,29,Yes,No,DSL,No,Yes,Yes,No,Yes,No,One year,No,Electronic check,58.15,1649.29,No
3701-ZWJRD,Female,0,Yes,Yes,27,Yes,No,Fiber optic,No,No,Yes,Yes,No,Yes,Month-to-month,Yes,Electronic check,71.67,1857.04,Yes
3702-OKVCO,Female,0,Yes,No,13,Yes,Yes,Fiber optic,No,No,Yes,Yes,No,Yes,Two year,Yes,Electronic check,72.37,1021.54,No
3703-COFAN,Male,0,No,Yes,17,Yes,No,Fiber optic,No,No,Yes,Yes,No,No,Month-to-month,Yes,Mailed check,59.56,1021.4,Yes
3704-PAUQZ,Female,0,No,No,56,Yes,Yes,DSL,No,No,No,No,Yes,No,Two year,Yes,Bank transfer (automatic),49.92,2814.5,No
3705-HRPFJ,Female,0,No,No,24,Yes,No,Fiber optic,Yes,Yes,No,No,Yes,No,Month-to-month,No,Electronic check,86.37,2002.51,No
3706-JEZLT,Male,0,No,No,69,Yes,Yes,DSL,No,Yes,No,Yes,Yes,No,One year,Yes,Credit card (automatic),65.82,4506.44,No
3707-QNNCL,Female,0,Yes,Yes,4,Yes,No,DSL,No,Yes,No,Yes,Yes,Yes,One year,No,Electronic check,74.39,274.01,Yes
3708-TRLBB,Male,0,Yes,Yes,52,Yes,No,Fiber optic,No,Yes,No,Yes,No,No,Month-to-month,No,Credit card (automatic),59.57,3094.49,Yes
3709-QJRVS,Male,0,No,No,38,Yes,No,Fiber optic,No,No,No,No,Yes,Yes,Two year,Yes,Electronic check,76.43,2947.37,No
3710-ZUAXD,Female,0,Yes,No,56,Yes,No,No,No internet service,No internet service,No internet service,No internet service,No internet service,No internet service,Month-to-month,No,Electronic check,18.25,1046.11,No
3711-YDBSU,Male,0,No,No,10,Yes,No,DSL,No,Yes,Yes,No,No,Yes,Two year,No,Credit card (automatic),57.05,547.61,No
3712-LJMVW,Female,0,No,No,68,Yes,Yes,Fiber optic,No,No,No,Yes,No,No,One year,No,Mailed check,53.61,3605.94,No
3713-TWOZC,Male,0,Yes,No,24,Yes,No,DSL,No,No,Yes,No,Yes,Yes,Month-to-month,Yes,Mailed check,57.28,1355.34,Yes
3714-WTMHY,Female,0,No,No,29,Yes,No,Fiber optic,No,No,No,Yes,No,No,Month-to-month,No,Bank transfer (automatic),62.21,1795.14,No
3715-GXHRI,Male,0,Yes,No,1,Yes,No,Fiber optic,Yes,No,No,No,Yes,Yes,Two year,Yes,Bank transfer (automatic),80.65,56.94,No
3716-FDOEZ,Male,1,Yes,Yes,35,Yes,Yes,Fiber optic,No,No,No,Yes,No,No,Month-to-month,Yes,Credit card (automatic),62.26,2167.91,Yes
3717-EGIGI,Male,0,No,Yes,36,No,No phone service,Fiber optic,No,No,No,No,No,No,One year,No,Credit card (automatic),64.88,2392.91,No
3718-TJZDF,Female,0,No,Yes,1,Yes,Yes,Fiber optic,No,No,Yes,No,No,No,Month-to-month,Yes,Bank transfer (automatic),65.59,38.43,Yes
3719-XNIAQ,Male,0,No,No,46,Yes,No,Fiber optic,No,No,Yes,No,Yes,Yes,Month-to-month,No,Electronic check,82.02,3729.22,Yes
3720-MXGIK,Female,0,Yes,Yes,58,Yes,Yes,Fiber optic,No,No,No,No,No,No,Two year,Yes,Electronic check,64.35,3750.15,No
3721-CZLUC,Female,0,No,Yes,3,Yes,No,No,No internet service,No internet service,No internet service,No internet service,No internet service,No internet service,Month-to-month,No,Electronic check,18.25,18.8,Yes
3722-OUJAN,Male,0,Yes,No,66,Yes,No,DSL,No,No,Yes,Yes,No,Yes,One year,Yes,Electronic check,53.05,3490.09,No
3723-TFBWH,Female,0,Yes,No,45,Yes,No,DSL,Yes,No,No,No,No,Yes,Month-to-month,Yes,Electronic check,64.22,2825.82,Yes
3724-ADDET,Female,0,No,No,35,Yes,Yes,Fiber optic,No,No,No,No,Yes,Yes,Month-to-month,Yes,Electronic check,72.35,2536.72,No
3725-IWMRQ,Male,0,Yes,No,64,Yes,Yes,Fiber optic,No,No,No,Yes,No,Yes,Two year,Yes,Electronic check,74.61,4761.66,No
3726-YAVOB,Female,0,No,No,55,Yes,Yes,Fiber optic,Yes,Yes,No,Yes,Yes,No,Month-to-month,Yes,Bank transfer (automatic),82.27,4479.8,No
3727-PTVEV,Female,0,No,No,34,Yes,No,DSL,No,No,Yes,No,Yes,Yes,One year,Yes,Electronic check,66.84,2244.32,No
3728-SEBGC,Male,0,Yes,No,22,Yes,Yes,No,No internet service,No internet service,No internet service,No internet service,No internet service,No internet service,Month-to-month,Yes,Credit card (automatic),18.25,385.88,No
3729-QXXCM,Male,0,No,No,43,Yes,No,Fiber optic,No,No,No,Yes,Yes,Yes,Month-to-month,No,Credit card (automatic),75.56,3342.29,No
3730-GYXCO,Male,0,Yes,Yes,0,Yes,No,Fiber optic,Yes,No,No,No,No,No,Month-to-month,No,Bank transfer (automatic),72.11,18.8,Yes
3731-RJWGI,Male,0,No,No,65,No,No phone service,Fiber optic,No,No,No,No,No,No,Two year,Yes,Electronic check,51.19,3420.14,No
3732-ETHND,Female,0,Yes,No,11,Yes,No,Fiber optic,No,No,Yes,Yes,No,Yes,Month-to-month,Yes,Credit card (automatic),61.27,689.18,Yes
3733-TNLBM,Female,0,Yes,No,12,Yes,No,No,No internet service,No internet service,No internet service,No internet service,No internet service,No internet service,One year,No,Bank transfer (automatic),24.88,240.51,No
3734-ATGYI,Female,0,No,No,26,Yes,No,Fiber optic,No,No,No,No,No,Yes,Month-to-month,Yes,Mailed check,58.36,1528.02,Yes
3735-ZQUWM,Male,0,No,Yes,19,Yes,No,DSL,No,Yes,Yes,No,No,Yes,Two year,Yes,Mailed check,57.0,1097.15,No
3736-WJPFP,Female,0,No,No,5,Yes,Yes,No,No internet service,No internet service,No internet service,No internet service,No internet service,No internet service,Two year,No,Electronic check,18.25,147.67,No
3737-KZTCI,Male,1,Yes,Yes,7,Yes,No,Fiber optic,No,Yes,No,Yes,No,No,One year,Yes,Credit card (automatic),66.53,450.65,No
3738-OMJTX,Female,0,Yes,No,20,Yes,No,DSL,Yes,No,No,Yes,Yes,Yes,Two year,No,Mailed check,64.25,1338.71,No
3739-MQGFM,Male,1,No,No,20,Yes,No,Fiber optic,Yes,No,No,Yes,Yes,No,One year,No,Electronic check,85.07,1749.01,Yes
3740-QODON,Female,1,No,No,44,Yes,Yes,DSL,Yes,No,No,No,No,No,Two year,No,Electronic check,38.81,1650.71,No
3741-UKXDC,Female,0,Yes,No,69,Yes,Yes,Fiber optic,Yes,Yes,No,No,Yes,No,Two year,No,Electronic check,78.3,5347.51,No
3742-BTJMT,Male,0,Yes,Yes,43,Yes,No,No,No internet service,No internet service,No internet service,No internet service,No internet service,No internet service,Two year,No,Credit card (automatic),21.57,841.83,No
3743-ZUWYR,Female,0,Yes,No,58,No,No phone service,Fiber optic,No,Yes,No,Yes,No,No,Month-to-month,Yes,Mailed check,57.4,3375.16,Yes
3744-UPKJI,Female,0,Yes,No,29,Yes,No,Fiber optic,No,No,No,Yes,No,Yes,Two year,No,Credit card (automatic),65.36,1830.45,Yes
3745-LSARN,Female,0,No,No,9,Yes,Yes,No,No internet service,No internet service,No internet service,No internet service,No internet service,No internet service,Month-to-month,No,Electronic check,27.19,302.86,Yes
3746-VUAQK,Female,0,Yes,No,0,Yes,No,No,No internet service,No internet service,No internet service,No internet service,No internet service,No internet service,Month-to-month,Yes,Credit card (automatic),19.7,68.48,No
3747-TODOV,Male,0,Yes,Yes,9,Yes,No,Fiber optic,No,No,No,No,No,Yes,Month-to-month,No,Credit card (automatic),65.63,698.92,Yes
3748-VZNVA,Female,0,Yes,No,24,No,No phone service,Fiber optic,No,No,No,Yes,Yes,Yes,One year,No,Bank transfer (automatic),81.46,1986.37,No
3749-ZIGWK,Male,0,Yes,No,13,Yes,No,No,No internet service,No internet service,No internet service,No internet service,No internet service,No internet service,Month-to-month,Yes,Bank transfer (automatic),18.25,275.58,No
3750-WBBFW,Male,0,Yes,No,2,Yes,Yes,DSL,No,No,Yes,Yes,No,No,Month-to-month,No,Electronic check,38.5,75.22,Yes
3751-STNCG,Male,0,No,Yes,67,Yes,No,DSL,Yes,No,Yes,No,No,Yes,One year,No,Electronic check,62.57,4118.03,No
3752-GDWEQ,Female,1,No,No,39,Yes,No,Fiber optic,Yes,Yes,Yes,No,No,Yes,Month-to-month,Yes,Electronic check,81.55,3122.55,No
3753-ZDWMP,Male,1,Yes,No,32,Yes,No,DSL,Yes,Yes,Yes,Yes,No,No,Month-to-month,Yes,Credit card (automatic),54.97,1731.91,No
3754-PBRAR,Male,0,No,Yes,6,Yes,Yes,DSL,No,No,Yes,No,Yes,No,One year,Yes,Mailed check,51.55,338.16,Yes
3755-ZHKXX,Male,0,No,Yes,2,Yes,No,Fiber optic,No,No,Yes,No,Yes,No,One year,Yes,Bank transfer (automatic),66.79,110.98,Yes
3756-OPQQL,Female,1,Yes,Yes,36,Yes,No,DSL,No,No,No,No,Yes,Yes,Two year,No,Electronic check,60.21,2140.07,No
3757-JTFHM,Female,0,Yes,No,25,Yes,No,Fiber optic,Yes,No,Yes,No,No,No,Two year,Yes,Electronic check,71.46,1873.54,Yes
3758-BSVJD,Male,1,Yes,No,24,Yes,Yes,Fiber optic,Yes,No,No,No,No,Yes,Month-to-month,No,Mailed check,70.42,1653.73,Yes
3759-LRGTX,Male,0,No,Yes,39,Yes,No,DSL,No,Yes,No,No,No,No,Month-to-month,Yes,Electronic check,43.87,1651.88,No
3760-XWZYD,Female,0,No,No,42,Yes,Yes,Fiber optic,No,No,Yes,No,No,No,One year,No,Bank transfer (automatic),60.64,2595.35,No
3761-GJZOL,Male,0,Yes,Yes,43,Yes,Yes,Fiber optic,No,Yes,No,No,No,Yes,Month-to-month,Yes,Bank transfer (automatic),68.51,2996.07,Yes
3762-ATRYP,Female,0,No,No,70,Yes,Yes,No,No internet service,No internet service,No internet service,No internet service,No internet service,No internet service,Two year,Yes,Bank transfer (automatic),23.84,1720.09,No
3763-ESDFZ,Male,0,No,No,28,Yes,No,Fiber optic,No,Yes,No,No,No,No,Month-to-month,Yes,Mailed check,67.08,1848.6,No
3764-QGXWG,Female,0,Yes,No,56,Yes,Yes,DSL,No,No,No,No,No,No,One year,Yes,Credit card (automatic),32.26,1778.16,No
3765-IMTNP,Female,0,No,No,8,Yes,No,DSL,No,No,Yes,No,No,No,One year,Yes,Electronic check,37.46,374.94,No
3766-WIOER,Female,0,Yes,Yes,21,Yes,No,No,No internet service,No internet service,No internet service,No internet service,No internet service,No internet service,Two year,Yes,Bank transfer (automatic),18.25,366.71,No
3767-UTHOU,Male,0,No,Yes,69,No,No phone service,Fiber optic,No,No,Yes,Yes,Yes,No,Two year,No,Electronic check,69.44,4801.5,No
3768-YISZV,Male,0,Yes,No,5,Yes,No,No,No internet service,No internet service,No internet service,No internet service,No internet service,No internet service,Two year,Yes,Bank transfer (automatic),18.55,169.02,No
3769-FDKJC,Female,0,No,Yes,26,Yes,No,No,No internet service,No internet service,No internet service,No internet service,No internet service,No internet service,Two year,No,Credit card (automatic),18.25,440.07,No
3770-ALWOO,Female,0,Yes,No,51,Yes,No,DSL,Yes,No,No,No,No,Yes,Month-to-month,No,Electronic check,52.25,2632.25,Yes
3771-UNZGQ,Male,0,No,No,69,Yes,Yes,No,No internet service,No internet service,No internet service,No internet service,No internet service,No internet service,Month-to-month,Yes,Credit card (automatic),18.25,1245.13,Yes
3772-XSGCC,Female,0,Yes,No,48,Yes,Yes,DSL,Yes,Yes,No,No,Yes,No,Month-to-month,No,Electronic check,59.32,2863.89,Yes
3773-ZYRTV,Male,0,No,Yes,22,Yes,No,Fiber optic,No,Yes,No,No,Yes,No,Two year,Yes,Credit card (automatic),77.91,1656.72,No
3774-NCZZG,Female,0,Yes,No,20,Yes,No,Fiber optic,Yes,No,Yes,No,Yes,Yes,One year,No,Electronic check,87.4,1688.27,No
3775-GECRO,Female,0,Yes,No,7,Yes,No,DSL,No,No,Yes,No,No,Yes,One year,Yes,Electronic check,47.9,312.44,Yes
3776-TNDXH,Male,1,Yes,No,53,Yes,No,DSL,No,Yes,No,No,No,Yes,Month-to-month,Yes,Bank transfer (automatic),45.98,2471.3,Yes
3777-UMVHO,Male,0,Yes,No,13,Yes,No,Fiber optic,No,No,Yes,No,No,No,Month-to-month,Yes,Credit card (automatic),60.99,814.83,Yes
3778-QETDK,Female,0,No,No,30,Yes,No,Fiber optic,Yes,No,No,Yes,Yes,No,Month-to-month,Yes,Electronic check,74.69,2223.5,No
3779-RJQOF,Male,0,No,No,50,Yes,Yes,DSL,No,Yes,Yes,Yes,No,No,One year,No,Credit card (automatic),42.61,2157.72,No
3780-WUPOH,Female,0,No,No,61,Yes,No,Fiber optic,Yes,No,Yes,No,Yes,Yes,Month-to-month,Yes,Electronic check,88.64,5348.0,Yes
3781-IKBMD,Male,0,No,No,17,Yes,No,Fiber optic,No,No,Yes,Yes,Yes,No,One year,Yes,Credit card (automatic),75.49,1286.6,Yes
3782-IESVC,Female,0,Yes,No,46,Yes,Yes,Fiber optic,No,No,No,Yes,Yes,No,Month-to-month,Yes,Credit card (automatic),77.57,3567.42,No
3783-UCFJE,Male,1,Yes,Yes,51,Yes,Yes,Fiber optic,Yes,No,No,No,No,Yes,Month-to-month,Yes,Bank transfer (automatic),84.12,4356.28,No
3784-YCVXG,Male,0,No,Yes,36,Yes,Yes,No,No internet service,No internet service,No internet service,No internet service,No internet service,No internet service,Month-to-month,Yes,Credit card (automatic),19.25,712.04,No
3785-VRWHA,Female,0,No,Yes,29,Yes,No,No,No internet service,No internet service,No internet service,No internet service,No internet service,No internet service,Two year,Yes,Electronic check,30.61,787.66,No
3786-YDXZG,Female,0,No,Yes,29,Yes,No,No,No internet service,No internet service,No internet service,No internet service,No internet service,No internet service,One year,Yes,Credit card (automatic),18.25,466.18,No
3787-NMJWR,Female,0,Yes,No,47,Yes,Yes,DSL,No,Yes,Yes,No,No,No,One year,Yes,Mailed check,45.33,2149.75,No
3788-ADPPR,Female,0,Yes,No,38,Yes,No,Fiber optic,No,No,Yes,Yes,No,Yes,One year,Yes,Electronic check,78.6,2889.81,No
3789-HJPWX,Female,0,Yes,No,26,Yes,No,Fiber optic,No,Yes,No,No,No,No,Month-to-month,Yes,Electronic check,60.48,1569.64,Yes
3790-KFALY,Female,0,Yes,No,15,Yes,No,No,No internet service,No internet service,No internet service,No internet service,No internet service,No internet service,Month-to-month,Yes,Bank transfer (automatic),22.76,314.58,No
3791-FMZQA,Male,0,No,No,31,Yes,No,Fiber optic,No,No,No,No,No,No,Two year,Yes,Electronic check,65.94,2041.86,No
3792-HVHXK,Female,0,Yes,No,28,Yes,Yes,Fiber optic,No,Yes,No,Yes,No,Yes,Two year,No,Electronic check,73.16,2015.48,No
3793-NXJOG,Female,0,No,No,51,Yes,No,Fiber optic,No,No,Yes,No,No,Yes,Month-to-month,Yes,Mailed check,69.02,3564.85,Yes
3794-GJDYR,Female,0,No,No,14,Yes,Yes,DSL,No,No,Yes,No,No,Yes,Month-to-month,Yes,Electronic check,56.89,777.08,Yes
3795-YJSNM,Female,0,No,No,43,Yes,No,Fiber optic,Yes,Yes,Yes,No,Yes,Yes,Month-to-month,Yes,Credit card (automatic),89.55,3873.61,No
3796-OPBDU,Male,0,No,No,22,No,No phone service,DSL,No,Yes,Yes,Yes,Yes,Yes,Month-to-month,Yes,Electronic check,63.29,1414.27,No
3797-RQJUI,Female,0,Yes,No,47,Yes,Yes,DSL,Yes,No,Yes,Yes,No,Yes,One year,Yes,Mailed check,49.48,2264.45,No
3798-OLUZI,Female,1,No,No,22,Yes,No,DSL,Yes,No,Yes,No,No,No,Month-to-month,No,Mailed check,42.08,939.96,Yes
3799-NMZFS,Male,0,Yes,No,70,Yes,Yes,DSL,No,Yes,No,No,Yes,Yes,Two year,Yes,Mailed check,63.05,4384.98,No
3800-DTQSC,Male,0,No,No,13,No,No phone service,DSL,Yes,No,No,No,Yes,Yes,Month-to-month,No,Electronic check,61.06,813.46,No
3801-NQMIA,Female,0,Yes,No,72,Yes,No,Fiber optic,Yes,Yes,Yes,Yes,Yes,No,Month-to-month,No,Credit card (automatic),87.89,6273.57,Yes
3802-YQPRB,Male,0,Yes,Yes,53,Yes,No,No,No internet service,No internet service,No internet service,No internet service,No internet service,No internet service,Two year,No,Bank transfer (automatic),18.25,951.64,No
3803-NVWQC,Female,0,Yes,Yes,69,Yes,Yes,Fiber optic,Yes,Yes,No,No,Yes,Yes,One year,No,Bank transfer (automatic),98.85,6840.14,No
3804-BHYBB,Male,0,Yes,Yes,42,Yes,Yes,DSL,No,No,No,Yes,No,No,Month-to-month,Yes,Credit card (automatic),49.51,2095.63,Yes
3805-ZITUY,Male,0,No,Yes,44,Yes,Yes,DSL,No,Yes,Yes,Yes,No,Yes,Month-to-month,Yes,Credit card (automatic),60.55,2618.28,Yes
3806-FZLYI,Male,0,No,No,21,No,No phone service,Fiber optic,Yes,No,Yes,Yes,Yes,No,Month-to-month,Yes,Bank transfer (automatic),73.37,1554.98,Yes
3807-GLZYE,Male,0,No,Yes,60,Yes,No,No,No internet service,No internet service,No internet service,No internet service,No internet service,No internet service,Two year,Yes,Bank transfer (automatic),18.25,1115.48,No
3808-PELXZ,Male,0,No,No,17,Yes,Yes,DSL,No,No,No,No,No,Yes,Month-to-month,Yes,Electronic check,53.13,832.57,Yes
3809-TIWGS,Female,0,No,Yes,43,Yes,No,Fiber optic,No,No,Yes,No,Yes,No,Two year,Yes,Electronic check,70.2,2934.43,No
3810-TWKUL,Female,0,Yes,No,72,No,No phone service,Fiber optic,Yes,No,No,No,No,No,Month-to-month,No,Bank transfer (automatic),66.01,4782.74,Yes
3811-CQGVJ,Male,0,No,Yes,17,Yes,No,No,No internet service,No internet service,No internet service,No internet service,No internet service,No internet service,Two year,No,Electronic check,26.38,389.4,No
3812-WOBMD,Male,0,No,No,56,Yes,No,Fiber optic,No,No,No,No,Yes,Yes,Two year,Yes,Mailed check,73.76,4135.47,No
3813-RXWAB,Male,0,No,No,14,Yes,No,No,No internet service,No internet service,No internet service,No internet service,No internet service,No internet service,Month-to-month,Yes,Electronic check,19.65,266.95,No
3814-BDCQN,Female,0,No,No,72,Yes,Yes,DSL,Yes,Yes,No,No,No,No,Month-to-month,No,Electronic check,49.75,3555.86,No
3815-BPKYM,Female,0,Yes,No,57,Yes,Yes,DSL,Yes,No,No,Yes,No,Yes,Two year,No,Mailed check,55.66,3250.74,No
3816-AYWBB,Female,0,Yes,Yes,1,Yes,No,Fiber optic,No,No,No,Yes,Yes,No,One year,Yes,Electronic check,74.55,22.93,Yes
3817-UEDLZ,Male,0,No,No,13,No,No phone service,Fiber optic,No,Yes,No,No,Yes,No,Two year,No,Credit card (automatic),86.99,1089.87,Yes
3818-ZCTJT,Female,0,No,No,20,Yes,Yes,No,No internet service,No internet service,No internet service,No internet service,No internet service,No internet service,One year,Yes,Electronic check,19.0,412.63,No
3819-RUUUJ,Male,1,No,No,42,Yes,No,Fiber optic,No,No,No,No,No,Yes,Month-to-month,Yes,Bank transfer (automatic),73.4,3098.55,Yes
3820-AFKBG,Male,0,No,Yes,44,Yes,Yes,DSL,Yes,Yes,No,Yes,No,No,Two year,Yes,Mailed check,45.25,1997.74,No
3821-TUUUR,Male,0,Yes,Yes,33,Yes,No,Fiber optic,No,No,No,No,Yes,No,Two year,Yes,Electronic check,70.57,2342.77,Yes
3822-USDMR,Male,0,Yes,No,70,Yes,No,Fiber optic,Yes,Yes,Yes,Yes,No,No,One year,Yes,Mailed check,77.11,5368.96,No
3823-TYXMS,Female,0,Yes,No,11,No,No phone service,No,No internet service,No internet service,No internet service,No internet service,No internet service,No internet service,One year,Yes,Mailed check,21.42,182.53,No
3824-QAFST,Female,0,No,Yes,6,Yes,No,No,No internet service,No internet service,No internet service,No internet service,No internet service,No internet service,Month-to-month,Yes,Electronic check,29.03,252.36,No
3825-AHQUV,Male,0,Yes,No,68,Yes,No,DSL,Yes,Yes,No,No,Yes,No,Two year,Yes,Credit card (automatic),56.97,3817.12,No
3826-ORGPG,Male,1,No,Yes,27,Yes,No,Fiber optic,Yes,Yes,No,Yes,No,Yes,Month-to-month,Yes,Mailed check,81.12,2090.81,Yes
3827-QDLMD,Male,0,No,Yes,24,Yes,Yes,DSL,No,No,Yes,No,Yes,Yes,One year,No,Mailed check,53.18,1239.87,No
3828-UAAGI,Male,0,No,No,65,No,No phone service,DSL,No,Yes,No,No,No,No,Month-to-month,No,Electronic check,50.47,3320.92,No
3829-APRVO,Male,0,Yes,No,50,No,No phone service,DSL,Yes,No,Yes,Yes,No,No,One year,Yes,Electronic check,39.47,1872.64,No
3830-FBIDM,Male,0,Yes,No,72,Yes,Yes,Fiber optic,No,No,No,Yes,Yes,Yes,Month-to-month,Yes,Electronic check,80.58,5759.51,Yes
3831-WVKMK,Female,0,No,No,33,No,No phone service,No,No internet service,No internet service,No internet service,No internet service,No internet service,No internet service,Month-to-month,Yes,Credit card (automatic),29.9,1032.14,Yes
3832-SHGYP,Female,0,No,No,45,Yes,Yes,DSL,Yes,No,No,Yes,Yes,Yes,Month-to-month,No,Credit card (automatic),67.94,2994.27,No
3833-CQROQ,Female,1,No,No,46,Yes,No,No,No internet service,No internet service,No internet service,No internet service,No internet service,No internet service,Month-to-month,No,Electronic check,18.25,848.53,Yes
3834-KEPOJ,Male,0,No,Yes,31,Yes,Yes,DSL,No,No,No,No,No,No,Month-to-month,No,Mailed check,29.15,903.83,No
3835-NBPSH,Female,0,Yes,No,11,Yes,Yes,Fiber optic,No,No,No,No,No,Yes,Month-to-month,No,Electronic check,64.55,713.06,Yes
3836-OJETP,Female,0,Yes,No,18,Yes,No,Fiber optic,No,Yes,No,No,No,No,One year,No,Bank transfer (automatic),67.35,1243.16,No
3837-UZVLW,Female,1,Yes,Yes,46,Yes,No,Fiber optic,No,Yes,No,Yes,No,No,Month-to-month,Yes,Electronic check,69.23,3121.47,Yes
3838-MIQTL,Female,0,No,No,37,Yes,No,DSL,No,Yes,No,No,No,No,Month-to-month,Yes,Credit card (automatic),44.69,1699.15,Yes
3839-YEXLA,Female,1,Yes,No,9,Yes,No,No,No internet service,No internet service,No internet service,No internet service,No internet service,No internet service,Two year,No,Electronic check,18.25,104.27,No
3840-TPLIM,Male,0,No,No,9,No,No phone service,Fiber optic,No,No,No,No,No,Yes,Month-to-month,Yes,Electronic check,68.44,591.84,Yes
3841-QQDNS,Male,0,No,No,40,Yes,No,No,No internet service,No internet service,No internet service,No internet service,No internet service,No internet service,Month-to-month,No,Credit card (automatic),18.69,729.93,No
3842-GCALO,Male,0,Yes,Yes,54,Yes,Yes,No,No internet service,No internet service,No internet service,No internet service,No internet service,No internet service,Month-to-month,No,Electronic check,25.83,1415.91,No
3843-KJBZD,Female,0,No,Yes,70,No,No phone service,No,No internet service,No internet service,No internet service,No internet service,No internet service,No internet service,Month-to-month,Yes,Credit card (automatic),24.4,1629.28,No
3844-QQHWN,Male,0,No,No,42,No,No phone service,Fiber optic,No,No,No,Yes,No,No,Two year,No,Electronic check,61.5,2663.92,No
3845-XDFSX,Female,0,No,Yes,37,Yes,Yes,No,No internet service,No internet service,No internet service,No internet service,No internet service,No internet service,Month-to-month,Yes,Bank transfer (automatic),25.29,921.62,Yes
3846-DCTFW,Male,0,Yes,Yes,26,Yes,Yes,No,No internet service,No internet service,No internet service,No internet service,No internet service,No internet service,One year,Yes,Electronic check,21.89,608.68,No
3847-GNLPT,Female,0,Yes,Yes,31,No,No phone service,DSL,No,Yes,No,No,No,Yes,Month-to-month,No,Electronic check,60.41,1811.18,Yes
3848-HWBMH,Female,0,Yes,No,70,Yes,No,No,No internet service,No internet service,No internet service,No internet service,No internet service,No internet service,Month-to-month,Yes,Credit card (automatic),22.59,1554.73,No
3849-YUTPD,Male,1,Yes,Yes,47,Yes,Yes,Fiber optic,No,Yes,No,Yes,No,No,One year,Yes,Bank transfer (automatic),66.91,3031.62,No
3850-PTFDP,Male,0,Yes,Yes,25,Yes,No,Fiber optic,No,No,No,Yes,No,Yes,One year,Yes,Electronic check,69.83,1787.57,No
3851-WWUME,Female,0,No,Yes,57,Yes,Yes,DSL,No,Yes,Yes,No,No,Yes,Month-to-month,No,Credit card (automatic),64.65,3633.87,No
3852-OZHGN,Female,0,Yes,No,23,Yes,No,DSL,No,No,No,No,No,Yes,Month-to-month,No,Mailed check,52.26,1143.91,Yes
3853-GVGWZ,Male,0,No,No,53,Yes,Yes,Fiber optic,No,Yes,No,No,No,Yes,Two year,No,Credit card (automatic),73.17,3905.04,No
3854-RJRNJ,Male,0,No,Yes,45,Yes,No,DSL,Yes,No,Yes,Yes,No,No,Month-to-month,Yes,Credit card (automatic),38.58,1579.52,Yes
3855-GZGGE,Female,0,Yes,No,57,Yes,Yes,DSL,No,No,Yes,No,No,No,One year,No,Mailed check,46.46,2637.04,No
3856-ANRMY,Male,1,No,No,31,Yes,Yes,DSL,No,No,No,Yes,Yes,Yes,One year,No,Mailed check,59.33,1928.35,No
3857-HHJQF,Male,0,No,No,15,Yes,Yes,No,No internet service,No internet service,No internet service,No internet service,No internet service,No internet service,Month-to-month,Yes,Mailed check,21.18,267.38,Yes
3858-OOYPH,Male,0,No,Yes,69,Yes,No,Fiber optic,No,Yes,No,No,No,No,Month-to-month,No,Bank transfer (automatic),72.59,4964.18,Yes
3859-STOCF,Male,0,Yes,No,64,No,No phone service,Fiber optic,No,No,Yes,No,No,No,Month-to-month,No,Electronic check,62.65,4056.08,Yes
3860-YHPOM,Female,0,No,No,12,Yes,No,No,No internet service,No internet service,No internet service,No internet service,No internet service,No internet service,Two year,Yes,Electronic check,22.6,211.67,No
3861-ZTORM,Female,1,Yes,Yes,5,Yes,No,DSL,No,No,No,No,No,Yes,Two year,No,Electronic check,52.32,332.8,No
3862-XHNKF,Female,0,No,Yes,11,Yes,Yes,DSL,Yes,No,No,No,Yes,No,Month-to-month,Yes,Mailed check,55.84,668.85,No
3863-XYAYB,Male,0,No,Yes,8,Yes,No,DSL,Yes,No,No,Yes,Yes,Yes,Month-to-month,Yes,Bank transfer (automatic),63.09,530.69,No
3864-MAXXD,Female,0,Yes,No,58,Yes,No,No,No internet service,No internet service,No internet service,No internet service,No internet service,No internet service,Month-to-month,Yes,Electronic check,22.41,1251.43,No
3865-XWBUZ,Female,0,Yes,No,66,Yes,No,Fiber optic,No,Yes,No,No,Yes,Yes,Two year,Yes,Electronic check,80.75,5324.59,Yes
3866-TPCQE,Male,0,No,Yes,23,Yes,No,Fiber optic,Yes,No,No,No,No,No,Month-to-month,No,Mailed check,63.24,1440.82,No
3867-ZHLYW,Male,0,No,Yes,14,No,No phone service,Fiber optic,No,No,No,No,No,Yes,Month-to-month,No,Electronic check,60.8,855.61,Yes
3868-LAAOQ,Female,0,No,No,62,Yes,Yes,DSL,No,Yes,No,No,Yes,Yes,One year,Yes,Mailed check,60.63,3774.56,No
3869-BQTZI,Female,1,Yes,No,49,No,No phone service,Fiber optic,No,Yes,No,No,No,Yes,Two year,No,Electronic check,78.13,3801.81,Yes
3870-LDMDG,Male,0,Yes,No,20,Yes,No,DSL,Yes,No,No,No,No,No,Month-to-month,No,Electronic check,47.92,931.45,Yes
3871-NIWAA,Male,0,Yes,No,0,Yes,No,Fiber optic,Yes,No,No,No,No,No,Month-to-month,Yes,Electronic check,68.48,36.22,Yes
3872-TDAVJ,Male,0,No,No,10,Yes,No,DSL,Yes,No,Yes,No,No,No,Two year,Yes,Electronic check,29.81,414.22,No
3873-BUXOC,Male,0,Yes,Yes,66,Yes,Yes,DSL,No,No,No,No,Yes,No,Month-to-month,No,Bank transfer (automatic),50.42,3266.67,Yes
3874-YWIQU,Male,0,Yes,No,21,No,No phone service,Fiber optic,No,No,Yes,Yes,No,No,One year,No,Bank transfer (automatic),65.31,1409.05,No
3875-MCDDK,Female,0,Yes,No,6,Yes,Yes,DSL,Yes,No,No,No,No,No,Month-to-month,No,Bank transfer (automatic),48.63,318.22,No
3876-GZKXK,Female,0,No,No,48,Yes,No,No,No internet service,No internet service,No internet service,No internet service,No internet service,No internet service,One year,Yes,Credit card (automatic),19.6,964.24,No
3877-JEMLJ,Female,0,No,No,0,Yes,Yes,DSL,No,Yes,No,Yes,No,No,Month-to-month,Yes,Mailed check,48.3,18.8,Yes
3878-GSSSL,Female,0,No,No,64,No,No phone service,Fiber optic,Yes,No,No,No,No,Yes,Month-to-month,No,Electronic check,69.96,4450.01,No
3879-TVOEX,Male,0,No,Yes,62,Yes,No,DSL,No,Yes,No,No,Yes,Yes,One year,Yes,Credit card (automatic),69.92,4342.26,No
3880-NLUKE,Male,1,Yes,Yes,63,Yes,No,DSL,Yes,Yes,No,No,Yes,Yes,Two year,Yes,Bank transfer (automatic),68.77,4317.78,No
3881-PZRLE,Female,0,No,No,25,Yes,Yes,Fiber optic,No,No,No,No,No,No,Two year,No,Credit card (automatic),55.81,1422.97,No
3882-PLWBF,Male,0,No,No,16,Yes,Yes,Fiber optic,Yes,Yes,No,No,No,Yes,Month-to-month,No,Electronic check,79.79,1299.58,Yes
3883-WUYDM,Female,0,No,No,10,Yes,Yes,DSL,No,Yes,No,No,No,No,Two year,No,Credit card (automatic),41.84,297.89,No
3884-JQNXO,Female,0,Yes,No,66,Yes,No,Fiber optic,Yes,No,No,Yes,No,No,Month-to-month,No,Credit card (automatic),59.09,3909.11,Yes
3885-HWXRC,Female,0,No,Yes,9,Yes,Yes,DSL,Yes,Yes,No,No,No,Yes,Month-to-month,Yes,Credit card (automatic),58.91,541.79,Yes
3886-YQXXG,Female,0,No,No,65,Yes,Yes,DSL,No,No,Yes,No,No,Yes,One year,Yes,Credit card (automatic),51.39,3393.06,No
3887-MPEDZ,Female,0,No,No,31,Yes,No,Fiber optic,No,No,No,No,Yes,Yes,Month-to-month,No,Credit card (automatic),83.98,2603.87,Yes
3888-JMJNZ,Female,0,No,No,15,Yes,Yes,Fiber optic,No,No,No,No,Yes,Yes,Month-to-month,No,Credit card (automatic),82.32,1214.15,Yes
3889-VLAUT,Male,0,No,No,25,Yes,No,DSL,No,No,No,No,Yes,Yes,Two year,No,Electronic check,72.0,1846.81,No
3890-TGIHM,Male,0,Yes,Yes,55,No,No phone service,Fiber optic,Yes,No,No,No,Yes,No,Month-to-month,Yes,Mailed check,76.34,4161.43,Yes
3891-NLHUV,Female,0,No,Yes,8,Yes,No,Fiber optic,Yes,No,No,Yes,No,No,Month-to-month,Yes,Credit card (automatic),72.89,506.83,No
3892-RPKPN,Female,0,No,No,4,Yes,Yes,Fiber optic,No,No,No,No,Yes,No,Two year,No,Mailed check,71.2,315.98,No
3893-CUBCD,Female,0,Yes,No,6,Yes,No,DSL,No,No,No,No,No,Yes,Month-to-month,Yes,Credit card (automatic),53.46,386.04,Yes
3894-VEJTB,Male,0,Yes,No,64,Yes,No,No,No internet service,No internet service,No internet service,No internet service,No internet service,No internet service,Month-to-month,No,Bank transfer (automatic),20.18,1273.69,Yes
3895-LEEWA,Male,0,No,No,11,Yes,No,DSL,No,No,No,Yes,Yes,No,Two year,No,Credit card (automatic),51.97,534.2,No
3896-DUXLL,Male,1,Yes,No,47,Yes,Yes,Fiber optic,No,Yes,No,No,No,No,Two year,Yes,Bank transfer (automatic),67.88,3250.7,No
3897-PXQUJ,Female,0,No,No,71,Yes,No,Fiber optic,Yes,Yes,Yes,No,Yes,Yes,One year,No,Mailed check,95.06,6774.89,No
3898-QQRBY,Male,0,Yes,No,24,Yes,Yes,Fiber optic,No,No,No,No,No,Yes,One year,Yes,Electronic check,61.77,1468.82,No
3899-DSKQL,Female,0,No,Yes,12,Yes,No,No,No internet service,No internet service,No internet service,No internet service,No internet service,No internet service,Two year,No,Bank transfer (automatic),18.63,236.18,No
3900-BFIET,Male,0,No,No,40,Yes,Yes,Fiber optic,No,No,No,No,Yes,Yes,One year,No,Electronic check,75.09,2954.18,No
3901-UIWHT,Female,0,Yes,No,9,Yes,No,Fiber optic,Yes,No,No,No,Yes,Yes,Two year,Yes,Electronic check,74.67,688.52,No
3902-HVUWF,Female,0,Yes,No,39,Yes,Yes,DSL,Yes,Yes,Yes,No,No,Yes,Month-to-month,No,Electronic check,62.8,2350.45,No
3903-CEIGD,Female,0,Yes,No,32,Yes,No,DSL,Yes,No,No,Yes,Yes,No,Month-to-month,Yes,Electronic check,53.64,1673.42,Yes
3904-GEKOB,Male,0,Yes,Yes,34,Yes,No,No,No internet service,No internet service,No internet service,No internet service,No internet service,No internet service,Month-to-month,Yes,Electronic check,18.25,612.44,No
3905-MVPGH,Male,0,No,Yes,36,Yes,No,DSL,Yes,No,No,No,No,Yes,Month-to-month,Yes,Credit card (automatic),55.92,2021.06,No
3906-FXGRV,Male,0,Yes,No,15,No,No phone service,DSL,No,No,No,No,No,No,Two year,Yes,Bank transfer (automatic),43.57,633.67,No
3907-YVTGC,Female,0,No,Yes,71,Yes,Yes,DSL,No,No,Yes,No,Yes,No,Month-to-month,Yes,Bank transfer (automatic),52.84,3800.2,Yes
3908-EAOZC,Female,0,No,No,32,Yes,No,DSL,No,No,Yes,No,Yes,No,One year,Yes,Credit card (automatic),47.09,1515.77,No
3909-HYIOJ,Male,0,Yes,No,52,Yes,Yes,DSL,Yes,No,No,No,No,Yes,Month-to-month,No,Bank transfer (automatic),55.64,2869.52,No
3910-BTESM,Male,0,Yes,No,34,Yes,Yes,No,No internet service,No internet service,No internet service,No internet service,No internet service,No internet service,Month-to-month,Yes,Electronic check,24.4,819.13,No
3911-KAVOZ,Female,0,Yes,Yes,54,Yes,No,No,No internet service,No internet service,No internet service,No internet service,No internet service,No internet service,Month-to-month,Yes,Credit card (automatic),18.25,1017.62,No
3912-RPIAK,Female,0,No,No,16,Yes,No,Fiber optic,No,No,Yes,No,Yes,Yes,Two year,Yes,Electronic check,75.31,1224.32,Yes
3913-IWKMZ,Male,1,Yes,No,26,Yes,No,No,No internet service,No internet service,No internet service,No internet service,No internet service,No internet service,Month-to-month,No,Electronic check,19.56,492.92,No
3914-BNFHR,Female,0,Yes,No,20,Yes,No,DSL,No,No,Yes,No,Yes,No,Month-to-month,No,Electronic check,42.49,922.66,Yes
3915-PULKF,Male,0,Yes,Yes,20,No,No phone service,No,No internet service,No internet service,No internet service,No internet service,No internet service,No internet service,One year,Yes,Credit card (automatic),18.25,318.4,No
3916-CNBKV,Male,0,No,No,16,Yes,Yes,DSL,No,Yes,No,No,No,No,Month-to-month,No,Mailed check,51.49,899.34,No
3917-CRAXA,Female,0,No,Yes,26,Yes,No,DSL,No,No,No,No,No,No,Month-to-month,Yes,Mailed check,41.1,996.83,No
3918-LOEFP,Male,0,No,No,47,Yes,Yes,DSL,No,No,No,Yes,No,No,Month-to-month,Yes,Electronic check,39.84,1810.42,No
3919-LLCWB,Male,0,Yes,No,43,Yes,No,Fiber optic,No,No,No,Yes,Yes,No,Month-to-month,Yes,Credit card (automatic),65.08,2741.98,Yes
3920-GBUGK,Female,0,Yes,No,35,Yes,No,DSL,No,No,No,No,No,No,Month-to-month,Yes,Bank transfer (automatic),37.92,1386.98,Yes
3921-KNCNK,Male,0,Yes,No,27,Yes,No,Fiber optic,No,No,No,Yes,No,No,One year,Yes,Electronic check,53.2,1407.23,No
3922-DQPCY,Male,0,No,Yes,24,Yes,No,Fiber optic,Yes,No,Yes,Yes,No,Yes,Month-to-month,No,Mailed check,73.53,1749.94,Yes
3923-JUOHR,Female,1,Yes,No,72,No,No phone service,Fiber optic,No,Yes,No,No,Yes,No,Month-to-month,Yes,Mailed check,66.11,4690.36,No
3924-CGJTI,Female,0,Yes,No,46,Yes,No,Fiber optic,Yes,No,No,No,No,No,Month-to-month,Yes,Electronic check,71.54,3265.05,Yes
3925-NWNKA,Male,0,Yes,Yes,22,Yes,Yes,No,No internet service,No internet service,No internet service,No internet service,No internet service,No internet service,Month-to-month,Yes,Electronic check,18.25,389.38,No
3926-DZFVZ,Male,0,No,No,49,No,No phone service,No,No internet service,No internet service,No internet service,No internet service,No internet service,No internet service,Month-to-month,Yes,Credit card (automatic),18.25,923.67,Yes
3927-VECBC,Female,0,Yes,Yes,64,Yes,No,Fiber optic,No,No,Yes,No,Yes,No,Two year,Yes,Mailed check,69.46,4462.91,No
3928-ISSQR,Female,0,No,Yes,15,Yes,Yes,No,No internet service,No internet service,No internet service,No internet service,No internet service,No internet service,Month-to-month,No,Mailed check,22.04,297.35,No
3929-KLCRX,Male,0,No,No,49,Yes,No,Fiber optic,No,No,Yes,No,No,Yes,Month-to-month,Yes,Electronic check,70.42,3382.99,No
3930-FGAFR,Male,0,Yes,Yes,12,Yes,No,Fiber optic,No,No,Yes,No,Yes,Yes,Month-to-month,No,Electronic check,83.51,989.44,Yes
3931-MVSGS,Male,0,No,No,34,Yes,Yes,DSL,Yes,No,No,No,Yes,No,One year,Yes,Bank transfer (automatic),50.89,1820.55,No
3932-ICWLT,Male,0,No,No,31,Yes,No,DSL,Yes,Yes,Yes,Yes,No,No,Month-to-month,Yes,Credit card (automatic),50.62,1584.73,No
3933-XRHIM,Female,0,No,No,24,Yes,Yes,DSL,Yes,No,No,No,Yes,No,Month-to-month,Yes,Credit card (automatic),55.11,1267.08,Yes
3934-HVJQG,Female,0,Yes,No,42,Yes,No,Fiber optic,No,No,No,No,No,Yes,Two year,Yes,Electronic check,72.12,2951.61,No
3935-QWRXB,Female,0,Yes,Yes,27,No,No phone service,Fiber optic,No,No,No,No,Yes,Yes,One year,Yes,Bank transfer (automatic),82.25,2171.09,No
3936-CSAUU,Female,0,No,No,65,Yes,No,Fiber optic,No,No,Yes,Yes,Yes,Yes,One year,Yes,Electronic check,84.19,5456.96,No
3937-JUNMI,Male,1,Yes,No,66,Yes,Yes,DSL,No,No,Yes,No,No,No,Two year,Yes,Electronic check,49.79,3346.58,No
3938-FFSUJ,Female,0,No,No,32,Yes,No,Fiber optic,No,No,No,No,Yes,No,Month-to-month,Yes,Mailed check,69.34,2086.21,No
3939-WCRUS,Male,1,No,No,46,Yes,No,Fiber optic,No,Yes,No,Yes,No,Yes,Two year,Yes,Bank transfer (automatic),69.4,3206.5,No
3940-EYKJQ,Male,0,No,No,34,Yes,No,Fiber optic,No,No,No,No,No,Yes,One year,Yes,Credit card (automatic),67.38,2242.38,Yes
3941-DZURR,Female,0,Yes,No,63,Yes,No,Fiber optic,Yes,No,No,Yes,Yes,No,Month-to-month,No,Credit card (automatic),73.27,4650.72,Yes
3942-ANHBS,Female,0,No,No,11,No,No phone service,Fiber optic,No,No,No,Yes,No,No,Month-to-month,No,Electronic check,63.34,708.34,No
3943-OBDAS,Male,0,No,No,52,Yes,No,DSL,Yes,No,No,No,Yes,No,One year,Yes,Mailed check,58.27,3136.29,No
3944-UJATV,Female,0,No,No,43,Yes,No,DSL,No,No,No,Yes,No,Yes,Month-to-month,No,Bank transfer (automatic),51.29,2212.0,No
3945-ODGGV,Male,0,Yes,No,45,Yes,Yes,DSL,No,Yes,No,No,Yes,Yes,Month-to-month,Yes,Bank transfer (automatic),65.74,3037.86,No
3946-YRMJX,Male,0,No,Yes,10,Yes,Yes,DSL,No,No,No,Yes,No,No,Two year,No,Mailed check,38.45,341.82,Yes
3947-HJNNT,Female,0,Yes,Yes,69,Yes,No,DSL,Yes,No,No,No,No,No,Month-to-month,Yes,Electronic check,44.98,3088.82,No
3948-VKFUA,Male,0,Yes,No,45,No,No phone service,DSL,No,No,Yes,Yes,No,No,Month-to-month,Yes,Credit card (automatic),33.76,1420.82,Yes
3949-SGXRC,Female,1,No,No,58,Yes,No,DSL,No,No,No,No,No,Yes,One year,No,Credit card (automatic),49.55,2881.76,No
3950-TKESU,Female,0,No,No,58,Yes,Yes,Fiber optic,Yes,No,No,No,No,No,Month-to-month,Yes,Credit card (automatic),66.01,3815.68,No
3951-XXBVD,Female,0,Yes,No,33,Yes,No,DSL,No,No,No,Yes,No,No,Two year,Yes,Credit card (automatic),45.01,1505.8,No
3952-YJBHA,Male,1,No,Yes,20,Yes,No,Fiber optic,Yes,No,Yes,No,No,No,One year,Yes,Bank transfer (automatic),57.4,1139.66,No
3953-FKJMA,Female,0,Yes,No,71,Yes,No,Fiber optic,No,Yes,No,Yes,No,Yes,One year,Yes,Mailed check,76.75,5520.12,No
3954-BCIEJ,Male,0,Yes,No,51,Yes,No,Fiber optic,No,No,No,No,No,Yes,One year,No,Electronic check,78.91,4012.13,No
3955-JLRZU,Female,0,No,No,47,Yes,No,Fiber optic,No,No,No,Yes,No,No,Two year,No,Electronic check,61.26,2906.0,No
3956-UACEY,Male,1,Yes,No,18,No,No phone service,Fiber optic,No,No,No,No,No,No,Month-to-month,No,Bank transfer (automatic),59.13,1145.72,Yes
3957-ZQHQI,Male,0,No,No,3,Yes,Yes,DSL,No,Yes,No,No,No,No,Two year,Yes,Bank transfer (automatic),48.35,233.17,No
3958-FQHUG,Male,0,No,No,31,Yes,No,DSL,No,No,No,No,No,No,Month-to-month,No,Bank transfer (automatic),40.17,1265.27,No
3959-GOGVH,Male,0,Yes,Yes,27,Yes,No,Fiber optic,No,Yes,Yes,No,Yes,No,One year,No,Bank transfer (automatic),69.38,1880.35,No
3960-IOBGO,Male,1,No,No,57,Yes,Yes,Fiber optic,No,Yes,No,No,No,Yes,One year,No,Bank transfer (automatic),74.64,4275.2,No
3961-RVRJV,Female,1,Yes,Yes,40,Yes,No,Fiber optic,No,No,No,No,No,Yes,One year,Yes,Electronic check,73.49,3020.9,No
3962-RAGCN,Male,0,No,No,32,Yes,No,No,No internet service,No internet service,No internet service,No internet service,No internet service,No internet service,Month-to-month,Yes,Electronic check,18.25,588.99,No
3963-LNDMP,Female,1,No,No,13,No,No phone service,Fiber optic,No,Yes,Yes,No,Yes,No,One year,Yes,Electronic check,73.05,957.15,Yes
3964-PVETY,Female,0,No,Yes,52,Yes,No,DSL,No,No,No,No,No,No,One year,Yes,Mailed check,33.63,1706.94,No
3965-FFRFG,Female,0,Yes,No,41,Yes,No,Fiber optic,No,Yes,No,Yes,No,Yes,Two year,No,Electronic check,74.72,3024.62,No
3966-XXPIZ,Female,1,Yes,No,35,No,No phone service,No,No internet service,No internet service,No internet service,No internet service,No internet service,No internet service,Two year,Yes,Electronic check,22.89,829.72,No
3967-MLSZW,Male,0,Yes,No,24,Yes,Yes,Fiber optic,No,Yes,Yes,Yes,Yes,Yes,Month-to-month,No,Credit card (automatic),83.98,1970.44,No
3968-WAHDU,Female,0,No,Yes,51,No,No phone service,No,No internet service,No internet service,No internet service,No internet service,No internet service,No internet service,One year,Yes,Electronic check,18.25,946.82,No
3969-VSUZE,Female,0,No,Yes,39,Yes,Yes,DSL,Yes,Yes,No,Yes,No,No,Month-to-month,Yes,Mailed check,46.13,1784.84,No
3970-QCSAW,Female,0,Yes,No,69,Yes,Yes,DSL,No,Yes,No,No,Yes,Yes,Month-to-month,Yes,Electronic check,61.17,4188.89,Yes
3971-AWTIW,Female,0,Yes,No,61,Yes,Yes,DSL,No,Yes,No,No,No,Yes,Month-to-month,No,Mailed check,58.12,3503.14,No
3972-EGYZF,Female,1,No,No,8,No,No phone service,Fiber optic,Yes,No,Yes,No,No,Yes,Month-to-month,No,Electronic check,77.76,742.59,Yes
3973-QVQML,Female,0,Yes,No,68,Yes,No,Fiber optic,No,Yes,No,No,Yes,Yes,Month-to-month,Yes,Electronic check,93.45,6381.77,No
3974-DHEEM,Male,1,Yes,Yes,20,Yes,No,Fiber optic,Yes,No,Yes,No,No,No,Month-to-month,Yes,Electronic check,67.41,1279.56,Yes
3975-ZKHHA,Male,0,No,Yes,52,Yes,Yes,DSL,No,Yes,No,Yes,Yes,No,Month-to-month,Yes,Mailed check,59.93,3241.07,No
3976-MEUHQ,Male,0,Yes,No,69,Yes,Yes,Fiber optic,No,No,No,Yes,Yes,No,Month-to-month,No,Credit card (automatic),64.61,4465.53,No
3977-WWMIB,Female,0,No,Yes,0,Yes,Yes,No,No internet service,No internet service,No internet service,No internet service,No internet service,No internet service,Two year,Yes,Credit card (automatic),18.75,18.8,No
3978-STQGZ,Female,0,Yes,No,30,Yes,Yes,DSL,Yes,Yes,No,Yes,No,Yes,Month-to-month,Yes,Electronic check,54.06,1611.76,No
3979-CSSXI,Female,0,Yes,No,44,Yes,Yes,DSL,No,No,No,No,No,Yes,Month-to-month,No,Credit card (automatic),48.67,2221.86,No
3980-JNRZO,Male,0,No,No,27,Yes,Yes,DSL,No,Yes,Yes,No,Yes,No,One year,No,Electronic check,52.14,1372.23,No
3981-ZAYFO,Female,0,No,No,2,Yes,No,DSL,No,No,No,No,Yes,Yes,Month-to-month,No,Credit card (automatic),61.45,102.08,Yes
3982-YFRAX,Female,0,No,No,39,Yes,No,Fiber optic,No,No,No,No,Yes,Yes,Month-to-month,Yes,Mailed check,79.7,3136.41,No
3983-CQPHQ,Male,0,Yes,No,3,Yes,Yes,Fiber optic,No,Yes,No,No,No,No,Two year,No,Electronic check,68.04,192.62,Yes
3984-HQYIL,Female,0,No,No,69,Yes,Yes,No,No internet service,No internet service,No internet service,No internet service,No internet service,No internet service,Month-to-month,Yes,Electronic check,25.9,1855.76,No
3985-YSDUV,Male,0,No,No,11,Yes,No,DSL,Yes,Yes,No,No,Yes,No,Month-to-month,No,Electronic check,61.49,638.06,Yes
3986-YKDNN,Female,0,Yes,Yes,61,Yes,No,DSL,Yes,No,Yes,No,Yes,No,One year,Yes,Electronic check,54.64,3298.77,No
3987-FQBHD,Female,0,No,No,70,Yes,Yes,Fiber optic,Yes,No,No,No,No,Yes,Month-to-month,Yes,Bank transfer (automatic),75.88,5293.15,No
3988-JGDPN,Female,0,No,Yes,47,Yes,No,DSL,No,Yes,Yes,No,No,No,Two year,Yes,Bank transfer (automatic),54.2,2534.04,No
3989-PYIDX,Male,0,No,No,6,Yes,Yes,DSL,No,No,No,No,No,No,Month-to-month,No,Credit card (automatic),35.94,232.97,Yes
3990-FAGAS,Female,1,No,Yes,56,Yes,No,DSL,Yes,Yes,No,No,No,No,Month-to-month,No,Mailed check,50.16,2799.01,Yes
3991-HYCAA,Male,0,Yes,No,55,No,No phone service,Fiber optic,No,No,Yes,No,No,No,One year,No,Bank transfer (automatic),55.08,2993.48,No
3992-GUMAP,Female,0,No,No,66,Yes,No,Fiber optic,Yes,Yes,Yes,No,No,No,Two year,Yes,Electronic check,68.36,4536.91,No
3993-VVNDW,Male,1,No,No,12,Yes,Yes,Fiber optic,No,No,Yes,No,No,Yes,Month-to-month,No,Mailed check,72.87,835.22,Yes
3994-WLYLQ,Female,0,Yes,No,51,Yes,No,DSL,No,Yes,No,No,No,No,Month-to-month,Yes,Electronic check,46.81,2429.36,No
3995-UOJCW,Male,1,No,No,62,Yes,Yes,No,No internet service,No internet service,No internet service,No internet service,No internet service,No internet service,Month-to-month,Yes,Mailed check,20.37,1166.84,No
3996-TTLAA,Male,0,Yes,Yes,40,Yes,Yes,DSL,Yes,No,No,No,Yes,Yes,Month-to-month,Yes,Credit card (automatic),57.52,2313.16,Yes
3997-JROBQ,Female,0,Yes,No,22,Yes,No,Fiber optic,Yes,Yes,Yes,No,No,No,One year,Yes,Bank transfer (automatic),74.04,1625.54,No
3998-HVVZZ,Male,0,Yes,No,46,Yes,No,Fiber optic,Yes,No,Yes,Yes,No,No,Month-to-month,Yes,Electronic check,71.56,3310.88,Yes
3999-IUTKF,Male,0,No,No,64,No,No phone service,DSL,Yes,No,No,Yes,No,Yes,One year,No,Credit card (automatic),47.11,3040.36,No
4000-XNAGX,Male,1,No,Yes,30,Yes,No,Fiber optic,No,No,No,No,Yes,No,Two year,Yes,Electronic check,73.01,2192.01,Yes
4001-IKXWP,Female,1,Yes,Yes,35,Yes,No,No,No internet service,No internet service,No internet service,No internet service,No internet service,No internet service,One year,No,Mailed check,18.25,742.9,No
4002-SBOCD,Male,1,No,No,13,Yes,No,DSL,Yes,No,No,No,Yes,No,Two year,No,Mailed check,59.96,811.75,No
4003-TVGLD,Female,1,Yes,No,36,Yes,Yes,Fiber optic,Yes,Yes,No,Yes,Yes,No,Month-to-month,Yes,Bank transfer (automatic),84.2,3123.15,Yes
4004-JFYVN,Male,1,No,No,31,Yes,Yes,DSL,No,No,Yes,No,Yes,Yes,One year,Yes,Credit card (automatic),66.81,2085.75,No
4005-CQKJZ,Male,0,No,Yes,52,Yes,Yes,DSL,No,No,No,No,No,No,One year,Yes,Electronic check,37.44,1916.65,No
4006-UJJCX,Male,0,No,No,27,Yes,No,DSL,Yes,Yes,No,Yes,Yes,Yes,Month-to-month,Yes,Electronic check,66.96,1704.4,Yes
4007-ZOQRS,Male,0,No,No,64,Yes,No,Fiber optic,No,No,No,No,Yes,No,One year,Yes,Electronic check,79.44,5102.73,No
4008-SLXEX,Female,0,Yes,Yes,46,Yes,No,DSL,No,No,No,No,No,No,Month-to-month,Yes,Bank transfer (automatic),39.14,1832.5,No
4009-POOFL,Female,0,No,No,70,Yes,No,DSL,Yes,No,No,No,No,No,One year,Yes,Bank transfer (automatic),42.55,2915.73,No
4010-BTIDE,Male,1,No,Yes,31,Yes,No,DSL,No,Yes,No,No,No,Yes,One year,No,Electronic check,51.09,1585.87,No
4011-UZHVJ,Female,0,No,No,23,Yes,No,DSL,Yes,Yes,No,No,Yes,No,Month-to-month,No,Mailed check,52.74,1142.93,No
4012-GVNEP,Female,0,No,No,13,Yes,No,DSL,No,No,Yes,No,No,No,Month-to-month,Yes,Mailed check,38.17,537.78,No
4013-OECWJ,Male,0,No,Yes,46,Yes,No,Fiber optic,Yes,No,No,Yes,No,No,Two year,Yes,Mailed check,69.43,3227.43,No
4014-EWORY,Male,0,No,No,0,Yes,Yes,No,No internet service,No internet service,No internet service,No internet service,No internet service,No internet service,Month-to-month,Yes,Credit card (automatic),18.25,18.8,No
4015-HUBVH,Male,1,No,No,18,Yes,No,Fiber optic,Yes,No,No,No,No,Yes,One year,No,Credit card (automatic),74.51,1267.8,Yes
4016-WHDSW,Male,0,No,Yes,57,Yes,Yes,Fiber optic,No,Yes,No,Yes,No,No,One year,No,Electronic check,65.19,3613.13,No
4017-RUWAT,Male,1,Yes,No,6,Yes,Yes,No,No internet service,No internet service,No internet service,No internet service,No internet service,No internet service,Two year,No,Bank transfer (automatic),18.25,127.96,No
4018-ORVLA,Male,0,Yes,No,63,Yes,Yes,Fiber optic,No,No,Yes,No,No,No,Month-to-month,Yes,Credit card (automatic),53.09,3363.7,Yes
4019-GSAXG,Female,0,No,No,17,Yes,No,DSL,No,Yes,Yes,No,Yes,No,Month-to-month,Yes,Electronic check,54.32,966.96,No
4020-BGSMY,Male,1,Yes,No,62,Yes,No,No,No internet service,No internet service,No internet service,No internet service,No internet service,No internet service,One year,No,Mailed check,25.18,1506.35,No
4021-XEWSA,Male,0,No,No,67,Yes,No,No,No internet service,No internet service,No internet service,No internet service,No internet service,No internet service,One year,No,Electronic check,18.25,1200.08,No
4022-ARXAE,Male,0,Yes,No,49,Yes,Yes,DSL,Yes,Yes,No,No,Yes,Yes,One year,Yes,Mailed check,67.5,3268.98,No
4023-ILIRW,Female,0,Yes,Yes,67,Yes,No,Fiber optic,No,No,No,No,Yes,No,Month-to-month,Yes,Electronic check,69.83,4632.62,Yes
4024-KASVY,Male,0,No,Yes,15,Yes,No,Fiber optic,No,No,No,No,Yes,No,Month-to-month,Yes,Mailed check,77.84,1120.5,Yes
4025-JBGTB,Female,0,Yes,No,13,Yes,Yes,Fiber optic,Yes,No,Yes,Yes,Yes,Yes,One year,No,Credit card (automatic),88.48,1085.83,No
4026-SFJIH,Female,0,Yes,No,61,Yes,Yes,No,No internet service,No internet service,No internet service,No internet service,No internet service,No internet service,Month-to-month,Yes,Credit card (automatic),27.69,1708.37,No
4027-ZKITT,Female,1,Yes,Yes,6,Yes,No,Fiber optic,No,No,No,Yes,Yes,No,Month-to-month,Yes,Mailed check,74.17,517.9,No
4028-IHOBX,Male,0,No,Yes,55,Yes,No,Fiber optic,Yes,No,No,Yes,No,Yes,Month-to-month,Yes,Bank transfer (automatic),80.08,4448.5,Yes
4029-AIIMH,Female,0,No,No,13,Yes,No,No,No internet service,No internet service,No internet service,No internet service,No internet service,No internet service,Two year,Yes,Bank transfer (automatic),18.25,216.88,No
4030-UECUD,Male,1,No,No,41,Yes,No,DSL,No,No,Yes,No,Yes,Yes,Month-to-month,Yes,Electronic check,47.16,1928.11,No
4031-QPPYZ,Male,1,Yes,Yes,69,Yes,No,Fiber optic,Yes,No,Yes,No,No,Yes,Two year,No,Mailed check,79.45,5501.78,No
4032-TCFAU,Male,0,No,Yes,61,Yes,No,Fiber optic,No,Yes,No,Yes,No,Yes,Month-to-month,Yes,Mailed check,76.86,4696.02,No
4033-POGBJ,Male,0,Yes,No,42,Yes,No,No,No internet service,No internet service,No internet service,No internet service,No internet service,No internet service,One year,Yes,Mailed check,18.25,721.34,No
4034-YOFBX,Female,0,Yes,No,56,Yes,No,No,No internet service,No internet service,No internet service,No internet service,No internet service,No internet service,Month-to-month,Yes,Mailed check,18.25,1044.5,Yes
4035-XQAAD,Male,0,No,No,30,No,No phone service,Fiber optic,No,Yes,Yes,Yes,No,Yes,Month-to-month,Yes,Bank transfer (automatic),72.72,2207.37,No
4036-TPHAZ,Female,0,Yes,No,50,Yes,No,Fiber optic,No,No,No,No,Yes,Yes,Month-to-month,No,Mailed check,83.82,4143.91,Yes
4037-SKQYJ,Female,0,Yes,No,66,Yes,No,Fiber optic,Yes,No,No,No,No,No,Two year,No,Credit card (automatic),65.41,4323.21,No
4038-LIGLO,Male,0,Yes,Yes,0,Yes,Yes,Fiber optic,No,Yes,Yes,Yes,Yes,No,One year,No,Credit card (automatic),79.22,18.8,No
4039-HQENB,Male,0,Yes,No,43,Yes,No,Fiber optic,No,No,No,No,No,No,Two year,No,Credit card (automatic),53.91,2341.84,No
4040-PQCWA,Female,0,No,Yes,49,Yes,No,DSL,Yes,Yes,Yes,Yes,Yes,Yes,One year,Yes,Electronic check,61.57,2984.01,No
4041-RRDOS,Female,0,Yes,No,59,Yes,No,Fiber optic,Yes,No,No,Yes,Yes,Yes,One year,No,Bank transfer (automatic),75.31,4539.73,No
4042-SJESK,Male,0,No,No,2,Yes,No,Fiber optic,No,Yes,No,Yes,Yes,Yes,Month-to-month,Yes,Electronic check,87.45,105.16,No
4043-GETLS,Male,0,No,Yes,71,Yes,Yes,DSL,No,Yes,Yes,No,Yes,No,Month-to-month,No,Electronic check,54.32,3947.41,No
4044-OLDLR,Male,0,Yes,No,53,Yes,No,Fiber optic,No,No,No,No,Yes,No,Month-to-month,No,Mailed check,70.58,3699.0,No
4045-QSPKB,Female,0,No,Yes,1,Yes,No,No,No internet service,No internet service,No internet service,No internet service,No internet service,No internet service,Month-to-month,Yes,Credit card (automatic),20.87,48.62,No
4046-PAQRY,Male,0,No,No,28,No,No phone service,No,No internet service,No internet service,No internet service,No internet service,No internet service,No internet service,Month-to-month,Yes,Electronic check,18.25,456.75,Yes
4047-MEYXF,Male,0,No,Yes,15,Yes,Yes,Fiber optic,No,No,Yes,Yes,No,No,Month-to-month,Yes,Mailed check,59.51,854.97,No
4048-AJEAW,Male,0,No,Yes,58,Yes,No,Fiber optic,No,Yes,Yes,No,No,Yes,One year,Yes,Bank transfer (automatic),80.1,4600.84,No
4049-ZKXXG,Male,0,No,No,10,No,No phone service,Fiber optic,No,No,No,No,Yes,No,Two year,Yes,Credit card (automatic),75.44,728.42,Yes
4050-RUTUJ,Female,0,Yes,No,23,Yes,Yes,DSL,No,No,Yes,No,No,Yes,Two year,Yes,Electronic check,46.47,1021.23,No
4051-YODPO,Female,1,No,No,31,Yes,Yes,DSL,No,Yes,No,No,No,No,One year,No,Bank transfer (automatic),41.81,1404.23,No
4052-OLHHR,Male,0,No,Yes,53,Yes,No,Fiber optic,Yes,No,No,Yes,No,No,Month-to-month,No,Electronic check,67.13,3609.37,No
4053-FEBLZ,Female,0,No,No,55,Yes,No,DSL,Yes,No,No,No,No,Yes,Month-to-month,Yes,Bank transfer (automatic),55.15,3018.82,No
4054-DWMQP,Male,0,No,No,70,Yes,Yes,Fiber optic,No,No,Yes,No,No,Yes,Two year,Yes,Electronic check,63.7,4508.64,No
4055-IZAOL,Female,0,No,No,42,Yes,Yes,Fiber optic,Yes,No,Yes,Yes,Yes,Yes,Month-to-month,Yes,Bank transfer (automatic),82.82,3591.54,No
4056-EWXRT,Female,0,Yes,No,52,Yes,Yes,No,No internet service,No internet service,No internet service,No internet service,No internet service,No internet service,One year,Yes,Bank transfer (automatic),23.54,1276.85,No
4057-BDOFV,Male,0,No,No,0,Yes,No,Fiber optic,No,Yes,No,No,Yes,No,Two year,Yes,Credit card (automatic),69.85,75.87,Yes
4058-LRTDA,Male,0,No,No,60,Yes,Yes,No,No internet service,No internet service,No internet service,No internet service,No internet service,No internet service,Month-to-month,Yes,Mailed check,29.63,1840.58,No
4059-ORNCO,Male,0,Yes,No,33,Yes,Yes,Fiber optic,No,No,Yes,No,Yes,No,One year,No,Electronic check,69.87,2378.36,No
4060-EXVCV,Male,0,Yes,No,60,Yes,Yes,No,No internet service,No internet service,No internet service,No internet service,No internet service,No internet service,Two year,Yes,Credit card (automatic),18.25,1144.33,Yes
4061-GFZVA,Female,0,No,No,60,No,No phone service,No,No internet service,No internet service,No internet service,No internet service,No internet service,No internet service,Month-to-month,Yes,Bank transfer (automatic),24.66,1427.95,No
4062-SGDLT,Male,0,No,No,7,Yes,No,DSL,No,No,Yes,No,No,Yes,Month-to-month,Yes,Credit card (automatic),51.73,438.87,No
4063-WYRIS,Male,0,Yes,Yes,53,Yes,No,No,No internet service,No internet service,No internet service,No internet service,No internet service,No internet service,Two year,Yes,Mailed check,23.45,1245.69,No
4064-VDAIO,Male,0,Yes,No,52,Yes,No,Fiber optic,Yes,No,No,Yes,No,No,Two year,Yes,Bank transfer (automatic),56.91,2975.35,No
4065-VHOOR,Male,0,No,No,19,Yes,No,Fiber optic,No,No,Yes,Yes,No,No,Month-to-month,Yes,Credit card (automatic),60.84,1052.69,Yes
4066-GVRPB,Male,1,Yes,No,45,Yes,No,No,No internet service,No internet service,No internet service,No internet service,No internet service,No internet service,Month-to-month,No,Electronic check,23.53,1020.39,No
4067-DTPCX,Male,0,Yes,No,30,Yes,Yes,DSL,No,No,No,Yes,No,No,One year,No,Bank transfer (automatic),40.94,1290.47,No
4068-WBCZY,Female,0,No,No,25,Yes,No,No,No internet service,No internet service,No internet service,No internet service,No internet service,No internet service,Month-to-month,No,Mailed check,24.13,653.03,Yes
4069-EBSXT,Male,0,No,No,62,Yes,No,No,No internet service,No internet service,No internet service,No internet service,No internet service,No internet service,Month-to-month,Yes,Mailed check,27.55,1748.29,No
4070-BBVXW,Female,0,No,No,19,Yes,No,No,No internet service,No internet service,No internet service,No internet service,No internet service,No internet service,Two year,No,Electronic check,23.81,380.51,No
4071-TRYTY,Male,0,No,No,21,Yes,Yes,No,No internet service,No internet service,No internet service,No internet service,No internet service,No internet service,One year,No,Bank transfer (automatic),20.27,437.66,No
4072-UNOLK,Female,0,No,No,56,Yes,Yes,DSL,Yes,Yes,Yes,No,No,No,One year,Yes,Electronic check,58.32,3263.46,No
4073-KGLPE,Female,0,No,Yes,56,Yes,No,Fiber optic,Yes,No,Yes,Yes,No,No,One year,No,Electronic check,71.73,4053.33,No
4074-BVPWO,Female,0,Yes,No,25,Yes,No,Fiber optic,No,Yes,No,No,Yes,No,One year,Yes,Electronic check,80.07,1995.05,No
4075-KFMSJ,Male,0,Yes,No,16,Yes,No,DSL,No,No,No,No,No,Yes,Two year,Yes,Electronic check,47.58,723.08,No
4076-XSEYU,Female,0,Yes,Yes,26,Yes,No,No,No internet service,No internet service,No internet service,No internet service,No internet service,No internet service,One year,No,Electronic check,18.25,443.27,No
4077-GKNWU,Male,0,No,Yes,66,Yes,Yes,DSL,No,Yes,No,No,Yes,No,Month-to-month,Yes,Mailed check,53.69,3416.32,No
4078-PRUWW,Female,0,No,No,55,Yes,Yes,Fiber optic,Yes,No,Yes,Yes,No,No,Month-to-month,Yes,Electronic check,66.99,3670.58,No
4079-DAVON,Male,0,No,No,23,Yes,No,DSL,No,No,No,No,No,No,Month-to-month,Yes,Electronic check,37.51,854.61,Yes
4080-SEDMR,Male,0,No,No,24,Yes,No,DSL,Yes,Yes,No,No,No,Yes,Month-to-month,No,Credit card (automatic),60.77,1388.88,Yes
4081-LWUOW,Female,1,No,Yes,9,Yes,No,Fiber optic,No,Yes,No,Yes,No,No,Two year,Yes,Mailed check,66.72,575.35,No
4082-IDEIM,Male,1,No,Yes,35,Yes,Yes,Fiber optic,Yes,No,Yes,Yes,No,No,Month-to-month,Yes,Mailed check,71.07,2619.73,No
4083-JPMDU,Female,1,Yes,Yes,44,Yes,Yes,DSL,No,No,No,No,No,Yes,Month-to-month,Yes,Credit card (automatic),58.53,2534.33,Yes
4084-MUHMO,Female,0,No,No,16,Yes,Yes,DSL,No,No,No,No,No,No,Two year,Yes,Bank transfer (automatic),40.17,693.41,No
4085-TTMWE,Male,0,No,No,57,Yes,Yes,Fiber optic,No,No,No,No,No,No,Month-to-month,Yes,Mailed check,56.1,3199.49,Yes
4086-VVFZE,Female,0,No,No,22,Yes,Yes,No,No internet service,No internet service,No internet service,No internet service,No internet service,No internet service,Month-to-month,Yes,Electronic check,24.03,539.43,No
4087-MEYMX,Male,0,Yes,No,7,No,No phone service,DSL,No,No,No,No,Yes,No,Month-to-month,No,Bank transfer (automatic),46.76,372.21,No
4088-TWHIU,Female,0,No,No,49,Yes,Yes,Fiber optic,No,Yes,No,Yes,No,Yes,Month-to-month,No,Electronic check,69.57,3291.54,No
4089-STOZV,Male,0,Yes,Yes,15,Yes,Yes,Fiber optic,No,Yes,Yes,No,No,No,Month-to-month,Yes,Electronic check,71.33,1098.93,Yes
4090-JKEIK,Male,0,No,Yes,42,Yes,Yes,No,No internet service,No internet service,No internet service,No internet service,No internet service,No internet service,Month-to-month,No,Bank transfer (automatic),18.25,715.56,No
4091-SBFWU,Male,0,No,Yes,45,Yes,No,DSL,No,No,No,No,Yes,No,Month-to-month,No,Bank transfer (automatic),56.17,2561.74,No
4092-ACCNT,Female,0,Yes,No,48,Yes,No,DSL,No,No,Yes,No,No,No,Month-to-month,Yes,Credit card (automatic),33.95,1648.34,Yes
4093-ZVEQO,Male,0,Yes,Yes,14,Yes,Yes,DSL,No,No,No,Yes,No,Yes,Two year,No,Bank transfer (automatic),53.99,671.45,No
4094-FNNYQ,Male,0,No,No,48,Yes,No,No,No internet service,No internet service,No internet service,No internet service,No internet service,No internet service,Month-to-month,Yes,Bank transfer (automatic),29.56,1495.9,No
4095-HHSIK,Male,0,No,Yes,20,Yes,No,No,No internet service,No internet service,No internet service,No internet service,No internet service,No internet service,Month-to-month,No,Mailed check,18.25,401.68,No
4096-MMXSZ,Male,0,No,Yes,5,No,No phone service,No,No internet service,No internet service,No internet service,No internet service,No internet service,No internet service,Two year,No,Electronic check,22.91,121.21,No
4097-USEPI,Male,0,No,No,54,Yes,No,Fiber optic,No,No,No,No,No,Yes,Two year,Yes,Mailed check,67.81,3775.01,No
4098-TVCSE,Male,0,No,No,14,No,No phone service,DSL,No,No,No,No,No,No,Two year,Yes,Electronic check,35.36,455.52,No
4099-HNXCX,Male,0,Yes,No,10,Yes,Yes,DSL,No,No,No,No,Yes,Yes,One year,Yes,Credit card (automatic),75.34,742.95,No
4100-MKHSJ,Male,0,No,No,38,Yes,Yes,No,No internet service,No internet service,No internet service,No internet service,No internet service,No internet service,Month-to-month,Yes,Mailed check,18.25,746.82,No
4101-ZRZRY,Male,0,No,Yes,50,Yes,Yes,Fiber optic,Yes,No,Yes,Yes,No,Yes,One year,Yes,Credit card (automatic),77.7,3929.86,No
4102-GPFPP,Female,0,No,No,36,Yes,No,Fiber optic,No,No,Yes,No,No,Yes,One year,Yes,Credit card (automatic),65.6,2386.73,No
4103-WXAXS,Male,1,Yes,No,48,Yes,Yes,Fiber optic,Yes,No,Yes,No,No,No,One year,No,Electronic check,65.7,3110.5,No
4104-CFDDD,Male,0,Yes,No,56,Yes,No,DSL,No,No,Yes,Yes,No,Yes,Month-to-month,Yes,Bank transfer (automatic),50.51,2846.43,No
4105-JIHSQ,Male,0,Yes,Yes,64,Yes,No,No,No internet service,No internet service,No internet service,No internet service,No internet service,No internet service,Two year,No,Credit card (automatic),23.05,1622.49,No
4106-QATNV,Female,0,No,No,16,Yes,No,Fiber optic,No,No,No,Yes,No,No,One year,Yes,Mailed check,59.75,1014.77,No
4107-TKCXH,Male,0,Yes,Yes,62,Yes,No,Fiber optic,No,No,No,Yes,No,No,One year,Yes,Electronic check,59.91,3750.72,No
4108-VYJQH,Male,0,Yes,Yes,13,Yes,No,Fiber optic,No,No,No,Yes,No,No,Month-to-month,Yes,Mailed check,61.75,972.21,Yes
4109-VATUG,Female,0,Yes,Yes,37,Yes,Yes,No,No internet service,No internet service,No internet service,No internet service,No internet service,No internet service,Month-to-month,Yes,Electronic check,22.39,885.21,Yes
4110-XILVZ,Female,0,Yes,No,24,Yes,Yes,DSL,No,No,No,Yes,Yes,Yes,Month-to-month,Yes,Credit card (automatic),64.72,1584.03,No
4111-ITXCD,Female,0,No,No,36,Yes,Yes,DSL,No,No,No,No,No,Yes,One year,No,Bank transfer (automatic),47.88,1709.74,No
4112-JDVIV,Male,0,No,No,55,No,No phone service,DSL,No,Yes,No,No,Yes,No,Month-to-month,No,Electronic check,48.49,2643.62,Yes
4113-AEIEF,Male,0,No,No,6,Yes,Yes,DSL,No,No,No,No,Yes,No,Two year,No,Credit card (automatic),46.14,217.18,No
4114-SHJKM,Male,0,Yes,No,10,Yes,No,Fiber optic,Yes,No,Yes,Yes,Yes,No,Month-to-month,No,Mailed check,77.44,770.86,Yes
4115-TDKLE,Male,1,Yes,No,34,Yes,No,Fiber optic,Yes,No,No,Yes,Yes,Yes,Two year,Yes,Credit card (automatic),79.17,2663.59,No
4116-JYXGU,Female,0,No,Yes,35,Yes,Yes,No,No internet service,No internet service,No internet service,No internet service,No internet service,No internet service,Month-to-month,No,Credit card (automatic),18.25,631.0,Yes
4117-IIJJB,Female,0,Yes,No,69,Yes,Yes,Fiber optic,No,No,Yes,Yes,Yes,No,Month-to-month,No,Bank transfer (automatic),65.09,4503.79,Yes
4118-DHNQM,Male,0,No,No,51,Yes,Yes,Fiber optic,Yes,No,Yes,No,No,No,Month-to-month,Yes,Electronic check,61.66,3117.0,No
4119-UXRRM,Female,0,Yes,No,68,Yes,Yes,No,No internet service,No internet service,No internet service,No internet service,No internet service,No internet service,Month-to-month,Yes,Bank transfer (automatic),18.25,1288.29,Yes
4120-HZLYW,Male,0,Yes,No,41,Yes,Yes,No,No internet service,No internet service,No internet service,No internet service,No internet service,No internet service,Month-to-month,Yes,Bank transfer (automatic),20.29,822.8,No
4121-XUATR,Male,1,Yes,No,70,Yes,Yes,Fiber optic,Yes,No,Yes,No,No,Yes,Month-to-month,Yes,Credit card (automatic),74.31,5177.87,No
4122-CLSYM,Male,0,No,Yes,14,Yes,Yes,DSL,No,No,No,No,No,No,Month-to-month,Yes,Electronic check,42.82,636.82,Yes
4123-JOTBS,Male,0,Yes,No,20,Yes,Yes,DSL,No,No,Yes,No,No,No,Month-to-month,No,Bank transfer (automatic),36.34,732.12,No
4124-CNGHK,Female,1,No,Yes,0,Yes,Yes,DSL,Yes,No,No,No,No,Yes,Month-to-month,Yes,Credit card (automatic),58.59,18.8,Yes
4125-VTFKQ,Female,1,No,Yes,67,Yes,Yes,No,No internet service,No internet service,No internet service,No internet service,No internet service,No internet service,Month-to-month,No,Electronic check,18.25,1148.24,No
4126-JXQUB,Male,0,Yes,No,10,Yes,Yes,Fiber optic,No,No,Yes,No,No,No,One year,No,Bank transfer (automatic),70.11,681.21,No
4127-FYEDB,Male,0,Yes,No,9,Yes,Yes,Fiber optic,Yes,Yes,Yes,No,No,No,Month-to-month,Yes,Credit card (automatic),62.81,645.54,No
4128-LCFXN,Female,0,No,Yes,44,Yes,Yes,No,No internet service,No internet service,No internet service,No internet service,No internet service,No internet service,Month-to-month,No,Mailed check,20.17,912.83,Yes
4129-HUUZN,Female,0,Yes,No,55,Yes,No,Fiber optic,Yes,Yes,No,Yes,No,Yes,Month-to-month,No,Electronic check,81.92,4536.14,No
4130-CPOGO,Male,1,No,No,18,Yes,No,DSL,No,No,Yes,Yes,Yes,Yes,One year,No,Bank transfer (automatic),63.79,1138.15,No
4131-MFOQD,Female,0,No,Yes,41,Yes,Yes,DSL,No,No,No,No,Yes,No,Two year,No,Electronic check,41.21,1707.66,No
4132-VVNOL,Female,0,Yes,No,40,Yes,Yes,No,No internet service,No internet service,No internet service,No internet service,No internet service,No internet service,Two year,Yes,Mailed check,18.25,771.15,No
4133-SVJFY,Female,0,Yes,Yes,19,Yes,Yes,Fiber optic,Yes,No,No,No,Yes,Yes,Month-to-month,Yes,Electronic check,84.29,1593.15,No
4134-IBDIO,Male,0,Yes,No,26,No,No phone service,Fiber optic,No,No,Yes,No,No,No,One year,Yes,Mailed check,57.01,1412.66,No
4135-MTHZS,Female,0,Yes,No,11,Yes,Yes,DSL,No,Yes,No,No,Yes,Yes,Month-to-month,No,Credit card (automatic),67.86,706.47,No
4136-SYPKJ,Female,0,Yes,No,63,Yes,No,DSL,Yes,Yes,Yes,Yes,No,Yes,Month-to-month,Yes,Credit card (automatic),57.71,3595.78,No
4137-HAJRC,Female,0,No,No,37,No,No phone service,DSL,Yes,No,No,Yes,No,No,One year,No,Electronic check,48.4,1916.08,No
4138-KRCHN,Female,0,No,No,65,Yes,No,Fiber optic,Yes,No,No,Yes,Yes,No,Month-to-month,Yes,Bank transfer (automatic),66.58,4343.38,No
4139-FONGJ,Female,0,No,No,57,Yes,No,Fiber optic,Yes,Yes,No,Yes,No,No,Two year,Yes,Electronic check,76.0,4319.83,No
4140-OJVQS,Male,0,No,Yes,10,No,No phone service,No,No internet service,No internet service,No internet service,No internet service,No internet service,No internet service,Month-to-month,No,Bank transfer (automatic),27.94,211.95,No
4141-QLOZL,Female,0,Yes,Yes,29,Yes,No,No,No internet service,No internet service,No internet service,No internet service,No internet service,No internet service,Month-to-month,No,Bank transfer (automatic),26.34,804.36,No
4142-YIEDL,Female,0,Yes,No,63,Yes,Yes,Fiber optic,No,No,No,No,No,Yes,Two year,Yes,Mailed check,72.66,4600.88,No
4143-PIYCU,Female,0,Yes,No,47,Yes,No,No,No internet service,No internet service,No internet service,No internet service,No internet service,No internet service,Month-to-month,Yes,Mailed check,18.25,864.62,No
4144-CZRQJ,Female,0,Yes,No,39,Yes,Yes,No,No internet service,No internet service,No internet service,No internet service,No internet service,No internet service,Month-to-month,No,Mailed check,19.01,764.29,No
4145-BXKXC,Male,0,Yes,No,67,Yes,No,Fiber optic,No,No,No,Yes,No,No,One year,No,Electronic check,58.29,3848.42,No
4146-WWBIS,Male,0,No,No,20,Yes,No,Fiber optic,No,No,No,No,Yes,Yes,Two year,Yes,Mailed check,79.98,1599.52,Yes
4147-BSBOX,Male,0,No,No,4,Yes,Yes,Fiber optic,No,No,Yes,No,No,No,Month-to-month,Yes,Credit card (automatic),57.6,235.88,Yes
4148-UCEKX,Female,0,No,No,35,Yes,No,DSL,No,No,No,No,No,No,Month-to-month,Yes,Electronic check,41.35,1485.83,No
4149-GFNAZ,Female,0,Yes,Yes,6,Yes,Yes,No,No internet service,No internet service,No internet service,No internet service,No internet service,No internet service,Month-to-month,Yes,Mailed check,18.25,158.89,Yes
4150-QQNJH,Male,0,No,No,59,Yes,Yes,No,No internet service,No internet service,No internet service,No internet service,No internet service,No internet service,Month-to-month,No,Electronic check,18.25,940.0,No
4151-HNGFD,Male,0,No,No,55,Yes,No,DSL,Yes,Yes,No,No,No,No,One year,No,Bank transfer (automatic),52.06,2851.96,No
4152-AOYOA,Male,1,Yes,No,30,Yes,Yes,DSL,No,No,No,Yes,Yes,No,Month-to-month,No,Electronic check,52.72,1626.42,No
4153-TCWEE,Male,0,Yes,No,24,Yes,No,Fiber optic,Yes,No,No,No,Yes,Yes,One year,Yes,Credit card (automatic),79.4,1990.03,No
4154-DQUTN,Male,0,No,No,55,Yes,Yes,Fiber optic,Yes,Yes,No,No,Yes,No,One year,No,Mailed check,81.07,4406.67,No
4155-ZHBHA,Male,0,No,Yes,33,Yes,Yes,DSL,No,No,Yes,Yes,No,No,Two year,No,Bank transfer (automatic),45.94,1513.13,No
4156-DSEEU,Female,0,No,No,43,Yes,No,No,No internet service,No internet service,No internet service,No internet service,No internet service,No internet service,One year,No,Bank transfer (automatic),19.96,891.44,No
4157-TXSLT,Female,0,No,No,6,Yes,No,DSL,No,Yes,No,Yes,No,No,Two year,No,Electronic check,48.22,319.96,Yes
4158-AGQBK,Male,0,Yes,No,50,Yes,Yes,Fiber optic,No,No,Yes,No,No,Yes,One year,Yes,Mailed check,61.44,3010.29,No
4159-GQCVF,Female,0,Yes,Yes,24,Yes,Yes,No,No internet service,No internet service,No internet service,No internet service,No internet service,No internet service,Month-to-month,Yes,Credit card (automatic),18.88,397.91,No
4160-VKRRV,Female,0,No,No,27,Yes,No,Fiber optic,Yes,No,No,No,No,Yes,Two year,Yes,Mailed check,73.88,1888.24,No
4161-JEWWU,Male,0,Yes,Yes,41,Yes,No,Fiber optic,No,Yes,Yes,Yes,Yes,No,Month-to-month,No,Mailed check,77.94,3172.84,Yes
4162-XZVOU,Male,0,Yes,Yes,26,Yes,No,No,No internet service,No internet service,No internet service,No internet service,No internet service,No internet service,Month-to-month,No,Bank transfer (automatic),20.68,495.94,No
4163-TWDUU,Female,1,No,Yes,36,Yes,No,No,No internet service,No internet service,No internet service,No internet service,No internet service,No internet service,One year,Yes,Bank transfer (automatic),24.29,767.32,No
4164-AOQSN,Female,0,Yes,Yes,54,No,No phone service,DSL,Yes,No,No,Yes,No,No,Month-to-month,Yes,Electronic check,39.36,2147.31,No
4165-SRBFM,Female,0,Yes,No,37,No,No phone service,DSL,Yes,Yes,No,Yes,Yes,No,Month-to-month,No,Bank transfer (automatic),56.49,2076.66,No
4166-QFUVE,Male,0,No,Yes,55,Yes,Yes,Fiber optic,Yes,No,No,No,No,No,Month-to-month,No,Credit card (automatic),69.13,3831.22,Yes
4167-GAMSV,Female,0,Yes,Yes,33,No,No phone service,No,No internet service,No internet service,No internet service,No internet service,No internet service,No internet service,Month-to-month,No,Electronic check,23.6,797.24,Yes
4168-AMKGT,Male,0,Yes,No,28,Yes,No,No,No internet service,No internet service,No internet service,No internet service,No internet service,No internet service,Two year,No,Bank transfer (automatic),18.25,552.0,No
4169-CZYAH,Male,0,Yes,No,47,Yes,No,DSL,No,No,Yes,Yes,No,No,One year,Yes,Electronic check,38.96,1815.2,Yes
4170-QMNEZ,Female,0,No,No,71,Yes,No,Fiber optic,Yes,Yes,No,No,Yes,No,One year,No,Electronic check,77.44,5497.75,No
4171-XVWXF,Male,0,Yes,No,45,Yes,No,Fiber optic,No,Yes,No,Yes,No,No,Month-to-month,No,Electronic check,56.28,2523.54,Yes
4172-VFUHM,Male,0,Yes,No,36,Yes,No,DSL,No,Yes,No,No,No,No,Month-to-month,Yes,Bank transfer (automatic),45.89,1699.76,No
4173-RWDQE,Male,0,No,No,2,Yes,Yes,Fiber optic,Yes,Yes,No,No,Yes,No,One year,No,Bank transfer (automatic),73.84,183.51,Yes
4174-CDWEN,Female,0,Yes,No,49,Yes,Yes,Fiber optic,No,No,No,No,Yes,No,Month-to-month,Yes,Electronic check,69.12,3411.3,Yes
4175-OTQFJ,Female,0,Yes,Yes,20,Yes,Yes,DSL,No,Yes,No,No,No,No,Month-to-month,Yes,Electronic check,41.58,764.15,Yes
4176-VWPQN,Female,0,No,No,47,Yes,No,Fiber optic,Yes,No,Yes,No,No,Yes,Month-to-month,Yes,Credit card (automatic),73.48,3553.4,No
4177-TLIOL,Male,0,Yes,Yes,57,Yes,No,No,No internet service,No internet service,No internet service,No internet service,No internet service,No internet service,One year,Yes,Bank transfer (automatic),29.47,1656.18,No
4178-NZVRT,Female,1,Yes,No,30,Yes,No,No,No internet service,No internet service,No internet service,No internet service,No internet service,No internet service,One year,No,Mailed check,18.25,532.64,No
4179-FDZWL,Male,0,No,No,6,Yes,Yes,No,No internet service,No internet service,No internet service,No internet service,No internet service,No internet service,Month-to-month,No,Electronic check,30.87,268.87,Yes
4180-MSVML,Female,0,No,Yes,56,Yes,No,No,No internet service,No internet service,No internet service,No internet service,No internet service,No internet service,Two year,No,Credit card (automatic),19.81,1114.16,No
4181-TCCNR,Male,0,No,No,35,Yes,Yes,DSL,No,No,Yes,No,Yes,No,One year,Yes,Mailed check,53.19,1842.99,No
4182-SJQOS,Female,0,No,No,23,Yes,No,No,No internet service,No internet service,No internet service,No internet service,No internet service,No internet service,Month-to-month,Yes,Credit card (automatic),18.25,456.06,No
4183-IDOSP,Female,0,Yes,No,23,Yes,Yes,DSL,No,Yes,Yes,Yes,No,No,Month-to-month,No,Electronic check,50.81,1118.02,Yes
4184-HQUAG,Male,0,No,No,55,Yes,Yes,No,No internet service,No internet service,No internet service,No internet service,No internet service,No internet service,Two year,Yes,Credit card (automatic),19.66,996.6,No
4185-URLPA,Male,0,Yes,Yes,60,Yes,Yes,Fiber optic,No,Yes,No,No,Yes,No,Month-to-month,Yes,Mailed check,72.31,4302.0,Yes
4186-OGQCK,Female,0,Yes,No,69,Yes,No,DSL,No,No,No,No,No,No,Month-to-month,Yes,Credit card (automatic),36.87,2632.01,No
4187-FFOGK,Female,0,No,No,27,Yes,No,Fiber optic,No,No,Yes,No,No,Yes,One year,Yes,Electronic check,59.8,1570.81,No
4188-QWRVX,Male,0,Yes,No,31,Yes,Yes,Fiber optic,Yes,Yes,No,Yes,No,No,One year,Yes,Credit card (automatic),64.99,1996.87,No
4189-UZSHX,Female,0,No,No,44,Yes,No,Fiber optic,No,No,No,Yes,No,No,One year,Yes,Electronic check,55.25,2439.59,No
4190-THUKU,Male,0,Yes,No,68,Yes,No,Fiber optic,Yes,Yes,Yes,Yes,No,Yes,Month-to-month,No,Electronic check,74.91,5122.42,No
4191-CWNIY,Male,0,Yes,No,67,Yes,No,No,No internet service,No internet service,No internet service,No internet service,No internet service,No internet service,Month-to-month,Yes,Mailed check,24.87,1684.59,No
4192-AAZLK,Male,0,No,No,17,Yes,No,Fiber optic,Yes,No,No,No,No,No,Month-to-month,No,Bank transfer (automatic),66.7,1088.45,Yes
4193-UATLQ,Male,1,Yes,No,1,Yes,Yes,Fiber optic,No,No,Yes,No,Yes,No,Month-to-month,No,Mailed check,76.8,154.83,Yes
4194-OBRPD,Male,0,No,Yes,2,Yes,No,No,No internet service,No internet service,No internet service,No internet service,No internet service,No internet service,Two year,Yes,Bank transfer (automatic),18.25,30.83,No
4195-HBNYO,Male,0,Yes,No,28,No,No phone service,DSL,No,No,No,Yes,No,No,Two year,No,Credit card (automatic),35.51,1053.17,No
4196-IBQZJ,Male,0,Yes,No,47,Yes,Yes,Fiber optic,No,No,Yes,Yes,No,Yes,Month-to-month,No,Credit card (automatic),71.49,3302.36,Yes
4197-IBXSQ,Male,0,Yes,No,64,Yes,No,No,No internet service,No internet service,No internet service,No internet service,No internet service,No internet service,Month-to-month,Yes,Credit card (automatic),18.25,1190.8,Yes
4198-KQJRW,Male,1,Yes,No,41,Yes,Yes,Fiber optic,Yes,Yes,No,No,Yes,Yes,Month-to-month,No,Credit card (automatic),86.79,3588.24,No
4199-FPRTR,Male,0,No,Yes,5,Yes,No,Fiber optic,No,No,Yes,Yes,No,Yes,Month-to-month,No,Electronic check,71.6,319.02,Yes
4200-ACOTJ,Male,0,No,No,58,Yes,No,DSL,Yes,No,Yes,No,No,No,One year,No,Bank transfer (automatic),41.19,2425.25,No
4201-UEOWN,Male,0,No,No,18,No,No phone service,DSL,No,No,No,No,No,No,Month-to-month,Yes,Bank transfer (automatic),28.99,451.21,No
4202-OJXIL,Male,0,No,No,51,Yes,No,DSL,No,Yes,Yes,No,No,No,Month-to-month,No,Electronic check,41.61,2070.88,No
4203-GEYXJ,Male,0,No,Yes,60,Yes,No,DSL,No,No,Yes,No,Yes,Yes,Two year,Yes,Mailed check,66.12,4002.42,No
4204-YZHVT,Male,0,Yes,No,1,Yes,No,Fiber optic,No,No,No,No,No,No,One year,Yes,Bank transfer (automatic),59.83,18.8,No
4205-YPLIJ,Male,0,Yes,No,22,Yes,Yes,DSL,No,Yes,No,Yes,No,No,Month-to-month,No,Electronic check,43.73,997.77,No
4206-PJIZC,Female,0,No,Yes,18,Yes,No,DSL,No,No,Yes,No,Yes,No,Month-to-month,No,Bank transfer (automatic),52.77,896.05,Yes
4207-SKFFO,Female,0,Yes,No,69,Yes,Yes,No,No internet service,No internet service,No internet service,No internet service,No internet service,No internet service,One year,No,Electronic check,18.25,1297.18,No
4208-OMVEN,Male,1,Yes,Yes,49,Yes,Yes,DSL,No,No,Yes,No,Yes,No,Month-to-month,Yes,Bank transfer (automatic),37.56,1752.11,No
4209-UBWLT,Female,0,No,No,60,Yes,No,Fiber optic,No,Yes,Yes,No,No,Yes,Month-to-month,Yes,Electronic check,67.42,4029.86,Yes
4210-NSXTO,Female,0,Yes,No,18,Yes,No,DSL,Yes,No,Yes,Yes,Yes,Yes,One year,Yes,Bank transfer (automatic),61.42,1131.88,No
4211-TXQYN,Female,1,Yes,No,21,No,No phone service,Fiber optic,Yes,No,No,No,No,Yes,Two year,No,Bank transfer (automatic),75.14,1671.94,No
4212-WRVXE,Male,0,Yes,No,2,Yes,Yes,DSL,No,Yes,No,No,Yes,Yes,Month-to-month,Yes,Bank transfer (automatic),70.78,102.26,Yes
4213-VLJHF,Male,0,No,No,4,Yes,No,DSL,No,No,Yes,No,Yes,No,Month-to-month,Yes,Electronic check,46.87,96.6,Yes
4214-YOLYY,Male,0,Yes,No,66,Yes,No,No,No internet service,No internet service,No internet service,No internet service,No internet service,No internet service,Two year,No,Bank transfer (automatic),25.57,1630.12,No
4215-FLOLI,Female,0,No,No,59,Yes,No,Fiber optic,No,No,No,No,No,Yes,Month-to-month,No,Mailed check,74.81,4444.62,No
4216-SUBMM,Female,0,Yes,No,38,Yes,No,Fiber optic,Yes,No,Yes,No,No,No,Month-to-month,Yes,Mailed check,61.86,2448.13,No
4217-HMDFF,Male,0,No,No,27,Yes,Yes,DSL,Yes,Yes,No,Yes,No,Yes,One year,No,Bank transfer (automatic),61.26,1620.55,No
4218-ULLQG,Female,0,Yes,No,0,Yes,Yes,Fiber optic,No,No,Yes,No,No,Yes,Month-to-month,No,Mailed check,72.25,47.85,No
4219-ZOXQJ,Female,0,No,No,21,Yes,Yes,Fiber optic,Yes,Yes,Yes,No,Yes,No,Month-to-month,No,Credit card (automatic),82.4,1734.8,No
4220-WTFIO,Male,0,No,No,44,Yes,Yes,DSL,No,Yes,No,Yes,No,No,Month-to-month,Yes,Electronic check,44.12,1963.73,No
4221-PUHPE,Female,0,No,No,50,Yes,Yes,Fiber optic,Yes,Yes,No,Yes,Yes,Yes,Month-to-month,Yes,Bank transfer (automatic),93.25,4650.97,No
4222-RTNBW,Female,0,No,No,50,No,No phone service,DSL,No,No,No,Yes,Yes,Yes,One year,Yes,Electronic check,67.12,3302.1,No
4223-WCNGO,Male,0,No,No,27,Yes,Yes,Fiber optic,Yes,No,No,Yes,No,Yes,One year,No,Credit card (automatic),86.31,2394.91,No
4224-QAIVN,Female,0,Yes,No,29,Yes,No,No,No internet service,No internet service,No internet service,No internet service,No internet service,No internet service,Month-to-month,No,Mailed check,21.61,604.14,No
4225-PUMFV,Male,1,No,Yes,7,Yes,No,DSL,No,Yes,Yes,No,Yes,No,Month-to-month,Yes,Bank transfer (automatic),55.6,350.34,Yes
4226-AUYDC,Male,0,No,No,40,Yes,No,Fiber optic,No,Yes,No,No,No,No,Month-to-month,Yes,Electronic check,63.19,2537.3,Yes
4227-QBSTW,Male,0,Yes,No,24,Yes,Yes,Fiber optic,Yes,Yes,Yes,No,Yes,Yes,Month-to-month,Yes,Credit card (automatic),86.48,2069.07,No
4228-VHYOF,Male,0,Yes,Yes,58,Yes,No,DSL,No,No,No,No,Yes,No,One year,No,Credit card (automatic),41.97,2536.81,No
4229-WTBYY,Male,0,Yes,No,33,Yes,No,No,No internet service,No internet service,No internet service,No internet service,No internet service,No internet service,One year,No,Mailed check,18.25,607.3,No
4230-OTLCJ,Male,0,Yes,Yes,38,Yes,No,DSL,Yes,Yes,Yes,No,No,No,One year,No,Credit card (automatic),53.4,2029.55,No
4231-NVNCA,Male,0,Yes,No,70,Yes,No,Fiber optic,No,Yes,No,No,Yes,No,Month-to-month,No,Bank transfer (automatic),72.07,5095.88,No
4232-TABSX,Female,0,No,Yes,45,No,No phone service,Fiber optic,Yes,No,No,No,No,Yes,Two year,Yes,Electronic check,71.95,3239.73,No
4233-JDDMZ,Male,1,Yes,No,37,Yes,Yes,DSL,Yes,Yes,No,Yes,Yes,Yes,One year,Yes,Credit card (automatic),70.47,2639.96,No
4234-IGPRC,Female,0,Yes,No,32,No,No phone service,Fiber optic,No,Yes,Yes,No,Yes,Yes,Month-to-month,No,Bank transfer (automatic),89.8,2891.27,No
4235-TTJXZ,Female,0,No,No,21,Yes,No,Fiber optic,No,No,No,No,No,Yes,Month-to-month,No,Credit card (automatic),67.94,1476.06,No
4236-ZVPCK,Male,0,No,Yes,26,Yes,No,No,No internet service,No internet service,No internet service,No internet service,No internet service,No internet service,Two year,No,Mailed check,18.25,527.88,No
4237-YJPHI,Female,0,Yes,No,62,Yes,No,Fiber optic,No,No,Yes,Yes,No,No,Month-to-month,No,Mailed check,53.57,3277.82,Yes
4238-OUCDM,Male,0,Yes,No,26,Yes,No,Fiber optic,No,No,Yes,Yes,Yes,No,One year,Yes,Electronic check,79.69,2017.41,No
4239-LUIYN,Male,0,Yes,No,20,Yes,No,Fiber optic,Yes,Yes,Yes,No,No,No,Month-to-month,No,Electronic check,77.37,1489.54,Yes
4240-SGPVT,Male,1,Yes,Yes,52,Yes,Yes,Fiber optic,Yes,No,No,No,No,No,Month-to-month,Yes,Electronic check,75.29,3934.37,Yes
4241-EJRKG,Male,0,Yes,No,34,Yes,No,No,No internet service,No internet service,No internet service,No internet service,No internet service,No internet service,Two year,No,Bank transfer (automatic),19.68,742.28,No
4242-NTRKV,Male,0,Yes,No,46,Yes,No,Fiber optic,No,Yes,Yes,No,Yes,Yes,Month-to-month,Yes,Mailed check,80.11,3596.8,Yes
4243-LRZBW,Male,0,Yes,Yes,49,Yes,Yes,DSL,No,No,No,No,Yes,Yes,One year,Yes,Bank transfer (automatic),59.51,3008.94,No
4244-AWJUA,Female,0,No,Yes,9,Yes,No,Fiber optic,No,No,No,No,Yes,Yes,Month-to-month,No,Bank transfer (automatic),77.08,738.37,No
4245-FGQIG,Female,0,Yes,No,27,Yes,No,Fiber optic,No,No,No,No,Yes,No,Month-to-month,Yes,Mailed check,78.23,2052.66,No
4246-QCPET,Female,0,Yes,No,36,Yes,Yes,DSL,No,No,No,No,Yes,Yes,Two year,No,Bank transfer (automatic),58.69,2094.79,No
4247-RADWK,Female,0,No,No,40,Yes,Yes,DSL,No,Yes,No,No,No,No,Month-to-month,Yes,Mailed check,61.3,2405.97,No
4248-TIHHE,Female,0,No,No,60,Yes,No,Fiber optic,Yes,Yes,No,No,No,No,Month-to-month,No,Bank transfer (automatic),73.29,4459.06,Yes
4249-LAOYR,Male,1,Yes,No,50,Yes,Yes,No,No internet service,No internet service,No internet service,No internet service,No internet service,No internet service,One year,Yes,Electronic check,27.02,1388.24,No
4250-FJNUZ,Female,0,Yes,No,7,Yes,Yes,DSL,No,Yes,Yes,Yes,Yes,Yes,One year,Yes,Bank transfer (automatic),56.92,381.69,No
4251-HCVVZ,Male,0,No,Yes,57,Yes,No,Fiber optic,No,Yes,No,No,No,No,Month-to-month,Yes,Electronic check,75.24,4287.72,No
4252-SLLOG,Male,1,Yes,Yes,60,Yes,No,Fiber optic,No,No,Yes,Yes,No,No,One year,Yes,Credit card (automatic),59.9,3633.8,No
4253-DUIVP,Male,1,No,Yes,32,Yes,Yes,DSL,Yes,No,Yes,Yes,No,No,Two year,No,Mailed check,43.65,1383.75,No
4254-ZMDXI,Male,0,No,Yes,18,Yes,No,No,No internet service,No internet service,No internet service,No internet service,No internet service,No internet service,Two year,No,Electronic check,18.25,287.52,No
4255-ZUROO,Male,0,Yes,No,29,Yes,No,Fiber optic,No,No,No,No,No,Yes,Month-to-month,No,Mailed check,63.36,1831.75,Yes
4256-FKHUQ,Male,0,No,Yes,13,Yes,Yes,Fiber optic,Yes,No,No,Yes,No,Yes,Month-to-month,Yes,Credit card (automatic),76.84,1014.25,No
4257-XYQXZ,Male,0,No,No,35,Yes,Yes,DSL,No,No,Yes,Yes,No,Yes,Month-to-month,Yes,Bank transfer (automatic),44.85,1517.48,No
4258-RDOBB,Female,0,No,No,6,Yes,No,DSL,No,Yes,No,Yes,No,Yes,Month-to-month,Yes,Electronic check,61.35,352.94,Yes
4259-JCHTG,Male,1,Yes,No,33,Yes,Yes,DSL,Yes,No,No,No,No,Yes,Month-to-month,Yes,Electronic check,53.43,1760.5,Yes
4260-LZSZO,Male,0,No,No,49,Yes,No,Fiber optic,Yes,No,No,Yes,Yes,No,Month-to-month,No,Mailed check,74.16,3634.78,No
4261-NPNCR,Female,0,No,Yes,31,Yes,No,No,No internet service,No internet service,No internet service,No internet service,No internet service,No internet service,Two year,Yes,Electronic check,18.25,629.03,No
4262-VFQWN,Female,0,No,No,41,Yes,No,Fiber optic,Yes,No,No,Yes,No,No,Month-to-month,Yes,Bank transfer (automatic),68.41,2832.94,No
4263-NTMCM,Male,0,No,Yes,32,Yes,No,Fiber optic,No,Yes,No,Yes,Yes,Yes,Month-to-month,Yes,Credit card (automatic),83.21,2687.07,No
4264-XBIMH,Female,0,Yes,No,13,Yes,No,No,No internet service,No internet service,No internet service,No internet service,No internet service,No internet service,Month-to-month,Yes,Credit card (automatic),18.25,181.78,Yes
4265-PXCMD,Male,0,Yes,No,27,Yes,No,No,No internet service,No internet service,No internet service,No internet service,No internet service,No internet service,One year,Yes,Credit card (automatic),18.25,468.16,No
4266-RBTVU,Male,0,Yes,No,38,Yes,Yes,Fiber optic,Yes,Yes,No,No,Yes,No,Month-to-month,No,Electronic check,84.92,3240.49,Yes
4267-OQJAF,Male,0,Yes,No,30,No,No phone service,DSL,Yes,No,Yes,No,No,No,Month-to-month,Yes,Credit card (automatic),45.43,1359.4,No
4268-CSGMM,Male,0,Yes,No,23,Yes,Yes,DSL,No,Yes,No,Yes,Yes,Yes,Month-to-month,Yes,Electronic check,63.15,1495.39,Yes
4269-QANZC,Female,0,Yes,No,3,Yes,No,DSL,No,Yes,No,Yes,Yes,No,Month-to-month,No,Bank transfer (automatic),60.19,213.46,Yes
4270-NXAPJ,Female,0,Yes,Yes,8,Yes,No,Fiber optic,Yes,Yes,No,Yes,Yes,Yes,One year,Yes,Credit card (automatic),91.13,626.05,No
4271-MDIND,Female,0,No,Yes,69,No,No phone service,Fiber optic,No,No,No,No,No,Yes,One year,Yes,Bank transfer (automatic),70.46,4873.88,No
4272-JHWCW,Male,1,No,No,23,Yes,Yes,No,No internet service,No internet service,No internet service,No internet service,No internet service,No internet service,Month-to-month,No,Credit card (automatic),18.25,443.87,Yes
4273-GJCBO,Male,1,No,No,64,Yes,Yes,Fiber optic,No,Yes,No,No,No,No,Month-to-month,Yes,Mailed check,68.5,4280.66,No
4274-IOQGT,Female,0,No,No,16,Yes,Yes,Fiber optic,Yes,No,Yes,Yes,No,Yes,Month-to-month,No,Electronic check,78.73,1277.09,Yes
4275-RORXW,Female,0,Yes,Yes,36,Yes,No,Fiber optic,Yes,Yes,Yes,No,No,No,Month-to-month,Yes,Electronic check,71.42,2708.87,Yes
4276-LWUZH,Male,0,Yes,No,49,Yes,No,DSL,Yes,No,No,No,No,Yes,Two year,Yes,Electronic check,55.48,2693.03,No
4277-BBEAV,Female,1,No,Yes,44,Yes,Yes,DSL,Yes,Yes,Yes,No,No,Yes,Month-to-month,Yes,Credit card (automatic),69.39,3029.48,No
4278-DFWMS,Female,0,No,No,19,Yes,No,Fiber optic,Yes,No,No,No,Yes,No,Month-to-month,Yes,Mailed check,70.77,1355.86,Yes
4279-KMHGM,Male,0,Yes,Yes,58,Yes,Yes,DSL,No,No,Yes,Yes,No,No,Two year,No,Mailed check,38.36,2276.69,No
4280-AFGPO,Female,0,No,Yes,58,No,No phone service,Fiber optic,Yes,No,No,Yes,No,Yes,Month-to-month,No,Electronic check,70.7,4146.44,No
4281-TBZYW,Male,0,No,No,10,Yes,Yes,DSL,No,No,Yes,No,No,No,One year,No,Electronic check,40.88,368.32,No
4282-PQXOC,Female,0,No,No,54,Yes,No,Fiber optic,Yes,No,Yes,No,No,No,Two year,No,Credit card (automatic),60.05,3259.1,No
4283-DLEQF,Female,0,Yes,Yes,64,Yes,No,DSL,Yes,No,No,Yes,No,Yes,Two year,Yes,Bank transfer (automatic),53.44,3401.61,No
4284-JVRJF,Male,0,No,No,57,Yes,Yes,DSL,No,No,Yes,No,Yes,No,Two year,Yes,Electronic check,54.21,3060.88,No
4285-XFTOD,Male,0,No,Yes,43,Yes,Yes,No,No internet service,No internet service,No internet service,No internet service,No internet service,No internet service,Two year,Yes,Credit card (automatic),18.25,827.78,No
4286-YPVXH,Male,0,Yes,No,13,Yes,No,Fiber optic,No,No,No,No,Yes,No,One year,No,Electronic check,74.19,1085.59,Yes
4287-GSZQU,Male,0,Yes,No,51,Yes,No,Fiber optic,Yes,No,No,No,Yes,No,Month-to-month,No,Electronic check,69.33,3525.12,No
4288-MOZZB,Male,0,Yes,No,33,Yes,Yes,Fiber optic,Yes,Yes,Yes,No,Yes,No,Month-to-month,Yes,Electronic check,80.9,2639.73,Yes
4289-JMRWK,Male,0,Yes,No,62,Yes,No,Fiber optic,No,No,No,No,No,No,Month-to-month,Yes,Bank transfer (automatic),62.03,3791.19,Yes
4290-MSXYX,Female,0,Yes,Yes,26,Yes,No,Fiber optic,No,Yes,Yes,No,Yes,No,Two year,No,Bank transfer (automatic),80.27,2143.48,Yes
4291-VECSW,Female,1,Yes,Yes,11,Yes,No,No,No internet service,No internet service,No internet service,No internet service,No internet service,No internet service,Month-to-month,Yes,Credit card (automatic),24.51,378.35,No
4292-MELNF,Male,0,Yes,No,37,Yes,No,DSL,No,Yes,Yes,No,No,No,Month-to-month,Yes,Credit card (automatic),40.69,1430.52,Yes
4293-VIQHZ,Male,0,Yes,No,55,Yes,Yes,No,No internet service,No internet service,No internet service,No internet service,No internet service,No internet service,One year,Yes,Mailed check,21.33,1156.47,No
4294-MEVVQ,Male,0,Yes,No,64,No,No phone service,No,No internet service,No internet service,No internet service,No internet service,No internet service,No internet service,Month-to-month,Yes,Bank transfer (automatic),18.25,1057.95,No
4295-CFNON,Female,1,No,Yes,39,Yes,Yes,DSL,Yes,Yes,Yes,No,Yes,Yes,One year,Yes,Credit card (automatic),72.96,2877.2,No
4296-KKIFO,Female,0,No,No,20,Yes,No,Fiber optic,No,No,No,No,No,No,One year,No,Electronic check,65.2,1271.03,No
4297-LFAYP,Female,0,Yes,No,31,Yes,No,Fiber optic,No,Yes,Yes,No,No,No,Month-to-month,No,Electronic check,64.78,1959.48,Yes
4298-TOBQC,Female,0,Yes,Yes,11,Yes,No,No,No internet service,No internet service,No internet service,No internet service,No internet service,No internet service,Month-to-month,No,Credit card (automatic),20.14,190.55,Yes
4299-CEQWQ,Male,0,No,No,25,Yes,Yes,DSL,Yes,No,Yes,No,No,No,Month-to-month,Yes,Credit card (automatic),44.61,1048.04,Yes
4300-TFAGZ,Female,0,No,No,35,No,No phone service,Fiber optic,No,Yes,Yes,Yes,Yes,Yes,Month-to-month,Yes,Bank transfer (automatic),82.34,2942.56,Yes
4301-OGSTV,Female,1,Yes,No,15,No,No phone service,No,No internet service,No internet service,No internet service,No internet service,No internet service,No internet service,Month-to-month,Yes,Electronic check,18.25,313.54,Yes
4302-KWNMT,Female,0,No,No,33,Yes,Yes,DSL,No,Yes,Yes,No,No,No,Month-to-month,No,Electronic check,49.86,1713.1,Yes
4303-ZYIIP,Male,1,Yes,No,23,Yes,Yes,DSL,Yes,No,No,No,Yes,No,One year,Yes,Bank transfer (automatic),53.78,1210.61,No
4304-LJFRB,Female,0,No,Yes,71,Yes,Yes,No,No internet service,No internet service,No internet service,No internet service,No internet service,No internet service,Two year,No,Mailed check,20.68,1487.3,No
4305-TISFB,Male,1,No,No,38,Yes,No,No,No internet service,No internet service,No internet service,No internet service,No internet service,No internet service,Month-to-month,No,Mailed check,23.0,896.18,No
4306-OQPUH,Female,0,Yes,No,63,Yes,Yes,Fiber optic,No,No,No,Yes,No,Yes,Month-to-month,Yes,Electronic check,71.1,4504.41,No
4307-JJRJI,Female,0,No,No,28,Yes,Yes,Fiber optic,No,Yes,No,No,No,Yes,Month-to-month,No,Mailed check,71.58,1980.33,Yes
4308-XSADX,Female,0,Yes,Yes,30,Yes,Yes,No,No internet service,No internet service,No internet service,No internet service,No internet service,No internet service,Two year,Yes,Electronic check,19.69,620.32,No
4309-CJLRW,Male,0,No,No,62,Yes,No,No,No internet service,No internet service,No internet service,No internet service,No internet service,No internet service,Month-to-month,No,Electronic check,23.02,1470.7,No
4310-TFUBJ,Female,0,Yes,No,42,Yes,No,Fiber optic,No,No,Yes,No,No,Yes,Month-to-month,Yes,Mailed check,71.74,3025.15,Yes
4311-BIJBH,Female,0,No,No,18,Yes,Yes,Fiber optic,No,No,No,No,Yes,Yes,Month-to-month,Yes,Mailed check,73.25,1330.68,No
4312-XQQDR,Male,0,Yes,No,9,Yes,No,Fiber optic,Yes,Yes,Yes,Yes,No,No,One year,Yes,Credit card (automatic),62.76,654.7,No
4313-LQISN,Female,0,No,Yes,55,Yes,No,DSL,Yes,No,Yes,Yes,Yes,No,One year,No,Credit card (automatic),51.4,2866.06,No
4314-NQBHE,Female,0,No,No,59,Yes,Yes,DSL,No,Yes,Yes,Yes,No,No,Two year,Yes,Electronic check,43.45,2523.39,No
4315-GVPPQ,Female,0,Yes,No,42,Yes,No,No,No internet service,No internet service,No internet service,No internet service,No internet service,No internet service,Two year,Yes,Electronic check,18.25,750.55,No
4316-VGTHH,Female,1,Yes,Yes,47,Yes,No,DSL,No,No,No,No,No,No,Month-to-month,Yes,Bank transfer (automatic),31.27,1552.28,Yes
4317-WKORF,Female,1,Yes,Yes,39,Yes,No,DSL,No,No,Yes,No,No,Yes,Two year,Yes,Bank transfer (automatic),43.22,1818.81,No
4318-VLOWF,Male,0,No,No,33,Yes,No,Fiber optic,No,Yes,No,No,No,Yes,Two year,No,Electronic check,73.12,2384.4,Yes
4319-RXTIH,Female,0,No,No,0,Yes,No,DSL,Yes,Yes,Yes,No,No,No,Month-to-month,No,Electronic check,58.31,27.36,No
4320-NSSHB,Female,0,Yes,No,18,Yes,Yes,DSL,No,Yes,Yes,Yes,Yes,No,Month-to-month,Yes,Mailed check,66.38,1214.56,Yes
4321-YDFCC,Male,0,No,No,0,Yes,No,Fiber optic,No,Yes,No,No,Yes,No,Month-to-month,Yes,Mailed check,78.11,23.68,Yes
4322-SKJLN,Male,0,Yes,Yes,24,Yes,No,Fiber optic,No,No,No,No,Yes,No,Two year,Yes,Bank transfer (automatic),69.15,1619.23,No
4323-RXIOX,Female,0,Yes,No,67,No,No phone service,DSL,Yes,No,No,No,No,No,Two year,No,Bank transfer (automatic),45.17,3055.44,No
4324-ZCWKJ,Female,0,Yes,No,27,Yes,Yes,Fiber optic,No,No,Yes,No,No,No,Two year,Yes,Mailed check,60.44,1591.97,No
4325-RDMFU,Female,0,No,No,44,Yes,No,Fiber optic,Yes,No,Yes,Yes,No,No,Month-to-month,Yes,Bank transfer (automatic),66.39,2833.29,No
4326-MYZTE,Male,0,No,No,23,Yes,No,DSL,No,Yes,No,No,No,No,One year,No,Electronic check,44.32,1061.43,No
4327-TNMNH,Female,1,No,Yes,43,Yes,No,No,No internet service,No internet service,No internet service,No internet service,No internet service,No internet service,One year,Yes,Bank transfer (automatic),18.25,876.59,No
4328-PMXOS,Male,0,Yes,No,1,Yes,Yes,DSL,No,No,No,No,No,Yes,Month-to-month,Yes,Bank transfer (automatic),58.53,38.52,No
4329-AVBRS,Male,0,No,Yes,22,Yes,Yes,Fiber optic,No,No,No,No,No,Yes,Two year,Yes,Electronic check,63.83,1404.99,No
4330-HCWZN,Male,0,Yes,Yes,61,Yes,No,Fiber optic,Yes,Yes,No,Yes,No,No,Two year,Yes,Mailed check,74.59,4504.54,No
4331-ZIHQW,Female,0,Yes,No,14,Yes,No,DSL,No,Yes,No,No,No,Yes,Month-to-month,Yes,Mailed check,46.1,654.86,Yes
4332-WXPJU,Female,0,Yes,Yes,31,Yes,Yes,DSL,Yes,No,No,No,No,Yes,Month-to-month,No,Electronic check,57.18,1766.35,Yes
4333-JYYXF,Female,0,Yes,No,3,Yes,No,No,No internet service,No internet service,No internet service,No internet service,No internet service,No internet service,One year,No,Electronic check,18.25,18.8,No
4334-VQPOV,Male,0,No,Yes,30,Yes,Yes,Fiber optic,Yes,No,No,Yes,No,No,Month-to-month,Yes,Credit card (automatic),74.35,2200.8,No
4335-NDDBK,Female,0,No,No,58,Yes,Yes,Fiber optic,No,No,Yes,No,No,Yes,Month-to-month,Yes,Electronic check,66.24,3742.34,No
4336-DUUPU,Female,0,No,Yes,70,Yes,Yes,Fiber optic,No,No,No,No,No,No,Month-to-month,No,Mailed check,60.74,4166.34,Yes
4337-DAZXS,Male,0,Yes,No,0,Yes,Yes,DSL,Yes,Yes,No,No,No,No,Two year,No,Electronic check,54.72,18.8,Yes
4338-BIWYM,Male,0,Yes,Yes,68,Yes,No,Fiber optic,No,No,No,No,No,No,Month-to-month,Yes,Credit card (automatic),54.56,3675.31,Yes
4339-RPPYJ,Male,0,Yes,No,13,Yes,Yes,Fiber optic,No,Yes,No,No,No,Yes,One year,Yes,Electronic check,75.5,965.99,Yes
4340-IKYZZ,Male,0,Yes,No,22,Yes,No,Fiber optic,Yes,No,No,No,No,Yes,One year,No,Bank transfer (automatic),73.56,1635.67,No
4341-DJCFC,Male,0,No,No,70,Yes,No,Fiber optic,Yes,No,No,No,No,Yes,Month-to-month,Yes,Electronic check,79.97,5646.78,No
4342-ICRHV,Female,0,Yes,No,15,Yes,Yes,Fiber optic,No,No,No,No,No,No,Month-to-month,Yes,Mailed check,65.14,904.63,No
4343-HOMGS,Male,0,No,Yes,8,Yes,No,DSL,Yes,No,No,No,Yes,No,Two year,No,Mailed check,56.76,504.36,No
4344-HJQAM,Female,0,Yes,Yes,30,Yes,No,Fiber optic,No,No,No,Yes,No,Yes,Month-to-month,Yes,Mailed check,63.31,1883.17,Yes
4345-ZMXPI,Male,0,Yes,Yes,60,Yes,Yes,No,No internet service,No internet service,No internet service,No internet service,No internet service,No internet service,Two year,No,Mailed check,18.25,1127.5,No
4346-JFEBK,Female,0,Yes,No,44,Yes,No,Fiber optic,Yes,Yes,No,No,No,Yes,Two year,No,Bank transfer (automatic),79.56,3532.93,No
4347-IFHII,Female,0,No,No,6,Yes,No,Fiber optic,Yes,Yes,No,No,Yes,Yes,Month-to-month,Yes,Mailed check,96.29,589.34,Yes
4348-HLZHC,Male,0,Yes,Yes,56,Yes,No,DSL,No,No,No,No,No,No,Month-to-month,Yes,Electronic check,33.06,1871.48,Yes
4349-MSBQP,Male,0,No,No,63,Yes,No,Fiber optic,Yes,No,No,Yes,Yes,No,Month-to-month,Yes,Electronic check,73.67,4676.04,Yes
4350-DRNBM,Female,0,Yes,No,1,Yes,Yes,No,No internet service,No internet service,No internet service,No internet service,No internet service,No internet service,Month-to-month,No,Electronic check,26.5,152.63,No
4351-UTQOY,Male,0,Yes,Yes,5,No,No phone service,Fiber optic,Yes,Yes,No,Yes,No,Yes,Two year,No,Electronic check,78.92,535.47,Yes
4352-TEGRX,Male,0,No,No,60,Yes,No,Fiber optic,No,No,Yes,No,No,Yes,Month-to-month,Yes,Mailed check,69.97,4181.49,No
4353-KRZEM,Male,0,Yes,No,33,No,No phone service,No,No internet service,No internet service,No internet service,No internet service,No internet service,No internet service,Two year,Yes,Electronic check,18.25,673.43,No
4354-RBTDM,Male,0,Yes,No,16,Yes,Yes,DSL,No,Yes,No,Yes,No,Yes,One year,Yes,Credit card (automatic),52.7,846.15,No
4355-XPFZH,Male,0,No,No,25,Yes,No,Fiber optic,No,Yes,No,No,Yes,No,Month-to-month,No,Mailed check,77.78,1975.85,Yes
4356-PMWZD,Male,0,Yes,Yes,19,Yes,No,Fiber optic,Yes,No,No,No,No,No,Month-to-month,No,Bank transfer (automatic),61.0,1124.14,Yes
4357-BIRQH,Male,1,No,No,40,Yes,No,Fiber optic,Yes,No,No,Yes,Yes,No,Month-to-month,No,Electronic check,66.24,2708.86,Yes
4358-ZOIQW,Male,0,Yes,No,57,Yes,No,DSL,No,No,Yes,Yes,No,No,Two year,No,Electronic check,35.19,2035.71,No
4359-BFEQB,Female,0,Yes,No,53,Yes,Yes,Fiber optic,No,No,No,No,No,No,Month-to-month,No,Credit card (automatic),66.32,3576.49,Yes
4360-RJJFL,Female,1,Yes,No,28,Yes,No,DSL,No,No,No,No,No,Yes,Month-to-month,No,Mailed check,51.84,1418.05,Yes
4361-QMTPJ,Male,0,No,No,47,No,No phone service,No,No internet service,No internet service,No internet service,No internet service,No internet service,No internet service,One year,No,Electronic check,24.46,1014.22,No
4362-UBBWG,Male,0,No,Yes,21,No,No phone service,No,No internet service,No internet service,No internet service,No internet service,No internet service,No internet service,One year,No,Electronic check,22.99,584.03,No
4363-FALML,Female,0,No,No,71,Yes,No,DSL,No,No,Yes,No,No,No,Month-to-month,Yes,Electronic check,52.45,3690.57,Yes
4364-SIJQR,Male,0,No,No,70,Yes,No,Fiber optic,No,No,Yes,No,No,No,Month-to-month,No,Mailed check,65.09,4551.34,No
4365-HGIJL,Male,0,Yes,Yes,4,Yes,No,No,No internet service,No internet service,No internet service,No internet service,No internet service,No internet service,Month-to-month,Yes,Electronic check,19.82,173.88,Yes
4366-OODDW,Male,0,Yes,No,51,Yes,No,DSL,Yes,No,No,No,No,No,Month-to-month,No,Credit card (automatic),43.73,2179.63,No
4367-AZLYB,Male,0,Yes,Yes,0,No,No phone service,DSL,Yes,Yes,Yes,No,Yes,No,Month-to-month,No,Electronic check,62.42,28.9,Yes
4368-OQGFL,Female,0,No,No,44,Yes,Yes,Fiber optic,Yes,No,No,No,No,No,Month-to-month,Yes,Credit card (automatic),71.07,3231.66,Yes
4369-SAUZN,Male,0,No,No,39,Yes,No,Fiber optic,Yes,No,No,Yes,Yes,No,One year,Yes,Credit card (automatic),70.85,2778.92,No
4370-DEAAU,Female,0,Yes,Yes,63,Yes,No,Fiber optic,No,Yes,No,No,No,No,One year,Yes,Bank transfer (automatic),67.26,4343.43,No
4371-FEBYU,Male,0,Yes,Yes,10,Yes,No,No,No internet service,No internet service,No internet service,No internet service,No internet service,No internet service,Month-to-month,Yes,Electronic check,20.95,214.2,Yes
4372-EZISU,Female,0,No,No,51,Yes,No,No,No internet service,No internet service,No internet service,No internet service,No internet service,No internet service,Two year,No,Credit card (automatic),21.58,1153.68,No
4373-OMLEB,Female,0,No,No,6,Yes,No,No,No internet service,No internet service,No internet service,No internet service,No internet service,No internet service,Month-to-month,Yes,Bank transfer (automatic),18.48,104.93,No
4374-DRUJM,Female,0,No,Yes,50,Yes,Yes,DSL,No,No,Yes,No,No,Yes,One year,Yes,Mailed check,52.86,2604.9,No
4375-LBZON,Male,0,Yes,No,20,Yes,Yes,DSL,No,Yes,Yes,Yes,No,Yes,Two year,Yes,Credit card (automatic),61.55,1241.92,No
4376-YJVHY,Male,0,No,No,38,No,No phone service,No,No internet service,No internet service,No internet service,No internet service,No internet service,No internet service,Month-to-month,Yes,Electronic check,21.82,716.44,Yes
4377-OMHUU,Male,1,No,Yes,43,Yes,Yes,Fiber optic,Yes,No,Yes,Yes,Yes,No,Two year,Yes,Mailed check,66.08,2793.64,No
4378-VNAMH,Female,1,Yes,No,56,Yes,No,Fiber optic,No,No,No,No,No,Yes,One year,No,Bank transfer (automatic),65.3,3647.96,No
4379-RVIMC,Male,0,No,Yes,40,Yes,Yes,Fiber optic,No,No,No,No,Yes,Yes,Two year,Yes,Credit card (automatic),88.62,3563.71,No
4380-RJEYF,Male,0,Yes,Yes,38,Yes,Yes,No,No internet service,No internet service,No internet service,No internet service,No internet service,No internet service,One year,Yes,Credit card (automatic),18.25,781.66,No
4381-HXGUR,Female,0,Yes,No,19,Yes,No,DSL,Yes,Yes,Yes,No,No,No,Month-to-month,No,Electronic check,43.71,816.98,No
4382-NOJZU,Male,1,No,Yes,21,Yes,Yes,No,No internet service,No internet service,No internet service,No internet service,No internet service,No internet service,Month-to-month,Yes,Bank transfer (automatic),18.25,346.68,No
4383-LGGKM,Female,1,No,No,28,No,No phone service,Fiber optic,No,No,No,No,No,No,Month-to-month,Yes,Credit card (automatic),56.17,1587.04,Yes
4384-ORGFW,Male,0,Yes,No,45,Yes,Yes,No,No internet service,No internet service,No internet service,No internet service,No internet service,No internet service,Month-to-month,Yes,Electronic check,20.06,870.32,No
4385-KHTAH,Female,0,Yes,No,67,Yes,No,Fiber optic,No,No,Yes,No,Yes,Yes,Month-to-month,Yes,Electronic check,82.31,5432.66,No
4386-HSCEC,Female,0,No,Yes,2,Yes,Yes,Fiber optic,Yes,Yes,Yes,No,Yes,No,Month-to-month,No,Bank transfer (automatic),82.06,130.12,Yes
4387-ONUOX,Female,0,Yes,Yes,72,Yes,Yes,Fiber optic,No,No,No,Yes,Yes,No,Month-to-month,Yes,Mailed check,67.61,4812.75,Yes
4388-QRBLP,Female,1,Yes,Yes,4,Yes,No,Fiber optic,No,No,No,Yes,Yes,No,Two year,Yes,Electronic check,67.34,307.54,Yes
4389-DYBNK,Female,0,Yes,No,55,Yes,Yes,Fiber optic,No,Yes,No,No,Yes,No,Month-to-month,Yes,Mailed check,73.39,4000.49,Yes
4390-MYGJX,Female,0,No,No,66,No,No phone service,Fiber optic,Yes,No,Yes,No,No,No,Month-to-month,Yes,Credit card (automatic),71.23,4739.08,No
4391-AUYDR,Female,0,Yes,Yes,31,Yes,Yes,DSL,No,No,No,No,No,No,Month-to-month,Yes,Electronic check,37.77,1136.81,Yes
4392-FBCNH,Male,1,No,No,40,Yes,Yes,No,No internet service,No internet service,No internet service,No internet service,No internet service,No internet service,One year,Yes,Electronic check,21.83,889.62,No
4393-PSRFN,Female,0,Yes,Yes,28,Yes,No,No,No internet service,No internet service,No internet service,No internet service,No internet service,No internet service,Month-to-month,No,Credit card (automatic),19.38,571.1,No
4394-CPALN,Male,0,No,Yes,65,Yes,Yes,DSL,No,No,Yes,No,No,No,Month-to-month,No,Mailed check,37.28,2389.18,No
4395-SVSIG,Male,0,No,Yes,10,Yes,Yes,No,No internet service,No internet service,No internet service,No internet service,No internet service,No internet service,Month-to-month,Yes,Bank transfer (automatic),24.09,190.99,Yes
4396-NERIU,Male,1,No,No,58,Yes,No,Fiber optic,No,No,Yes,No,Yes,Yes,One year,Yes,Bank transfer (automatic),77.0,4504.07,No
4397-GIDYQ,Female,0,Yes,Yes,3,Yes,No,Fiber optic,Yes,Yes,No,No,No,Yes,Month-to-month,No,Electronic check,81.19,200.48,No
4398-LFRHU,Male,1,Yes,No,53,Yes,No,Fiber optic,Yes,No,Yes,No,No,No,One year,Yes,Electronic check,68.22,3543.64,No
4399-OCBXW,Female,0,No,Yes,66,Yes,Yes,Fiber optic,Yes,No,No,No,Yes,Yes,Month-to-month,No,Bank transfer (automatic),87.18,5711.25,Yes
4400-IHDBN,Male,0,No,No,1,No,No phone service,Fiber optic,No,No,Yes,No,Yes,No,Two year,No,Bank transfer (automatic),71.63,37.95,No
4401-BBVGL,Female,0,Yes,No,47,Yes,Yes,Fiber optic,No,No,No,Yes,No,No,Month-to-month,Yes,Electronic check,60.28,2886.69,Yes
4402-FRDSM,Female,0,Yes,Yes,67,Yes,No,Fiber optic,No,No,No,No,Yes,No,Month-to-month,Yes,Mailed check,70.59,4633.12,No
4403-TUWYB,Male,0,Yes,No,43,Yes,No,DSL,No,No,No,Yes,Yes,Yes,One year,No,Credit card (automatic),59.89,2648.58,No
4404-HSIZD,Female,0,Yes,No,61,No,No phone service,Fiber optic,No,No,No,No,No,No,Month-to-month,Yes,Mailed check,57.46,3465.16,No
4405-PSJFP,Male,0,Yes,Yes,18,Yes,Yes,Fiber optic,No,No,No,Yes,No,Yes,Month-to-month,Yes,Electronic check,67.01,1218.88,Yes
4406-JMIGD,Female,0,No,No,43,Yes,Yes,No,No internet service,No internet service,No internet service,No internet service,No internet service,No internet service,One year,No,Mailed check,19.93,897.6,No
4407-SZDSS,Female,0,Yes,No,30,Yes,No,DSL,No,No,No,Yes,No,No,Month-to-month,Yes,Electronic check,40.83,1213.29,Yes
4408-LMYDY,Male,0,No,No,61,Yes,No,DSL,No,No,Yes,No,No,Yes,Month-to-month,Yes,Mailed check,51.29,3079.76,No
4409-JUGEQ,Female,0,No,No,14,Yes,Yes,Fiber optic,Yes,No,Yes,No,No,Yes,Month-to-month,Yes,Bank transfer (automatic),77.94,1179.14,Yes
4410-RKOUV,Male,0,Yes,No,28,Yes,No,DSL,No,Yes,Yes,Yes,No,No,One year,No,Electronic check,39.31,1086.67,No
4411-GRZYF,Male,0,No,No,66,Yes,Yes,Fiber optic,Yes,No,Yes,No,Yes,Yes,Month-to-month,Yes,Mailed check,86.78,5707.18,Yes
4412-RPBSA,Male,1,Yes,Yes,46,Yes,No,DSL,Yes,No,No,Yes,No,No,One year,Yes,Electronic check,46.58,2243.22,No
4413-YZKTE,Female,0,No,No,6,Yes,No,Fiber optic,No,No,No,No,No,No,Month-to-month,Yes,Mailed check,61.64,347.06,Yes
4414-PWASN,Male,0,Yes,No,67,Yes,No,Fiber optic,Yes,Yes,No,Yes,No,Yes,Month-to-month,No,Electronic check,82.13,5397.99,No
4415-CBXEQ,Male,0,No,No,0,Yes,Yes,Fiber optic,No,No,No,Yes,No,No,Month-to-month,No,Electronic check,56.29,79.98,Yes
4416-RAOVI,Male,0,Yes,Yes,70,No,No phone service,DSL,Yes,No,No,No,Yes,No,Month-to-month,Yes,Electronic check,56.07,3870.43,No
4417-WEMSX,Male,0,Yes,No,21,No,No phone service,No,No internet service,No internet service,No internet service,No internet service,No internet service,No internet service,Two year,No,Mailed check,21.17,542.51,No
4418-JTYUN,Female,0,Yes,No,56,Yes,No,No,No internet service,No internet service,No internet service,No internet service,No internet service,No internet service,One year,Yes,Mailed check,18.25,1031.75,No
4419-VUZLK,Female,0,Yes,No,72,Yes,Yes,DSL,No,No,No,Yes,No,Yes,One year,Yes,Bank transfer (automatic),57.07,4106.22,No
4420-WGQRG,Male,0,Yes,No,57,Yes,Yes,No,No internet service,No internet service,No internet service,No internet service,No internet service,No internet service,Month-to-month,No,Bank transfer (automatic),18.25,974.48,No
4421-XTFKL,Male,0,No,No,26,Yes,Yes,Fiber optic,No,No,No,Yes,No,No,Two year,Yes,Electronic check,61.15,1618.03,No
4422-ZPSWS,Male,0,Yes,No,37,No,No phone service,Fiber optic,No,No,No,Yes,No,No,One year,Yes,Credit card (automatic),49.44,1778.26,No
4423-KPWLH,Male,1,No,No,12,Yes,No,DSL,No,No,No,No,No,No,Month-to-month,No,Bank transfer (automatic),45.41,572.64,No
4424-CBFPT,Male,0,Yes,Yes,14,Yes,No,Fiber optic,No,Yes,Yes,Yes,No,Yes,One year,No,Electronic check,72.01,1013.67,Yes
4425-XONBT,Male,0,No,No,72,Yes,Yes,DSL,No,No,Yes,No,No,No,Month-to-month,Yes,Mailed check,37.92,2796.52,No
4426-RNRBA,Female,0,No,Yes,47,Yes,No,Fiber optic,No,No,Yes,Yes,No,No,One year,No,Mailed check,55.06,2544.58,No
4427-TBIIP,Male,0,No,Yes,14,Yes,No,No,No internet service,No internet service,No internet service,No internet service,No internet service,No internet service,Month-to-month,No,Bank transfer (automatic),18.25,191.25,No
4428-KWFLC,Male,0,Yes,Yes,39,Yes,No,Fiber optic,No,No,Yes,Yes,No,Yes,Month-to-month,Yes,Electronic check,70.63,2723.81,Yes
4429-LWAIT,Male,0,Yes,No,29,No,No phone service,No,No internet service,No internet service,No internet service,No internet service,No internet service,No internet service,Two year,Yes,Electronic check,27.78,822.97,No
4430-VFKCD,Male,0,Yes,No,22,Yes,No,Fiber optic,Yes,Yes,No,No,Yes,No,Two year,Yes,Electronic check,84.39,1929.31,No
4431-JSFAH,Male,0,No,No,8,Yes,Yes,DSL,No,No,No,No,Yes,No,Two year,Yes,Credit card (automatic),54.23,409.92,No
4432-HYFQS,Male,0,No,No,31,No,No phone service,DSL,Yes,No,No,Yes,No,No,Month-to-month,Yes,Bank transfer (automatic),39.02,1199.17,No
4433-AOMUC,Female,1,No,No,34,Yes,No,DSL,Yes,No,No,No,No,Yes,One year,No,Electronic check,56.14,1916.1,No
4434-BCIPX,Female,1,Yes,Yes,48,Yes,No,Fiber optic,No,No,Yes,Yes,Yes,Yes,Month-to-month,Yes,Credit card (automatic),77.87,3693.99,No
4435-MSRUL,Male,0,No,No,44,Yes,No,Fiber optic,Yes,No,No,Yes,No,No,Month-to-month,Yes,Electronic check,59.47,2551.25,No
4436-LATHQ,Female,0,No,Yes,15,Yes,No,Fiber optic,No,Yes,No,No,No,Yes,Month-to-month,Yes,Bank transfer (automatic),71.79,1072.94,No
4437-UTVGI,Male,0,Yes,No,31,Yes,No,Fiber optic,No,Yes,Yes,No,No,Yes,One year,No,Credit card (automatic),75.1,2370.45,No
4438-QJDVZ,Female,0,Yes,No,24,Yes,No,DSL,No,Yes,No,No,No,No,Month-to-month,No,Bank transfer (automatic),43.13,1019.72,Yes
4439-GGHZX,Male,0,No,Yes,36,Yes,Yes,DSL,No,Yes,Yes,No,Yes,Yes,Two year,No,Electronic check,66.55,2439.6,Yes
4440-XHPLO,Male,0,Yes,No,36,Yes,No,Fiber optic,No,No,Yes,No,No,Yes,One year,Yes,Mailed check,63.76,2215.83,No
4441-HVICV,Male,1,No,Yes,34,Yes,No,Fiber optic,No,No,No,No,No,No,Two year,No,Mailed check,71.92,2440.6,No
4442-UPOXD,Female,0,No,Yes,44,Yes,Yes,No,No internet service,No internet service,No internet service,No internet service,No internet service,No internet service,Two year,Yes,Bank transfer (automatic),21.11,819.87,No
4443-TPJKZ,Female,0,No,No,7,Yes,Yes,Fiber optic,Yes,No,No,No,No,No,One year,No,Electronic check,62.59,454.83,No
4444-EKMOF,Male,0,No,No,46,Yes,No,Fiber optic,No,No,No,No,No,No,Two year,No,Bank transfer (automatic),58.39,2638.43,Yes
4445-POKTB,Male,0,No,Yes,35,Yes,Yes,No,No internet service,No internet service,No internet service,No internet service,No internet service,No internet service,Month-to-month,No,Electronic check,18.25,678.24,Yes
4446-BLPSB,Female,1,Yes,No,9,Yes,No,DSL,No,Yes,Yes,No,Yes,No,Two year,Yes,Bank transfer (automatic),47.31,269.68,No
4447-QNXPE,Male,0,Yes,No,0,Yes,Yes,No,No internet service,No internet service,No internet service,No internet service,No internet service,No internet service,Two year,Yes,Electronic check,19.05,52.46,No
4448-JQMPI,Male,0,No,No,67,No,No phone service,DSL,Yes,No,Yes,No,Yes,Yes,Month-to-month,No,Credit card (automatic),66.07,4352.95,No
4449-XDXZP,Male,0,No,Yes,14,Yes,Yes,No,No internet service,No internet service,No internet service,No internet service,No internet service,No internet service,Month-to-month,Yes,Credit card (automatic),18.25,226.94,No
4450-WKGQV,Female,1,No,Yes,2,No,No phone service,DSL,No,No,No,No,Yes,No,Month-to-month,Yes,Mailed check,45.51,43.68,No
4451-MDNJJ,Female,0,Yes,Yes,31,Yes,No,Fiber optic,No,Yes,Yes,No,Yes,Yes,Month-to-month,Yes,Bank transfer (automatic),85.62,2690.41,No
4452-JLBZW,Male,0,Yes,No,19,Yes,No,No,No internet service,No internet service,No internet service,No internet service,No internet service,No internet service,One year,Yes,Credit card (automatic),18.25,357.97,No
4453-IEHUN,Male,0,Yes,No,55,Yes,Yes,DSL,No,No,Yes,No,Yes,No,Month-to-month,Yes,Bank transfer (automatic),54.5,3039.01,No
4454-GGICN,Female,0,Yes,No,41,Yes,Yes,DSL,Yes,Yes,No,Yes,No,No,Month-to-month,No,Credit card (automatic),51.51,2131.41,Yes
4455-QRLVN,Male,1,No,Yes,72,Yes,Yes,DSL,No,No,No,No,No,No,Month-to-month,Yes,Electronic check,37.79,2696.42,No
4456-ZZMNI,Male,0,No,Yes,59,Yes,No,DSL,No,Yes,Yes,No,No,No,Two year,No,Electronic check,45.73,2648.99,No
4457-SZBKQ,Male,0,Yes,No,55,Yes,No,Fiber optic,Yes,No,No,Yes,No,Yes,Month-to-month,Yes,Electronic check,70.77,3921.09,No
4458-BSGRM,Male,0,No,No,46,Yes,No,No,No internet service,No internet service,No internet service,No internet service,No internet service,No internet service,One year,No,Bank transfer (automatic),18.25,865.78,No
4459-ERWZX,Female,1,No,No,23,Yes,No,DSL,Yes,No,Yes,No,Yes,Yes,Month-to-month,No,Mailed check,72.31,1628.08,Yes
4460-XPOHZ,Male,0,No,No,40,Yes,No,DSL,No,No,Yes,No,No,No,Month-to-month,No,Credit card (automatic),48.34,1885.12,No
4461-OYAQO,Male,0,No,No,3,Yes,No,DSL,No,No,Yes,No,Yes,No,Month-to-month,Yes,Electronic check,47.84,159.13,Yes
4462-NNJBF,Male,0,Yes,Yes,50,Yes,No,DSL,No,No,No,No,No,No,Two year,No,Mailed check,40.06,2068.27,No
4463-QEEOO,Female,1,No,Yes,0,Yes,Yes,No,No internet service,No internet service,No internet service,No internet service,No internet service,No internet service,Two year,No,Electronic check,18.25,18.8,No
4464-TKEAK,Female,1,Yes,Yes,13,Yes,No,DSL,No,No,No,No,No,Yes,Month-to-month,Yes,Bank transfer (automatic),55.65,711.71,No
4465-KFWHB,Female,0,No,No,9,No,No phone service,Fiber optic,Yes,Yes,No,No,Yes,Yes,Month-to-month,Yes,Electronic check,99.73,883.88,Yes
4466-OWVIO,Male,0,No,No,35,Yes,Yes,DSL,No,Yes,No,No,Yes,Yes,Month-to-month,Yes,Electronic check,62.04,2099.03,Yes
4467-HPNOT,Male,0,No,No,41,No,No phone service,DSL,Yes,Yes,No,No,No,No,Month-to-month,Yes,Electronic check,43.8,1854.6,No
4468-MIAFH,Male,0,No,No,47,Yes,Yes,DSL,No,No,Yes,Yes,Yes,Yes,Month-to-month,Yes,Mailed check,64.53,3021.52,No
4469-TRRZQ,Female,0,No,No,17,Yes,Yes,DSL,No,No,No,No,Yes,No,Month-to-month,No,Bank transfer (automatic),53.53,866.54,No
4470-UPMVD,Female,0,Yes,No,59,Yes,Yes,DSL,No,No,No,No,No,No,Month-to-month,Yes,Bank transfer (automatic),46.41,2653.91,No
4471-DUNEP,Male,0,Yes,Yes,27,Yes,No,No,No internet service,No internet service,No internet service,No internet service,No internet service,No internet service,Month-to-month,No,Credit card (automatic),21.08,606.97,No
4472-NNNYX,Male,0,Yes,Yes,52,Yes,Yes,Fiber optic,No,No,No,No,No,Yes,Month-to-month,Yes,Mailed check,59.69,3144.83,No
4473-YNSCQ,Female,0,Yes,No,8,Yes,Yes,Fiber optic,Yes,No,No,No,No,Yes,Month-to-month,No,Bank transfer (automatic),69.06,560.74,No
4474-NJMVD,Male,1,Yes,No,23,Yes,No,Fiber optic,Yes,No,Yes,Yes,No,Yes,Two year,Yes,Bank transfer (automatic),84.12,1965.66,No
4475-KOOXB,Male,1,No,No,19,Yes,Yes,DSL,No,Yes,No,No,Yes,Yes,Month-to-month,Yes,Bank transfer (automatic),64.71,1222.63,No
4476-KBWEM,Male,0,Yes,Yes,68,Yes,No,DSL,Yes,Yes,Yes,No,Yes,Yes,Month-to-month,No,Credit card (automatic),65.65,4404.1,No
4477-AGGJF,Female,0,Yes,Yes,26,Yes,Yes,DSL,No,No,No,Yes,No,No,Month-to-month,No,Credit card (automatic),30.49,856.28,No
4478-TLMXK,Male,0,No,No,39,Yes,No,DSL,No,No,No,No,No,No,Month-to-month,No,Bank transfer (automatic),42.4,1696.52,No
4479-RBPBS,Female,0,No,No,70,Yes,Yes,No,No internet service,No internet service,No internet service,No internet service,No internet service,No internet service,Two year,Yes,Bank transfer (automatic),20.32,1377.97,No
4480-FAKRJ,Male,0,No,Yes,53,Yes,Yes,DSL,No,Yes,No,No,No,Yes,Month-to-month,Yes,Credit card (automatic),48.84,2634.38,Yes
4481-RASPZ,Female,0,Yes,No,14,Yes,No,Fiber optic,No,Yes,No,No,No,No,One year,Yes,Electronic check,60.32,900.45,No
4482-GOAWU,Female,0,No,No,50,Yes,No,Fiber optic,No,No,No,No,Yes,Yes,Month-to-month,No,Electronic check,76.02,3805.83,No
4483-IBQYX,Female,0,Yes,No,68,Yes,No,Fiber optic,No,No,No,No,No,Yes,Month-to-month,No,Electronic check,72.25,4888.99,No
4484-JFEHH,Male,0,No,No,39,Yes,No,Fiber optic,No,Yes,No,Yes,No,No,One year,No,Electronic check,73.48,2887.21,No
4485-ELGMM,Male,0,No,No,68,Yes,Yes,DSL,Yes,No,Yes,No,No,No,Month-to-month,Yes,Mailed check,43.25,2945.39,No
4486-QDRJC,Male,0,Yes,Yes,42,Yes,No,Fiber optic,No,No,No,No,No,No,Two year,No,Bank transfer (automatic),68.17,2832.64,No
4487-LAKRM,Female,0,Yes,No,63,Yes,No,Fiber optic,No,Yes,Yes,No,No,Yes,Month-to-month,Yes,Bank transfer (automatic),74.93,4781.96,Yes
4488-QHTSQ,Female,0,No,Yes,6,Yes,No,Fiber optic,Yes,No,Yes,Yes,Yes,No,Month-to-month,No,Electronic check,70.9,466.52,No
4489-BCCFJ,Male,0,No,Yes,1,Yes,No,No,No internet service,No internet service,No internet service,No internet service,No internet service,No internet service,Month-to-month,No,Credit card (automatic),26.92,41.38,No
4490-XVRRN,Female,0,No,Yes,29,Yes,Yes,Fiber optic,No,Yes,Yes,No,No,No,Two year,No,Electronic check,67.38,1940.35,No
4491-PGAQW,Female,0,Yes,No,51,Yes,No,Fiber optic,Yes,No,Yes,No,No,No,One year,No,Mailed check,71.72,3722.92,No
4492-YEAUQ,Male,0,Yes,No,32,No,No phone service,Fiber optic,Yes,No,No,No,No,No,Month-to-month,Yes,Electronic check,66.88,2108.29,Yes
4493-JLYTY,Female,0,Yes,No,8,Yes,No,No,No internet service,No internet service,No internet service,No internet service,No internet service,No internet service,Two year,Yes,Credit card (automatic),32.13,283.46,No
4494-BWPOM,Male,0,No,No,10,Yes,Yes,Fiber optic,Yes,Yes,No,No,No,Yes,Two year,No,Credit card (automatic),81.37,784.56,No
4495-RTVNR,Male,0,No,No,9,Yes,No,No,No internet service,No internet service,No internet service,No internet service,No internet service,No internet service,One year,Yes,Credit card (automatic),22.57,277.08,No
4496-BBCEY,Female,0,Yes,Yes,53,Yes,Yes,DSL,Yes,Yes,No,No,Yes,No,Month-to-month,Yes,Mailed check,56.4,2965.85,No
4497-PVOLI,Male,0,Yes,No,19,Yes,Yes,No,No internet service,No internet service,No internet service,No internet service,No internet service,No internet service,Month-to-month,No,Electronic check,24.78,455.31,Yes
4498-ZNUPK,Female,0,No,No,4,Yes,Yes,Fiber optic,No,No,No,No,Yes,Yes,Month-to-month,Yes,Electronic check,79.33,306.79,Yes
4499-FJHPC,Male,1,Yes,No,23,Yes,Yes,No,No internet service,No internet service,No internet service,No internet service,No internet service,No internet service,Two year,Yes,Credit card (automatic),23.51,497.33,No
4500-BPSIP,Male,1,No,Yes,31,Yes,Yes,DSL,No,No,Yes,Yes,No,No,Month-to-month,Yes,Credit card (automatic),47.23,1557.54,No
4501-VZDJS,Male,0,No,No,30,Yes,Yes,DSL,No,Yes,No,No,No,No,Month-to-month,Yes,Electronic check,45.31,1391.83,Yes
4502-MRODI,Male,0,Yes,Yes,43,Yes,Yes,No,No internet service,No internet service,No internet service,No internet service,No internet service,No internet service,Month-to-month,No,Electronic check,23.48,1015.4,No
4503-DPUOX,Male,0,Yes,Yes,18,Yes,Yes,DSL,No,No,Yes,No,No,No,Month-to-month,No,Credit card (automatic),47.06,820.47,No
4504-BNCVW,Male,0,No,No,23,Yes,No,Fiber optic,No,Yes,Yes,Yes,No,Yes,One year,No,Electronic check,70.06,1639.32,No
4505-DAWIQ,Male,1,Yes,Yes,11,Yes,Yes,No,No internet service,No internet service,No internet service,No internet service,No internet service,No internet service,Month-to-month,Yes,Mailed check,20.72,173.69,Yes
4506-NQAJW,Female,0,No,No,49,Yes,No,DSL,Yes,No,No,No,Yes,Yes,Month-to-month,Yes,Electronic check,56.87,2721.33,Yes
4507-PYSXY,Male,0,Yes,No,24,Yes,No,Fiber optic,No,No,No,No,No,Yes,Month-to-month,Yes,Electronic check,69.29,1623.96,Yes
4508-CLCOQ,Male,0,Yes,Yes,50,Yes,No,DSL,No,Yes,No,No,Yes,Yes,Month-to-month,Yes,Electronic check,69.7,3524.75,Yes
4509-RGSGE,Female,0,No,No,13,Yes,Yes,DSL,Yes,No,No,Yes,No,Yes,Two year,No,Credit card (automatic),45.82,638.57,No
4510-ZHUPP,Female,0,Yes,No,71,Yes,Yes,Fiber optic,No,No,Yes,No,Yes,No,Month-to-month,Yes,Electronic check,65.74,4672.82,No
4511-SYOGE,Male,1,Yes,Yes,28,Yes,No,DSL,No,Yes,No,Yes,Yes,No,Month-to-month,Yes,Bank transfer (automatic),48.7,1353.27,No
4512-WKJYU,Female,0,Yes,No,24,Yes,No,Fiber optic,No,Yes,No,No,No,No,Month-to-month,No,Bank transfer (automatic),69.23,1659.53,No
4513-WIATA,Male,1,No,No,58,Yes,No,No,No internet service,No internet service,No internet service,No internet service,No internet service,No internet service,Month-to-month,Yes,Credit card (automatic),22.5,1338.51,No
4514-HCBDS,Male,0,No,No,56,Yes,No,DSL,No,No,No,No,Yes,No,One year,No,Electronic check,55.83,3023.13,No
4515-KEXJX,Female,0,Yes,No,11,No,No phone service,No,No internet service,No internet service,No internet service,No internet service,No internet service,No internet service,Two year,Yes,Bank transfer (automatic),24.77,293.03,No
4516-WHMEZ,Female,0,No,Yes,49,Yes,No,Fiber optic,No,No,Yes,No,No,Yes,Two year,No,Bank transfer (automatic),67.32,3336.88,Yes
4517-ZLMVH,Male,0,Yes,No,11,Yes,No,DSL,No,No,No,No,Yes,Yes,Month-to-month,No,Electronic check,59.26,689.95,Yes
4518-OMAVF,Female,0,Yes,No,47,Yes,Yes,DSL,No,No,Yes,No,No,Yes,Two year,No,Bank transfer (automatic),48.11,2277.1,No
4519-KMUTA,Male,1,No,No,49,Yes,No,DSL,No,Yes,Yes,No,Yes,No,Month-to-month,Yes,Electronic check,62.23,3077.22,No
4520-KZKHV,Male,0,No,Yes,18,Yes,No,Fiber optic,No,No,No,No,No,No,One year,No,Bank transfer (automatic),62.69,1207.67,No
4521-CSLFW,Female,0,Yes,Yes,52,Yes,No,Fiber optic,No,No,Yes,No,No,No,Month-to-month,No,Electronic check,64.87,3340.5,Yes
4522-HEJVP,Male,0,Yes,Yes,34,Yes,No,Fiber optic,Yes,No,No,Yes,No,No,Month-to-month,Yes,Electronic check,68.67,2332.51,Yes
4523-LQFIJ,Female,0,Yes,Yes,26,Yes,No,DSL,No,No,No,No,No,Yes,Month-to-month,No,Mailed check,47.53,1226.21,No
4524-TNNZQ,Female,0,No,No,66,Yes,No,Fiber optic,Yes,Yes,No,No,No,No,Month-to-month,No,Bank transfer (automatic),65.45,4378.74,No
4525-YPDBP,Female,0,Yes,Yes,50,Yes,No,DSL,Yes,No,Yes,No,Yes,Yes,One year,Yes,Electronic check,67.49,3358.17,No
4526-ACWKP,Male,1,Yes,Yes,18,No,No phone service,Fiber optic,No,No,No,No,No,No,Two year,Yes,Mailed check,67.37,1168.77,No
4527-ZROIL,Male,0,Yes,No,42,Yes,No,DSL,No,No,No,No,No,Yes,Month-to-month,Yes,Mailed check,51.66,2134.86,No
4528-REXZH,Male,0,Yes,No,34,Yes,Yes,Fiber optic,Yes,Yes,No,Yes,No,No,Two year,Yes,Credit card (automatic),64.07,2101.95,No
4529-CBYSH,Female,0,No,No,14,Yes,No,Fiber optic,No,No,No,No,No,No,Month-to-month,No,Bank transfer (automatic),62.83,869.09,No
4530-BSAVM,Male,0,Yes,Yes,15,Yes,Yes,No,No internet service,No internet service,No internet service,No internet service,No internet service,No internet service,Month-to-month,Yes,Electronic check,18.25,268.53,No
4531-WTQCI,Female,0,No,No,68,Yes,Yes,No,No internet service,No internet service,No internet service,No internet service,No internet service,No internet service,Month-to-month,Yes,Electronic check,18.25,1175.71,Yes
4532-EFDQU,Female,0,Yes,No,70,Yes,No,Fiber optic,Yes,No,Yes,No,No,No,Month-to-month,Yes,Bank transfer (automatic),73.07,5084.65,Yes
4533-UUPPV,Male,0,Yes,No,40,Yes,Yes,No,No internet service,No internet service,No internet service,No internet service,No internet service,No internet service,One year,No,Credit card (automatic),18.25,711.81,No
4534-KBQOR,Female,0,Yes,No,53,No,No phone service,Fiber optic,No,Yes,No,Yes,No,No,Month-to-month,Yes,Mailed check,71.45,3829.67,No
4535-JFUPE,Male,0,Yes,No,64,Yes,No,Fiber optic,Yes,No,Yes,No,No,Yes,One year,Yes,Credit card (automatic),81.89,5198.63,No
4536-LFNZW,Female,0,Yes,Yes,29,Yes,Yes,Fiber optic,No,No,Yes,No,No,Yes,Month-to-month,No,Mailed check,72.04,2031.46,Yes
4537-PYGBF,Male,1,No,Yes,18,Yes,No,No,No internet service,No internet service,No internet service,No internet service,No internet service,No internet service,Two year,No,Credit card (automatic),18.25,312.88,No
4538-IGBSH,Female,1,No,No,45,Yes,No,Fiber optic,No,No,No,Yes,No,No,Month-to-month,Yes,Bank transfer (automatic),65.89,3002.24,Yes
4539-KYDPY,Female,0,Yes,Yes,59,Yes,Yes,No,No internet service,No internet service,No internet service,No internet service,No internet service,No internet service,Two year,No,Bank transfer (automatic),18.25,1066.68,No
4540-RMEBK,Male,0,Yes,No,23,Yes,No,DSL,Yes,Yes,No,No,No,No,Month-to-month,No,Mailed check,49.77,1167.53,No
4541-AMERN,Male,1,Yes,No,35,Yes,No,No,No internet service,No internet service,No internet service,No internet service,No internet service,No internet service,Month-to-month,No,Bank transfer (automatic),18.79,620.8,No
4542-MGHRG,Male,0,No,No,48,Yes,Yes,DSL,No,Yes,No,No,No,Yes,Two year,Yes,Mailed check,53.08,2564.83,No
4543-TQPKS,Male,0,No,No,58,Yes,Yes,Fiber optic,No,Yes,Yes,No,No,No,Month-to-month,Yes,Credit card (automatic),66.22,3867.63,No
4544-AUHAI,Male,0,No,No,13,Yes,Yes,No,No internet service,No internet service,No internet service,No internet service,No internet service,No internet service,Month-to-month,Yes,Credit card (automatic),18.25,191.67,No
4545-SUIUY,Female,0,No,Yes,38,Yes,No,No,No internet service,No internet service,No internet service,No internet service,No internet service,No internet service,Two year,Yes,Mailed check,18.25,655.52,No
4546-JXWKA,Female,0,Yes,Yes,7,Yes,Yes,DSL,No,No,Yes,No,No,Yes,Month-to-month,No,Electronic check,45.48,217.08,No
4547-TYZHT,Male,0,No,No,47,Yes,Yes,No,No internet service,No internet service,No internet service,No internet service,No internet service,No internet service,Two year,Yes,Mailed check,22.74,1093.61,No
4548-LAJDO,Male,1,Yes,No,68,Yes,Yes,DSL,Yes,No,Yes,No,No,No,Month-to-month,Yes,Bank transfer (automatic),48.53,3261.28,No
4549-SFEER,Female,0,No,No,40,Yes,No,DSL,No,Yes,No,Yes,Yes,No,Month-to-month,Yes,Mailed check,54.0,2147.33,No
4550-CVBDR,Female,0,Yes,Yes,34,Yes,No,No,No internet service,No internet service,No internet service,No internet service,No internet service,No internet service,Month-to-month,No,Mailed check,23.09,776.02,No
4551-ISZJV,Male,0,Yes,Yes,63,Yes,No,No,No internet service,No internet service,No internet service,No internet service,No internet service,No internet service,One year,Yes,Electronic check,19.67,1263.35,No
4552-OAKNJ,Male,0,Yes,Yes,52,Yes,No,Fiber optic,No,No,No,No,No,No,Month-to-month,Yes,Electronic check,58.55,3015.9,No
4553-SXUPH,Male,0,Yes,Yes,53,Yes,No,No,No internet service,No internet service,No internet service,No internet service,No internet service,No internet service,Two year,Yes,Credit card (automatic),21.62,1137.52,No
4554-BWYGS,Female,0,No,No,36,No,No phone service,DSL,No,Yes,Yes,No,No,No,Month-to-month,Yes,Bank transfer (automatic),46.07,1719.42,No
4555-GOHNA,Female,0,No,Yes,51,Yes,No,DSL,No,No,Yes,Yes,No,No,Month-to-month,Yes,Electronic check,34.7,1848.71,Yes
4556-MCUFS,Female,0,No,No,17,Yes,No,No,No internet service,No internet service,No internet service,No internet service,No internet service,No internet service,One year,No,Electronic check,24.68,447.32,No
4557-ODUCD,Female,1,No,No,20,No,No phone service,Fiber optic,No,No,Yes,Yes,No,No,Two year,No,Credit card (automatic),52.84,1118.49,No
4558-ERZYJ,Male,0,Yes,No,41,Yes,Yes,No,No internet service,No internet service,No internet service,No internet service,No internet service,No internet service,One year,No,Credit card (automatic),18.25,765.28,No
4559-HLVZC,Male,0,No,No,64,Yes,Yes,No,No internet service,No internet service,No internet service,No internet service,No internet service,No internet service,Month-to-month,No,Mailed check,18.25,1157.86,No
4560-RWHZA,Male,1,No,No,7,Yes,No,Fiber optic,No,Yes,No,No,No,Yes,Month-to-month,No,Credit card (automatic),74.89,559.29,Yes
4561-NVWMY,Female,0,No,No,38,Yes,Yes,Fiber optic,No,No,Yes,Yes,No,No,One year,Yes,Credit card (automatic),67.83,2549.82,Yes
4562-LCRUM,Female,0,Yes,No,60,Yes,No,Fiber optic,No,Yes,No,No,Yes,No,Month-to-month,Yes,Credit card (automatic),81.44,4838.1,No
4563-OJAFI,Male,0,Yes,Yes,59,Yes,No,DSL,No,Yes,No,Yes,Yes,No,One year,Yes,Mailed check,50.43,2932.32,No
4564-JOIWN,Male,0,Yes,No,68,Yes,Yes,Fiber optic,No,Yes,No,No,Yes,Yes,Month-to-month,No,Mailed check,84.47,5691.29,No
4565-KGXZB,Female,0,No,No,58,Yes,Yes,No,No internet service,No internet service,No internet service,No internet service,No internet service,No internet service,Two year,Yes,Bank transfer (automatic),18.25,1070.11,No
4566-NFEES,Male,1,No,No,9,Yes,Yes,Fiber optic,No,No,Yes,No,No,Yes,Month-to-month,Yes,Credit card (automatic),66.53,602.97,Yes
4567-SFZJW,Male,0,Yes,No,62,Yes,Yes,DSL,No,Yes,No,Yes,Yes,Yes,Two year,No,Electronic check,74.65,4510.78,No
4568-NQCAJ,Female,1,No,No,69,Yes,No,DSL,No,Yes,No,Yes,Yes,Yes,Month-to-month,Yes,Electronic check,63.98,4401.76,Yes
4569-CEYSJ,Male,0,Yes,No,6,Yes,No,DSL,Yes,No,No,Yes,Yes,No,One year,Yes,Mailed check,60.9,408.48,No
4570-ZYPAF,Female,0,Yes,No,34,No,No phone service,Fiber optic,No,No,No,No,No,No,Month-to-month,No,Credit card (automatic),64.06,2255.34,Yes
4571-IENJB,Male,0,No,No,41,Yes,Yes,Fiber optic,No,Yes,No,No,No,No,Month-to-month,Yes,Mailed check,61.6,2575.45,No
4572-EAYJZ,Male,0,Yes,No,28,Yes,No,Fiber optic,No,Yes,No,Yes,No,Yes,Month-to-month,No,Bank transfer (automatic),70.71,1909.79,No
4573-YVICO,Male,0,Yes,No,26,Yes,No,Fiber optic,No,Yes,No,No,No,No,One year,No,Bank transfer (automatic),64.79,1695.75,No
4574-DMFTQ,Female,0,No,Yes,37,Yes,No,DSL,No,No,No,No,No,Yes,Month-to-month,Yes,Bank transfer (automatic),49.31,1817.05,Yes
4575-WEOHY,Female,1,No,No,1,Yes,Yes,No,No internet service,No internet service,No internet service,No internet service,No internet service,No internet service,Month-to-month,No,Credit card (automatic),24.45,90.9,Yes
4576-EXMAA,Female,0,No,No,24,Yes,No,DSL,No,No,Yes,No,No,No,Month-to-month,No,Electronic check,38.62,861.54,Yes
4577-GVENO,Female,0,Yes,No,65,Yes,Yes,Fiber optic,No,Yes,Yes,No,Yes,Yes,One year,Yes,Mailed check,89.42,5831.72,No
4578-UYQXR,Male,1,Yes,No,37,Yes,Yes,Fiber optic,Yes,No,No,No,No,Yes,One year,No,Mailed check,71.66,2715.58,No
4579-GVZRS,Female,0,Yes,No,58,Yes,Yes,DSL,Yes,No,No,Yes,No,Yes,Month-to-month,Yes,Credit card (automatic),55.14,3103.21,No
4580-TGHMR,Male,0,No,Yes,6,Yes,No,DSL,Yes,No,No,Yes,No,No,One year,No,Mailed check,40.03,222.34,No
4581-XKIWA,Male,0,Yes,Yes,48,Yes,Yes,No,No internet service,No internet service,No internet service,No internet service,No internet service,No internet service,Two year,Yes,Credit card (automatic),18.25,820.85,No
4582-VHULB,Male,0,Yes,No,67,Yes,No,DSL,Yes,No,No,No,Yes,No,Month-to-month,Yes,Electronic check,50.43,3411.68,No
4583-OUXRQ,Male,0,Yes,No,40,Yes,No,DSL,Yes,Yes,No,Yes,Yes,No,One year,Yes,Electronic check,62.52,2515.12,No
4584-OTTIC,Male,1,No,No,50,Yes,No,DSL,Yes,Yes,No,No,Yes,Yes,Two year,Yes,Bank transfer (automatic),76.83,3884.15,No
4585-TSRTH,Male,1,Yes,Yes,23,Yes,Yes,No,No internet service,No internet service,No internet service,No internet service,No internet service,No internet service,Month-to-month,Yes,Electronic check,19.29,403.67,No
4586-AXXOS,Male,0,Yes,No,35,Yes,No,DSL,Yes,No,No,Yes,No,No,Month-to-month,No,Bank transfer (automatic),47.3,1644.46,No
4587-ZJLFM,Female,0,Yes,Yes,9,Yes,Yes,Fiber optic,No,No,Yes,Yes,Yes,No,Month-to-month,Yes,Bank transfer (automatic),68.36,602.07,Yes
4588-DMQAE,Male,0,Yes,Yes,20,No,No phone service,DSL,No,Yes,No,No,No,No,One year,Yes,Electronic check,42.64,869.13,Yes
4589-XQRGP,Female,0,Yes,Yes,26,Yes,No,No,No internet service,No internet service,No internet service,No internet service,No internet service,No internet service,Month-to-month,No,Mailed check,25.55,678.32,No
4590-HLNSK,Male,0,Yes,No,54,Yes,Yes,No,No internet service,No internet service,No internet service,No internet service,No internet service,No internet service,Month-to-month,No,Bank transfer (automatic),26.5,1368.48,No
4591-LMHAI,Female,0,No,Yes,4,Yes,Yes,Fiber optic,No,No,No,No,Yes,Yes,Month-to-month,Yes,Mailed check,87.06,356.15,Yes
4592-BNMPB,Male,0,Yes,Yes,58,Yes,No,No,No internet service,No internet service,No internet service,No internet service,No internet service,No internet service,Month-to-month,No,Bank transfer (automatic),24.2,1310.71,No
4593-DLPJC,Female,0,Yes,No,35,Yes,No,DSL,No,Yes,Yes,No,No,No,Month-to-month,Yes,Mailed check,43.42,1547.09,Yes
4594-DFWER,Male,1,Yes,Yes,33,Yes,Yes,Fiber optic,No,No,No,Yes,No,Yes,Two year,No,Mailed check,67.06,2133.41,No
4595-CJKSN,Female,0,No,No,51,No,No phone service,Fiber optic,Yes,Yes,Yes,No,Yes,No,Month-to-month,Yes,Electronic check,71.69,3687.77,No
4596-UKUDX,Female,0,Yes,No,5,Yes,Yes,DSL,No,No,No,No,No,Yes,Month-to-month,Yes,Mailed check,59.67,261.56,Yes
4597-VFQVS,Female,0,No,No,13,No,No phone service,DSL,No,No,No,No,Yes,No,Two year,No,Bank transfer (automatic),42.56,580.26,No
4598-MVJKF,Male,0,No,No,58,Yes,No,No,No internet service,No internet service,No internet service,No internet service,No internet service,No internet service,Month-to-month,Yes,Credit card (automatic),20.19,1217.98,No
4599-BAKPC,Male,0,Yes,No,56,Yes,No,DSL,No,No,Yes,Yes,No,No,Two year,Yes,Credit card (automatic),32.0,1743.12,No
4600-EOODW,Female,1,Yes,No,36,Yes,No,DSL,No,Yes,No,No,Yes,Yes,Two year,Yes,Mailed check,70.35,2594.67,No
4601-DHGZY,Female,0,No,No,57,Yes,No,Fiber optic,Yes,No,Yes,Yes,No,No,Month-to-month,Yes,Bank transfer (automatic),66.92,3762.03,No
4602-QOEMD,Male,0,No,No,31,Yes,Yes,DSL,No,Yes,No,No,No,No,Month-to-month,Yes,Electronic check,51.59,1605.81,No
4603-VQVQN,Male,0,No,No,19,Yes,Yes,Fiber optic,No,No,No,No,No,No,Two year,Yes,Mailed check,61.06,1119.65,No
4604-NQHBZ,Male,0,No,No,60,Yes,No,DSL,No,No,No,No,No,Yes,One year,Yes,Electronic check,53.5,3125.04,No
4605-MVPPF,Male,0,Yes,No,56,Yes,Yes,DSL,No,Yes,No,No,Yes,No,Two year,Yes,Mailed check,56.76,3191.41,No
4606-VXDCF,Male,0,No,No,51,Yes,No,Fiber optic,Yes,No,Yes,Yes,No,No,Two year,Yes,Bank transfer (automatic),71.35,3686.73,No
4607-DRFZE,Female,0,Yes,Yes,47,Yes,No,DSL,Yes,Yes,No,No,No,Yes,Month-to-month,No,Credit card (automatic),61.76,2881.84,Yes
4608-IKFPS,Female,0,No,No,10,Yes,Yes,Fiber optic,Yes,Yes,No,Yes,Yes,No,Month-to-month,No,Credit card (automatic),84.95,887.23,Yes
4609-KUOZX,Female,0,No,No,29,Yes,No,No,No internet service,No internet service,No internet service,No internet service,No internet service,No internet service,Month-to-month,Yes,Electronic check,30.1,819.84,No
4610-IXSYS,Female,0,Yes,Yes,59,Yes,Yes,Fiber optic,Yes,Yes,No,Yes,No,No,Month-to-month,Yes,Bank transfer (automatic),65.98,3921.41,No
4611-XZIWD,Male,0,Yes,No,17,Yes,Yes,Fiber optic,Yes,No,Yes,No,Yes,Yes,Month-to-month,Yes,Bank transfer (automatic),81.33,1234.32,No
4612-JISOS,Male,0,Yes,Yes,46,Yes,Yes,DSL,No,No,No,No,No,No,Month-to-month,Yes,Credit card (automatic),46.22,2188.04,No
4613-BJSQT,Female,0,Yes,Yes,11,Yes,No,No,No internet service,No internet service,No internet service,No internet service,No internet service,No internet service,Month-to-month,Yes,Mailed check,21.24,205.14,Yes
4614-XUBSQ,Male,1,No,No,49,Yes,No,No,No internet service,No internet service,No internet service,No internet service,No internet service,No internet service,Month-to-month,Yes,Electronic check,21.36,987.54,Yes
4615-RQBSA,Male,1,No,Yes,39,Yes,Yes,Fiber optic,Yes,No,No,Yes,Yes,No,Month-to-month,No,Electronic check,78.3,3025.05,No
4616-KYJEP,Female,0,No,No,63,Yes,No,DSL,No,No,Yes,No,Yes,Yes,Month-to-month,No,Electronic check,61.2,3949.77,Yes
4617-XEXWL,Female,0,Yes,Yes,18,No,No phone service,Fiber optic,No,No,Yes,No,No,Yes,Month-to-month,No,Electronic check,62.06,1139.84,No
4618-DWFSI,Male,0,Yes,No,26,Yes,No,DSL,No,Yes,Yes,Yes,No,Yes,Month-to-month,No,Bank transfer (automatic),56.29,1453.09,No
4619-LZOPM,Female,0,Yes,No,51,Yes,No,No,No internet service,No internet service,No internet service,No internet service,No internet service,No internet service,Month-to-month,Yes,Bank transfer (automatic),18.25,1061.81,No
4620-YUXGY,Male,1,Yes,No,6,Yes,No,Fiber optic,No,Yes,Yes,Yes,Yes,Yes,Two year,Yes,Mailed check,87.71,560.32,No
4621-WTDKH,Female,0,No,No,62,Yes,No,Fiber optic,Yes,No,Yes,Yes,Yes,No,Month-to-month,Yes,Mailed check,77.34,4811.88,Yes
4622-FYJGG,Male,1,No,Yes,54,Yes,Yes,DSL,No,No,Yes,No,No,Yes,One year,No,Credit card (automatic),51.62,2842.8,No
4623-DCXGD,Female,0,Yes,No,30,Yes,Yes,DSL,No,No,No,No,No,No,Month-to-month,No,Electronic check,39.39,1243.38,Yes
4624-MTQGQ,Male,0,No,No,10,Yes,No,Fiber optic,Yes,No,No,No,No,No,Two year,No,Electronic check,75.49,723.49,No
4625-ZZDKC,Male,0,Yes,No,16,Yes,Yes,Fiber optic,No,Yes,No,No,No,No,One year,No,Electronic check,76.23,1166.01,Yes
4626-KCLAD,Male,1,Yes,No,65,Yes,No,Fiber optic,No,No,Yes,Yes,Yes,Yes,Two year,Yes,Mailed check,71.05,4568.99,No
4627-NANMM,Female,0,Yes,No,66,Yes,Yes,DSL,No,No,No,Yes,Yes,Yes,Month-to-month,Yes,Bank transfer (automatic),57.63,3806.77,Yes
4628-XOQLV,Male,0,No,No,31,Yes,No,DSL,No,No,Yes,Yes,Yes,No,Month-to-month,Yes,Bank transfer (automatic),58.61,1813.03,Yes
4629-WZNLR,Male,0,No,No,23,No,No phone service,DSL,Yes,Yes,No,Yes,Yes,Yes,Month-to-month,No,Electronic check,75.06,1695.36,No
4630-DNSMY,Female,1,Yes,No,12,Yes,Yes,No,No internet service,No internet service,No internet service,No internet service,No internet service,No internet service,One year,Yes,Mailed check,18.67,177.39,No
4631-WRKFI,Female,0,No,Yes,21,Yes,No,Fiber optic,Yes,Yes,No,No,Yes,No,One year,Yes,Electronic check,86.07,1869.45,Yes
4632-LSNOK,Male,0,No,No,18,Yes,No,No,No internet service,No internet service,No internet service,No internet service,No internet service,No internet service,Two year,No,Electronic check,18.25,299.01,No
4633-FNCST,Male,0,Yes,Yes,52,Yes,Yes,Fiber optic,Yes,Yes,No,Yes,Yes,No,Two year,No,Electronic check,76.47,3919.96,No
4634-YKXQQ,Female,1,No,No,38,Yes,Yes,No,No internet service,No internet service,No internet service,No internet service,No internet service,No internet service,Two year,No,Mailed check,20.07,745.14,No
4635-WCNGY,Female,0,No,Yes,20,Yes,Yes,DSL,Yes,No,No,No,No,Yes,One year,No,Mailed check,57.49,1105.08,No
4636-SCBZQ,Male,0,Yes,No,15,No,No phone service,Fiber optic,Yes,No,No,No,Yes,Yes,Month-to-month,Yes,Bank transfer (automatic),87.24,1268.69,No
4637-IVFXU,Male,0,No,No,6,Yes,No,DSL,No,No,Yes,Yes,Yes,No,Two year,No,Bank transfer (automatic),51.37,307.59,Yes
4638-IEBVO,Female,0,Yes,Yes,25,Yes,No,Fiber optic,Yes,Yes,Yes,No,No,No,Two year,Yes,Credit card (automatic),70.8,1798.25,No
4639-ISJDJ,Male,0,No,No,30,Yes,No,Fiber optic,No,No,Yes,No,Yes,No,Month-to-month,Yes,Bank transfer (automatic),69.14,2223.65,Yes
4640-HVMGG,Male,0,No,No,67,Yes,Yes,Fiber optic,No,No,Yes,Yes,No,No,One year,Yes,Electronic check,58.04,3977.03,No
4641-DOLPF,Male,0,Yes,No,39,No,No phone service,No,No internet service,No internet service,No internet service,No internet service,No internet service,No internet service,Month-to-month,No,Mailed check,20.02,716.2,No
4642-ICHGD,Female,0,Yes,No,26,Yes,No,Fiber optic,No,No,Yes,No,No,No,Month-to-month,Yes,Bank transfer (automatic),61.66,1593.5,Yes
4643-ZMSGJ,Female,0,Yes,Yes,8,Yes,Yes,No,No internet service,No internet service,No internet service,No internet service,No internet service,No internet service,Two year,Yes,Electronic check,18.25,170.01,Yes
4644-YLZCZ,Male,0,Yes,No,15,Yes,No,Fiber optic,No,No,No,No,No,No,Two year,No,Mailed check,53.18,817.53,No
4645-YXLSO,Male,1,Yes,No,71,Yes,No,Fiber optic,No,No,Yes,No,Yes,Yes,Month-to-month,No,Electronic check,80.45,5681.56,No
4646-HLTFJ,Male,0,No,No,12,Yes,No,Fiber optic,Yes,Yes,No,Yes,No,No,Month-to-month,Yes,Bank transfer (automatic),70.89,892.84,Yes
4647-BXMYG,Female,0,Yes,No,59,Yes,Yes,Fiber optic,Yes,Yes,No,No,No,Yes,Two year,No,Electronic check,78.26,4570.43,No
4648-HWPKZ,Male,0,Yes,Yes,59,Yes,No,Fiber optic,Yes,Yes,No,No,Yes,No,Two year,Yes,Credit card (automatic),77.33,4532.91,No
4649-DQPSW,Female,0,No,No,8,Yes,Yes,Fiber optic,No,No,No,No,No,No,One year,Yes,Electronic check,60.85,469.7,Yes
4650-KGMSQ,Male,0,No,Yes,52,Yes,No,No,No internet service,No internet service,No internet service,No internet service,No internet service,No internet service,Month-to-month,Yes,Credit card (automatic),19.76,995.32,No
4651-ZYVML,Female,1,Yes,No,31,Yes,Yes,Fiber optic,No,Yes,No,No,Yes,No,Two year,No,Electronic check,74.67,2387.26,No
4652-GAATW,Male,0,No,No,54,Yes,No,Fiber optic,No,Yes,No,No,Yes,No,One year,Yes,Bank transfer (automatic),84.83,4603.76,No
4653-NOKXZ,Female,0,No,Yes,24,Yes,Yes,DSL,No,Yes,No,Yes,Yes,No,Month-to-month,Yes,Credit card (automatic),45.85,1125.8,No
4654-IQDTS,Female,0,Yes,No,40,Yes,Yes,DSL,Yes,No,No,No,No,No,Two year,Yes,Bank transfer (automatic),38.6,1515.5,No
4655-GAIMX,Male,0,Yes,No,25,Yes,No,DSL,Yes,Yes,No,No,Yes,No,One year,Yes,Credit card (automatic),59.16,1609.22,No
4656-BBXOQ,Female,0,No,No,28,Yes,No,Fiber optic,Yes,Yes,No,No,Yes,No,Month-to-month,Yes,Electronic check,83.54,2274.46,Yes
4657-MGILC,Male,1,No,No,35,Yes,Yes,DSL,Yes,Yes,No,No,Yes,Yes,Month-to-month,No,Electronic check,66.51,2371.52,No
4658-WVOGW,Female,0,Yes,Yes,2,No,No phone service,No,No internet service,No internet service,No internet service,No internet service,No internet service,No internet service,Month-to-month,Yes,Mailed check,18.25,134.3,No
4659-ZANSP,Male,0,Yes,Yes,58,No,No phone service,No,No internet service,No internet service,No internet service,No internet service,No internet service,No internet service,Two year,Yes,Credit card (automatic),19.12,1130.05,No
4660-JAECQ,Female,1,No,Yes,33,Yes,No,Fiber optic,No,No,Yes,No,No,No,Two year,No,Electronic check,59.1,1960.48,No
4661-RZUSV,Female,0,No,Yes,5,Yes,No,DSL,Yes,No,No,Yes,No,No,Month-to-month,Yes,Electronic check,36.42,165.88,No
4662-YVRPB,Male,0,No,No,30,Yes,No,Fiber optic,Yes,No,Yes,No,No,No,One year,Yes,Electronic check,67.11,2045.25,No
4663-OMMPH,Female,0,No,No,31,Yes,No,Fiber optic,No,No,No,Yes,Yes,Yes,Month-to-month,Yes,Mailed check,79.23,2454.23,No
4664-KHVJW,Male,1,No,Yes,41,Yes,No,DSL,No,No,No,No,No,No,Month-to-month,Yes,Electronic check,42.55,1827.25,Yes
4665-ALIEI,Male,0,No,No,56,Yes,Yes,Fiber optic,Yes,Yes,No,No,No,Yes,Month-to-month,Yes,Mailed check,82.24,4577.07,No
4666-PRHWK,Male,1,No,No,72,Yes,No,No,No internet service,No internet service,No internet service,No internet service,No internet service,No internet service,Two year,Yes,Mailed check,18.25,1277.68,No
4667-TSDTZ,Female,0,No,No,45,Yes,No,Fiber optic,No,No,No,No,No,Yes,Month-to-month,Yes,Mailed check,69.82,3094.15,Yes
4668-JXMTN,Female,0,Yes,Yes,55,No,No phone service,Fiber optic,Yes,No,No,Yes,Yes,Yes,Month-to-month,Yes,Mailed check,84.45,4723.72,No
4669-UBDGS,Female,0,No,No,49,Yes,No,No,No internet service,No internet service,No internet service,No internet service,No internet service,No internet service,Two year,Yes,Mailed check,18.25,919.81,No
4670-QPMXX,Male,0,Yes,No,29,Yes,No,Fiber optic,Yes,No,No,No,No,Yes,Two year,No,Electronic check,76.4,2286.41,Yes
4671-VWZRU,Male,0,Yes,No,35,No,No phone service,Fiber optic,No,No,Yes,Yes,No,No,Two year,No,Electronic check,58.31,2025.28,No
4672-LWYAO,Female,0,No,Yes,25,Yes,Yes,Fiber optic,No,No,No,No,No,No,Two year,Yes,Electronic check,56.47,1340.91,No
4673-CFNWF,Male,0,Yes,No,49,Yes,Yes,No,No internet service,No internet service,No internet service,No internet service,No internet service,No internet service,Month-to-month,Yes,Mailed check,18.77,972.59,No
4674-ATFHZ,Female,0,Yes,No,1,Yes,Yes,No,No internet service,No internet service,No internet service,No internet service,No internet service,No internet service,Month-to-month,Yes,Mailed check,18.25,63.3,No
4675-ONPTW,Female,1,No,No,6,Yes,No,Fiber optic,No,Yes,No,No,Yes,Yes,Month-to-month,No,Credit card (automatic),85.48,478.61,Yes
4676-PSXAD,Male,1,No,Yes,26,Yes,Yes,Fiber optic,No,No,No,No,No,Yes,Month-to-month,Yes,Bank transfer (automatic),67.21,1698.46,No
4677-XJTRB,Male,0,No,No,48,Yes,Yes,DSL,No,No,No,Yes,No,No,Month-to-month,Yes,Credit card (automatic),38.46,1811.9,No
4678-DODPO,Male,1,No,No,45,Yes,Yes,Fiber optic,No,No,No,No,No,No,Two year,Yes,Electronic check,52.56,2353.95,No
4679-RGOVK,Male,0,Yes,Yes,25,Yes,No,DSL,No,No,No,Yes,Yes,No,One year,No,Electronic check,44.33,1114.18,No
4680-SHXAC,Female,0,Yes,No,64,No,No phone service,Fiber optic,Yes,Yes,No,No,No,No,Two year,No,Electronic check,71.82,4620.89,No
4681-ERLLU,Male,0,Yes,No,1,Yes,Yes,Fiber optic,No,No,Yes,No,No,Yes,Month-to-month,Yes,Credit card (automatic),76.3,56.11,Yes
4682-ZSIKQ,Male,1,No,No,63,Yes,No,Fiber optic,No,No,Yes,No,No,No,Month-to-month,Yes,Mailed check,60.01,3883.87,No
4683-PDJVO,Male,0,No,No,63,Yes,Yes,Fiber optic,No,Yes,No,No,No,No,One year,Yes,Credit card (automatic),73.36,4723.72,No
4684-YSCUW,Female,0,Yes,Yes,59,Yes,Yes,DSL,No,No,No,No,Yes,Yes,Month-to-month,Yes,Credit card (automatic),62.82,3721.22,No
4685-EKXEG,Male,0,Yes,Yes,8,Yes,Yes,Fiber optic,Yes,Yes,No,No,Yes,Yes,Month-to-month,No,Credit card (automatic),88.75,727.0,Yes
4686-FZMBS,Male,0,Yes,Yes,14,Yes,No,DSL,No,Yes,Yes,No,Yes,No,One year,No,Electronic check,62.63,846.67,No
4687-KTEIF,Female,0,Yes,Yes,36,Yes,Yes,DSL,No,Yes,Yes,No,No,No,One year,No,Mailed check,41.0,1535.55,Yes
4688-QSWHG,Female,0,Yes,Yes,5,Yes,No,DSL,No,Yes,No,No,Yes,No,Month-to-month,No,Bank transfer (automatic),56.82,294.69,Yes
4689-EOJXP,Female,0,No,No,42,Yes,Yes,Fiber optic,No,No,No,No,Yes,Yes,Two year,Yes,Mailed check,81.01,3333.0,No
4690-IGKIQ,Male,1,Yes,No,44,Yes,No,Fiber optic,No,No,No,No,No,Yes,One year,No,Credit card (automatic),58.02,2523.11,Yes
4691-ICVHS,Female,0,Yes,No,70,Yes,No,Fiber optic,Yes,Yes,No,No,No,No,One year,No,Credit card (automatic),68.61,4806.3,Yes
4692-TPGGT,Female,0,Yes,No,27,Yes,No,No,No internet service,No internet service,No internet service,No internet service,No internet service,No internet service,Month-to-month,Yes,Electronic check,28.69,830.29,No
4693-YMCLX,Male,0,No,Yes,51,No,No phone service,Fiber optic,No,Yes,Yes,Yes,Yes,No,Month-to-month,No,Electronic check,72.58,3582.23,Yes
4694-HMTPG,Male,0,Yes,No,34,Yes,No,Fiber optic,No,No,No,No,Yes,No,Month-to-month,No,Bank transfer (automatic),67.42,2310.91,Yes
4695-DLQAQ,Female,0,Yes,No,65,No,No phone service,Fiber optic,No,No,No,No,No,Yes,Month-to-month,No,Mailed check,72.69,4724.32,Yes
4696-BFLZK,Male,0,No,No,25,Yes,No,No,No internet service,No internet service,No internet service,No internet service,No internet service,No internet service,Two year,Yes,Credit card (automatic),18.25,430.78,No
4697-UKRHY,Male,0,No,No,19,Yes,No,DSL,Yes,Yes,Yes,No,Yes,Yes,One year,Yes,Bank transfer (automatic),73.9,1382.68,No
4698-GNPLI,Female,0,No,Yes,61,Yes,Yes,Fiber optic,Yes,Yes,No,No,Yes,Yes,Month-to-month,No,Electronic check,88.01,5419.37,Yes
4699-TWUPU,Male,0,Yes,No,0,Yes,Yes,DSL,No,Yes,Yes,No,No,No,Month-to-month,Yes,Mailed check,39.74,18.8,No
4700-SPIMZ,Male,0,No,No,52,Yes,Yes,DSL,No,No,Yes,No,Yes,No,One year,Yes,Credit card (automatic),54.51,2712.27,No
4701-EVSJG,Female,1,Yes,No,29,Yes,No,No,No internet service,No internet service,No internet service,No internet service,No internet service,No internet service,Two year,Yes,Credit card (automatic),22.15,639.3,No
4702-IYNOM,Female,0,Yes,Yes,59,Yes,No,Fiber optic,Yes,Yes,Yes,No,No,No,Month-to-month,Yes,Mailed check,77.44,4596.5,No
4703-JNZUW,Male,0,No,No,9,Yes,Yes,DSL,No,No,No,No,No,Yes,Month-to-month,Yes,Electronic check,51.87,433.4,No
4704-LSFLX,Female,0,Yes,Yes,21,Yes,No,No,No internet service,No internet service,No internet service,No internet service,No internet service,No internet service,Month-to-month,No,Electronic check,20.78,348.92,No
4705-MHPBV,Female,0,No,No,28,Yes,No,No,No internet service,No internet service,No internet service,No internet service,No internet service,No internet service,Month-to-month,Yes,Electronic check,21.16,651.91,No
4706-GLGSN,Male,0,No,Yes,68,Yes,Yes,DSL,No,No,No,No,No,No,One year,Yes,Mailed check,39.29,2648.44,No
4707-IRKPS,Male,0,Yes,No,7,Yes,No,DSL,No,No,Yes,Yes,No,No,Two year,Yes,Bank transfer (automatic),35.21,257.58,No
4708-KRKYD,Male,1,Yes,No,52,Yes,Yes,No,No internet service,No internet service,No internet service,No internet service,No internet service,No internet service,Month-to-month,Yes,Electronic check,23.35,1117.17,No
4709-RSMDJ,Female,0,Yes,No,10,No,No phone service,Fiber optic,No,Yes,No,Yes,Yes,No,Month-to-month,No,Bank transfer (automatic),74.37,803.03,Yes
4710-VECPZ,Female,0,No,No,25,Yes,No,No,No internet service,No internet service,No internet service,No internet service,No internet service,No internet service,Two year,No,Electronic check,24.33,545.39,No
4711-HXGSN,Male,0,No,No,18,Yes,Yes,Fiber optic,No,No,Yes,No,Yes,No,Month-to-month,Yes,Bank transfer (automatic),66.64,1266.23,No
4712-OQUAF,Male,0,No,Yes,18,Yes,Yes,Fiber optic,No,Yes,Yes,No,No,No,One year,Yes,Mailed check,60.79,1062.09,Yes
4713-WOLUT,Male,0,No,No,29,Yes,No,DSL,Yes,No,No,Yes,Yes,Yes,One year,No,Credit card (automatic),65.5,1919.37,No
4714-BEITN,Male,0,Yes,No,35,Yes,Yes,Fiber optic,Yes,No,No,No,Yes,No,Two year,Yes,Credit card (automatic),75.26,2676.6,Yes
4715-RVHBI,Female,0,No,No,41,Yes,No,No,No internet service,No internet service,No internet service,No internet service,No internet service,No internet service,One year,No,Mailed check,21.05,800.29,No
4716-GRPUE,Female,0,Yes,Yes,55,Yes,No,DSL,Yes,Yes,Yes,Yes,No,No,Month-to-month,No,Mailed check,49.34,2742.66,Yes
4717-WOEKV,Female,0,No,Yes,8,Yes,Yes,Fiber optic,No,No,No,No,No,No,Month-to-month,No,Bank transfer (automatic),65.7,559.48,Yes
4718-NYSCX,Female,0,Yes,No,6,Yes,Yes,DSL,No,Yes,No,No,Yes,No,One year,Yes,Electronic check,46.08,184.85,Yes
4719-JFZCB,Female,0,No,No,17,Yes,No,Fiber optic,Yes,Yes,No,No,No,Yes,One year,No,Bank transfer (automatic),77.19,1288.68,No
4720-MRBOE,Female,0,Yes,Yes,8,Yes,No,DSL,Yes,Yes,Yes,No,Yes,No,One year,Yes,Mailed check,60.45,412.11,Yes
4721-OUQBR,Male,0,Yes,Yes,5,Yes,No,Fiber optic,No,Yes,No,Yes,No,Yes,Two year,Yes,Mailed check,75.45,271.46,No
4722-OTWCE,Female,0,No,No,69,Yes,Yes,Fiber optic,Yes,Yes,Yes,No,No,No,Month-to-month,Yes,Credit card (automatic),68.67,4726.68,Yes
4723-KIEYA,Female,0,No,Yes,44,Yes,No,Fiber optic,No,Yes,No,No,Yes,No,Two year,Yes,Electronic check,70.15,3071.3,Yes
4724-YNEHU,Female,0,No,No,21,Yes,Yes,Fiber optic,Yes,No,No,No,Yes,No,Month-to-month,No,Electronic check,61.09,1247.74,Yes
4725-NPFHB,Female,0,No,No,72,Yes,No,Fiber optic,No,Yes,No,Yes,No,Yes,Month-to-month,Yes,Electronic check,78.98,5642.86,No
4726-SIEEY,Male,0,Yes,No,69,Yes,No,DSL,No,Yes,No,No,No,Yes,Month-to-month,No,Bank transfer (automatic),55.85,3771.79,No
4727-ZSDPP,Male,0,No,No,31,Yes,No,Fiber optic,No,No,Yes,Yes,Yes,No,Month-to-month,No,Credit card (automatic),74.57,2311.7,Yes
4728-PGRXU,Female,0,No,Yes,66,Yes,No,No,No internet service,No internet service,No internet service,No internet service,No internet service,No internet service,Month-to-month,Yes,Credit card (automatic),18.25,1234.75,No
4729-ACYUH,Male,0,Yes,No,15,Yes,Yes,Fiber optic,No,Yes,Yes,Yes,No,Yes,One year,Yes,Mailed check,70.05,1068.6,Yes
4730-AGGHS,Male,0,No,No,1,Yes,Yes,Fiber optic,Yes,No,Yes,No,Yes,No,Month-to-month,Yes,Bank transfer (automatic),74.03,18.8,Yes
4731-QKOIQ,Male,0,No,No,66,Yes,No,Fiber optic,No,Yes,No,No,Yes,No,One year,Yes,Bank transfer (automatic),67.43,4487.86,No
4732-KFIRT,Male,0,No,No,40,Yes,No,Fiber optic,No,No,No,Yes,Yes,No,Month-to-month,Yes,Mailed check,68.14,2777.38,Yes
4733-BDRAK,Female,0,Yes,No,50,Yes,No,Fiber optic,No,Yes,Yes,Yes,Yes,No,Month-to-month,No,Bank transfer (automatic),79.4,4088.68,Yes
4734-CHETU,Female,1,No,No,13,Yes,No,DSL,No,Yes,No,No,Yes,No,Month-to-month,Yes,Mailed check,50.86,624.58,No
4735-VVEKL,Female,0,Yes,No,48,Yes,No,No,No internet service,No internet service,No internet service,No internet service,No internet service,No internet service,Month-to-month,No,Bank transfer (automatic),26.18,1288.2,Yes
4736-VIUMV,Female,0,No,No,48,Yes,No,DSL,No,No,No,No,Yes,No,One year,Yes,Mailed check,45.97,2286.42,No
4737-TCMVK,Female,0,No,No,26,Yes,Yes,Fiber optic,No,No,Yes,Yes,No,No,Two year,Yes,Electronic check,63.87,1690.66,Yes
4738-KUTUG,Male,0,No,Yes,38,Yes,Yes,DSL,No,No,No,No,No,No,Month-to-month,Yes,Credit card (automatic),35.96,1518.8,Yes
4739-QPNAK,Female,0,No,No,72,No,No phone service,No,No internet service,No internet service,No internet service,No internet service,No internet service,No internet service,Month-to-month,Yes,Electronic check,26.81,1917.28,No
4740-MABIM,Female,0,Yes,No,35,No,No phone service,Fiber optic,No,No,Yes,No,Yes,No,One year,No,Electronic check,71.72,2487.31,No
4741-EIMEO,Male,0,No,No,9,Yes,Yes,DSL,No,Yes,No,Yes,Yes,Yes,Two year,Yes,Credit card (automatic),67.21,513.36,No
4742-GNPFB,Male,0,Yes,No,3,Yes,Yes,No,No internet service,No internet service,No internet service,No internet service,No internet service,No internet service,Month-to-month,No,Credit card (automatic),18.25,52.2,No
4743-PSEDN,Female,0,Yes,No,1,Yes,Yes,Fiber optic,Yes,Yes,Yes,No,Yes,No,Month-to-month,No,Electronic check,76.61,78.83,Yes
4744-FHXCD,Male,0,Yes,Yes,27,Yes,No,Fiber optic,No,Yes,No,No,No,No,Month-to-month,Yes,Credit card (automatic),67.04,1824.97,No
4745-ABMIL,Female,1,Yes,No,25,Yes,Yes,No,No internet service,No internet service,No internet service,No internet service,No internet service,No internet service,Month-to-month,Yes,Electronic check,22.93,600.16,No
4746-JJRLV,Male,0,No,No,72,Yes,No,DSL,No,No,No,Yes,No,No,Month-to-month,Yes,Electronic check,35.13,2520.53,Yes
4747-PWFXY,Female,0,No,No,29,Yes,No,DSL,No,No,No,No,No,No,Month-to-month,Yes,Electronic check,46.38,1360.66,Yes
4748-XUXJO,Female,0,No,No,8,Yes,Yes,Fiber optic,No,Yes,No,No,No,Yes,Month-to-month,Yes,Electronic check,75.85,593.49,Yes
4749-ZIXBR,Female,0,Yes,No,0,Yes,No,Fiber optic,No,Yes,No,No,No,No,Month-to-month,Yes,Electronic check,67.6,29.1,Yes
4750-LCGIH,Female,0,No,No,55,Yes,Yes,DSL,No,No,No,No,No,No,Month-to-month,Yes,Credit card (automatic),41.72,2227.17,No
4751-YFANP,Male,1,No,No,55,Yes,No,No,No internet service,No internet service,No internet service,No internet service,No internet service,No internet service,One year,No,Electronic check,18.25,969.05,No
4752-PDFOV,Female,0,Yes,No,60,Yes,No,Fiber optic,Yes,No,Yes,No,No,Yes,One year,Yes,Bank transfer (automatic),82.68,4977.18,No
4753-HAMRR,Female,1,No,No,44,No,No phone service,No,No internet service,No internet service,No internet service,No internet service,No internet service,No internet service,Month-to-month,Yes,Bank transfer (automatic),27.38,1241.26,No
4754-MVNKG,Female,0,No,Yes,12,Yes,No,DSL,No,Yes,No,Yes,No,No,Two year,No,Bank transfer (automatic),43.45,514.31,No
4755-RUVDQ,Female,0,No,No,13,Yes,No,Fiber optic,No,No,No,No,No,No,Two year,Yes,Credit card (automatic),69.86,890.82,No
4756-SNJYF,Male,0,Yes,Yes,9,Yes,No,DSL,No,No,Yes,No,Yes,Yes,Month-to-month,Yes,Mailed check,60.82,536.2,Yes
4757-RYDKM,Male,0,Yes,No,16,Yes,No,Fiber optic,Yes,No,No,Yes,No,No,Two year,No,Electronic check,65.99,1012.31,No
4758-HJWKC,Female,0,No,No,16,Yes,Yes,DSL,No,No,Yes,No,Yes,Yes,One year,Yes,Electronic check,59.03,932.91,Yes
4759-OHTRU,Female,0,No,Yes,30,Yes,No,Fiber optic,No,Yes,No,Yes,Yes,No,Month-to-month,No,Credit card (automatic),74.18,2278.18,No
4760-AXHCA,Male,1,No,No,45,Yes,Yes,DSL,No,Yes,Yes,Yes,No,No,Month-to-month,No,Mailed check,54.63,2453.0,No
4761-TYPIQ,Female,0,No,Yes,48,Yes,Yes,DSL,Yes,No,No,No,No,Yes,One year,No,Mailed check,59.25,2830.05,No
4762-PWFWG,Female,0,No,No,17,Yes,No,DSL,Yes,No,Yes,No,No,Yes,Month-to-month,No,Bank transfer (automatic),55.71,937.89,No
4763-XPHJN,Male,0,No,No,10,Yes,Yes,Fiber optic,No,No,No,No,No,No,Month-to-month,Yes,Electronic check,57.63,666.9,Yes
4764-KBLTT,Male,0,Yes,No,72,Yes,No,DSL,No,Yes,No,No,Yes,Yes,Month-to-month,Yes,Credit card (automatic),62.69,4557.11,No
4765-MOZLM,Male,0,No,No,54,No,No phone service,Fiber optic,No,No,No,No,Yes,No,Month-to-month,Yes,Mailed check,68.97,3767.37,No
4766-HPCML,Female,0,Yes,No,2,No,No phone service,Fiber optic,Yes,No,Yes,Yes,No,Yes,Two year,No,Electronic check,69.92,166.81,No
4767-SBAHI,Female,0,Yes,Yes,15,Yes,Yes,DSL,Yes,No,No,No,No,No,One year,No,Electronic check,46.09,719.27,No
4768-YHUQI,Female,0,No,No,8,Yes,Yes,DSL,Yes,No,Yes,No,No,No,Month-to-month,Yes,Electronic check,52.46,463.06,No
4769-FOWXM,Female,1,Yes,No,67,Yes,No,Fiber optic,No,No,No,Yes,No,No,Month-to-month,No,Electronic check,66.24,4525.41,No
4770-UVLMG,Male,0,Yes,No,44,Yes,No,Fiber optic,No,No,No,Yes,No,Yes,Month-to-month,Yes,Credit card (automatic),60.4,2667.63,No
4771-WRNKN,Male,0,Yes,Yes,1,Yes,No,DSL,No,No,No,Yes,Yes,No,Two year,Yes,Mailed check,50.56,61.26,Yes
4772-QXUZB,Male,0,Yes,Yes,21,Yes,Yes,No,No internet service,No internet service,No internet service,No internet service,No internet service,No internet service,Two year,Yes,Mailed check,18.25,452.61,Yes
4773-SPVJV,Male,0,Yes,Yes,68,Yes,No,Fiber optic,Yes,Yes,No,No,Yes,No,One year,No,Bank transfer (automatic),84.25,5736.68,No
4774-HUEGZ,Female,0,Yes,No,48,Yes,Yes,DSL,No,No,Yes,No,No,Yes,Month-to-month,Yes,Credit card (automatic),49.71,2437.8,No
4775-MPEPO,Female,0,No,No,20,Yes,Yes,No,No internet service,No internet service,No internet service,No internet service,No internet service,No internet service,Two year,Yes,Electronic check,30.37,589.91,No
4776-IVWLH,Male,0,No,No,54,Yes,No,No,No internet service,No internet service,No internet service,No internet service,No internet service,No internet service,Two year,No,Electronic check,22.18,1128.97,No
4777-MENPK,Female,0,No,No,3,Yes,No,Fiber optic,No,Yes,No,No,No,No,One year,No,Electronic check,60.28,116.23,Yes
4778-TLOXL,Male,0,No,No,57,Yes,No,No,No internet service,No internet service,No internet service,No internet service,No internet service,No internet service,One year,Yes,Credit card (automatic),18.25,1126.4,No
4779-ZIACL,Male,0,No,No,69,No,No phone service,DSL,No,Yes,No,No,Yes,No,Month-to-month,No,Mailed check,55.33,3959.71,No
4780-TMWFJ,Female,0,Yes,No,58,Yes,No,No,No internet service,No internet service,No internet service,No internet service,No internet service,No internet service,One year,Yes,Electronic check,21.44,1246.09,No
4781-JPAPD,Female,0,Yes,Yes,25,Yes,Yes,DSL,No,Yes,Yes,Yes,No,No,Month-to-month,Yes,Credit card (automatic),42.88,1045.22,No
4782-FSBRJ,Female,0,No,No,68,Yes,No,Fiber optic,No,Yes,No,No,No,No,One year,Yes,Electronic check,64.01,4370.45,No
4783-DAOJR,Female,0,No,No,38,Yes,Yes,Fiber optic,Yes,No,No,No,No,No,Month-to-month,Yes,Credit card (automatic),61.25,2294.36,Yes
4784-PMZOB,Female,0,Yes,No,0,Yes,Yes,DSL,Yes,No,No,No,Yes,No,Two year,No,Credit card (automatic),55.96,100.13,No
4785-TDAGW,Female,0,Yes,No,56,Yes,Yes,No,No internet service,No internet service,No internet service,No internet service,No internet service,No internet service,Two year,Yes,Electronic check,18.25,983.74,No
4786-ZKZJA,Female,0,No,No,47,Yes,No,DSL,Yes,No,Yes,Yes,No,No,Month-to-month,Yes,Bank transfer (automatic),42.3,1922.74,No
4787-KXJNN,Female,0,No,No,71,Yes,Yes,No,No internet service,No internet service,No internet service,No internet service,No internet service,No internet service,Two year,No,Credit card (automatic),18.25,1302.63,No
4788-GWKVD,Male,0,No,Yes,20,Yes,No,DSL,Yes,No,No,No,Yes,Yes,Month-to-month,No,Credit card (automatic),73.54,1505.33,No
4789-XBGSN,Male,0,Yes,No,30,Yes,No,Fiber optic,No,No,Yes,No,No,No,Month-to-month,No,Electronic check,55.63,1666.88,No
4790-SGLCO,Female,0,No,No,57,Yes,No,DSL,No,Yes,No,No,No,Yes,Month-to-month,Yes,Electronic check,58.62,3411.92,No
4791-EHNDG,Female,0,No,No,46,Yes,No,Fiber optic,No,Yes,No,No,No,Yes,One year,Yes,Electronic check,73.79,3398.55,Yes
4792-GRNHZ,Male,0,No,No,22,No,No phone service,No,No internet service,No internet service,No internet service,No internet service,No internet service,No internet service,Two year,No,Mailed check,21.62,457.02,No
4793-LJNIF,Male,1,No,No,6,Yes,No,Fiber optic,Yes,Yes,Yes,No,No,No,Month-to-month,No,Electronic check,69.74,551.47,Yes
4794-EAAYT,Male,0,No,No,48,Yes,No,DSL,Yes,Yes,No,No,Yes,Yes,Month-to-month,Yes,Mailed check,67.5,3260.4,No
4795-QKZLC,Male,0,No,Yes,30,Yes,No,DSL,No,Yes,Yes,No,No,No,Month-to-month,Yes,Credit card (automatic),44.0,1287.18,Yes
4796-FKMKH,Female,0,No,Yes,46,Yes,Yes,DSL,No,No,No,Yes,No,Yes,Month-to-month,Yes,Electronic check,44.94,2014.58,Yes
4797-JBXNP,Male,1,Yes,Yes,67,Yes,Yes,No,No internet service,No internet service,No internet service,No internet service,No internet service,No internet service,One year,Yes,Bank transfer (automatic),28.64,1862.29,No
4798-QKBXW,Male,0,No,Yes,34,Yes,No,Fiber optic,No,Yes,Yes,Yes,No,Yes,One year,No,Credit card (automatic),73.53,2352.15,Yes
4799-EPPZB,Male,1,No,Yes,33,Yes,Yes,Fiber optic,Yes,Yes,No,No,No,No,Month-to-month,Yes,Mailed check,73.12,2475.86,No
4800-PYEHT,Male,0,No,Yes,57,Yes,Yes,DSL,No,Yes,No,Yes,Yes,No,Two year,Yes,Electronic check,58.57,3332.04,No
4801-NYJWB,Female,1,No,No,14,Yes,No,Fiber optic,No,No,No,Yes,Yes,No,One year,Yes,Credit card (automatic),72.51,1052.7,Yes
4802-CRUBU,Male,1,No,No,70,Yes,No,Fiber optic,No,Yes,No,No,No,No,Month-to-month,Yes,Bank transfer (automatic),67.54,4738.39,No
4803-IBYGG,Female,0,No,Yes,41,Yes,No,DSL,Yes,Yes,No,No,No,Yes,Month-to-month,Yes,Electronic check,53.92,2090.45,Yes
4804-NEHWV,Female,0,Yes,No,17,Yes,No,Fiber optic,No,Yes,Yes,No,No,Yes,Two year,Yes,Electronic check,66.5,1118.66,No
4805-RFNRQ,Female,0,Yes,No,37,Yes,No,DSL,Yes,No,No,Yes,No,Yes,One year,Yes,Bank transfer (automatic),45.79,1686.45,No
4806-IMPUJ,Female,1,No,No,63,No,No phone service,Fiber optic,No,No,No,No,No,No,Month-to-month,Yes,Mailed check,54.96,3533.83,Yes
4807-JDLHO,Female,1,Yes,No,28,Yes,Yes,Fiber optic,No,No,Yes,Yes,No,Yes,Month-to-month,Yes,Mailed check,72.35,2073.37,Yes
4808-UWSOH,Male,0,No,No,9,Yes,Yes,DSL,No,Yes,No,No,No,Yes,Month-to-month,Yes,Mailed check,68.2,605.32,Yes
4809-HSIXQ,Female,0,Yes,No,16,Yes,Yes,DSL,No,No,Yes,No,No,No,Month-to-month,Yes,Mailed check,49.37,788.13,Yes
4810-HLODF,Male,0,No,Yes,31,Yes,Yes,DSL,No,Yes,No,No,Yes,Yes,Month-to-month,No,Credit card (automatic),72.08,2196.75,Yes
4811-PZYEW,Male,0,No,Yes,60,Yes,Yes,DSL,Yes,No,No,Yes,No,No,Two year,No,Credit card (automatic),39.5,2324.71,No
4812-MOQYV,Female,1,Yes,No,45,Yes,No,Fiber optic,No,No,No,No,No,No,Month-to-month,No,Electronic check,65.19,2895.96,Yes
4813-TVESG,Female,0,No,No,70,Yes,No,DSL,Yes,No,No,Yes,No,Yes,Two year,Yes,Bank transfer (automatic),55.65,3885.28,No
4814-CMNPM,Male,1,No,No,55,Yes,No,Fiber optic,No,Yes,No,Yes,No,No,Month-to-month,Yes,Mailed check,58.15,3203.84,No
4815-BNTGE,Female,0,Yes,No,60,No,No phone service,Fiber optic,Yes,Yes,No,No,No,Yes,Month-to-month,Yes,Electronic check,88.54,5298.43,Yes
4816-NIJGN,Female,0,Yes,Yes,43,Yes,Yes,No,No internet service,No internet service,No internet service,No internet service,No internet service,No internet service,One year,Yes,Electronic check,18.25,801.83,No
4817-YNYBQ,Female,0,No,No,37,Yes,No,DSL,No,No,Yes,No,No,No,One year,Yes,Electronic check,48.89,1787.02,No
4818-TDMRC,Male,1,Yes,Yes,49,No,No phone service,DSL,No,No,Yes,No,No,No,One year,Yes,Mailed check,43.19,2150.96,No
4819-SEAIX,Male,0,No,No,31,Yes,No,DSL,Yes,No,Yes,No,No,No,Two year,No,Electronic check,42.38,1412.17,No
4820-HCBAL,Female,0,Yes,Yes,52,Yes,No,Fiber optic,No,Yes,Yes,Yes,Yes,No,Month-to-month,No,Mailed check,68.08,3602.72,Yes
4821-VMJQK,Female,0,Yes,No,47,Yes,Yes,Fiber optic,Yes,No,No,No,No,No,One year,No,Electronic check,66.48,3073.05,No
4822-EYIMT,Female,0,Yes,No,0,Yes,Yes,Fiber optic,No,Yes,No,No,Yes,No,Month-to-month,No,Electronic check,81.12,18.8,No
4823-WKWDU,Male,0,Yes,Yes,29,Yes,No,DSL,Yes,No,No,No,Yes,No,One year,No,Mailed check,55.57,1674.48,No
4824-KIGPW,Female,0,Yes,No,8,Yes,Yes,DSL,No,No,No,Yes,No,Yes,Two year,Yes,Bank transfer (automatic),55.13,359.33,No
4825-ZWYEF,Female,0,No,Yes,32,Yes,No,Fiber optic,No,No,No,No,No,Yes,One year,Yes,Electronic check,69.97,2224.29,No
4826-SAPRX,Female,0,Yes,Yes,25,Yes,Yes,DSL,Yes,No,No,No,No,Yes,Two year,No,Credit card (automatic),52.64,1318.27,No
4827-MAJGE,Female,1,Yes,No,41,Yes,Yes,No,No internet service,No internet service,No internet service,No internet service,No internet service,No internet service,Month-to-month,Yes,Electronic check,18.59,748.47,Yes
4828-MVPXT,Male,0,Yes,Yes,41,Yes,Yes,DSL,No,Yes,No,No,Yes,No,Month-to-month,Yes,Mailed check,57.32,2338.99,Yes
4829-VNKSW,Female,0,No,No,38,Yes,Yes,Fiber optic,No,Yes,No,Yes,Yes,No,Month-to-month,No,Bank transfer (automatic),72.74,2780.3,Yes
4830-BHMGL,Female,0,No,No,60,Yes,No,DSL,No,No,No,No,No,No,Two year,Yes,Mailed check,37.34,2243.26,No
4831-HPRSD,Male,0,No,Yes,46,Yes,No,No,No internet service,No internet service,No internet service,No internet service,No internet service,No internet service,Two year,No,Bank transfer (automatic),18.25,798.84,No
4832-YLPUV,Female,0,Yes,No,41,Yes,No,Fiber optic,Yes,No,No,No,Yes,Yes,Month-to-month,Yes,Mailed check,85.88,3608.45,No
4833-QDTZX,Female,0,No,Yes,47,Yes,No,DSL,No,Yes,No,No,No,No,Month-to-month,Yes,Mailed check,42.73,2007.74,No
4834-XZVXI,Male,0,No,Yes,51,Yes,Yes,Fiber optic,No,No,Yes,Yes,No,No,Two year,No,Electronic check,53.32,2737.7,No
4835-EQQBB,Female,0,No,Yes,32,Yes,Yes,Fiber optic,No,No,Yes,No,No,Yes,Month-to-month,No,Mailed check,67.87,2156.45,Yes
4836-UWGDM,Male,0,Yes,Yes,26,Yes,No,DSL,No,No,No,Yes,Yes,Yes,Month-to-month,Yes,Electronic check,60.29,1569.41,No
4837-TKZCB,Female,1,No,No,42,Yes,No,No,No internet service,No internet service,No internet service,No internet service,No internet service,No internet service,One year,No,Credit card (automatic),21.82,878.6,No
4838-PCXOQ,Female,0,Yes,No,28,Yes,Yes,Fiber optic,No,No,No,No,Yes,No,Month-to-month,Yes,Electronic check,73.09,1984.05,Yes
4839-PTGPE,Female,0,Yes,No,18,Yes,No,Fiber optic,Yes,No,No,No,No,No,One year,Yes,Electronic check,65.76,1217.66,No
4840-BAVMP,Male,0,Yes,No,27,Yes,No,Fiber optic,No,No,No,Yes,Yes,No,Month-to-month,Yes,Mailed check,65.86,1732.6,No
4841-ECOPK,Female,1,Yes,No,9,Yes,Yes,Fiber optic,No,Yes,No,Yes,No,No,Two year,Yes,Electronic check,66.98,588.27,No
4842-YSRUI,Male,0,Yes,Yes,66,Yes,No,Fiber optic,Yes,No,No,No,Yes,No,Month-to-month,No,Mailed check,71.05,4778.43,No
4843-HVSVE,Male,1,No,No,15,Yes,No,Fiber optic,No,No,No,Yes,No,Yes,Two year,No,Bank transfer (automatic),66.98,1069.0,No
4844-QENGI,Male,0,No,No,0,Yes,Yes,Fiber optic,No,Yes,No,No,No,No,One year,Yes,Credit card (automatic),61.52,18.8,Yes
4845-QCHVM,Male,0,No,Yes,3,Yes,No,No,No internet service,No internet service,No internet service,No internet service,No internet service,No internet service,One year,No,Mailed check,18.25,76.21,No
4846-PUJRC,Male,0,Yes,No,68,Yes,No,No,No internet service,No internet service,No internet service,No internet service,No internet service,No internet service,Month-to-month,Yes,Bank transfer (automatic),24.32,1582.41,No
4847-LPRQG,Male,0,No,No,3,Yes,No,DSL,No,Yes,No,No,No,Yes,Two year,Yes,Bank transfer (automatic),57.49,236.72,No
4848-SWWHQ,Female,0,No,No,19,Yes,No,Fiber optic,Yes,No,Yes,No,Yes,No,Two year,No,Mailed check,78.23,1490.78,No
4849-UZYGA,Female,0,Yes,Yes,62,Yes,No,DSL,No,Yes,No,No,Yes,Yes,Month-to-month,Yes,Mailed check,70.83,4449.87,Yes
4850-HSTTJ,Female,0,No,Yes,34,Yes,Yes,DSL,Yes,No,No,Yes,Yes,No,Month-to-month,Yes,Bank transfer (automatic),49.46,1695.64,No
4851-LXAXY,Female,0,No,Yes,44,Yes,No,DSL,No,No,No,No,No,Yes,Month-to-month,No,Mailed check,50.11,2184.01,No
4852-YUDDI,Male,1,Yes,No,56,Yes,No,DSL,Yes,No,No,No,No,Yes,Month-to-month,Yes,Credit card (automatic),54.29,3026.41,No
4853-OXZOZ,Female,0,Yes,No,23,Yes,No,No,No internet service,No internet service,No internet service,No internet service,No internet service,No internet service,Month-to-month,No,Credit card (automatic),21.62,477.9,Yes
4854-GLCTI,Female,0,Yes,No,19,Yes,No,Fiber optic,Yes,Yes,Yes,Yes,Yes,Yes,Month-to-month,No,Bank transfer (automatic),91.54,1761.51,Yes
4855-NMXLA,Male,0,No,No,27,Yes,No,DSL,No,Yes,Yes,No,No,No,Month-to-month,No,Mailed check,37.35,970.14,No
4856-SPLJB,Female,0,Yes,No,37,Yes,No,DSL,Yes,No,No,No,Yes,Yes,Two year,Yes,Bank transfer (automatic),71.19,2634.56,No
4857-RMXFL,Male,0,Yes,Yes,23,Yes,Yes,DSL,Yes,No,Yes,Yes,Yes,No,Month-to-month,No,Credit card (automatic),52.34,1209.73,No
4858-VDAKW,Female,0,Yes,No,23,Yes,No,Fiber optic,Yes,Yes,No,No,No,No,Two year,No,Electronic check,70.95,1552.59,No
4859-HBBPA,Female,0,No,No,69,Yes,Yes,Fiber optic,No,No,No,Yes,No,No,Month-to-month,Yes,Electronic check,62.11,4230.15,No
4860-DFUTN,Male,0,Yes,No,24,Yes,No,Fiber optic,No,No,No,Yes,Yes,Yes,Two year,No,Mailed check,79.88,1833.25,No
4861-TZOGG,Female,0,No,No,68,No,No phone service,No,No internet service,No internet service,No internet service,No internet service,No internet service,No internet service,One year,Yes,Credit card (automatic),18.25,1226.36,No
4862-RWBTO,Female,0,No,No,16,Yes,No,Fiber optic,No,No,Yes,No,Yes,No,Month-to-month,Yes,Electronic check,70.68,1126.35,Yes
4863-AUQTY,Female,0,No,Yes,57,Yes,Yes,Fiber optic,Yes,No,Yes,No,No,No,Month-to-month,No,Mailed check,64.84,3732.42,Yes
4864-MLXVO,Female,0,No,No,72,Yes,No,No,No internet service,No internet service,No internet service,No internet service,No internet service,No internet service,Two year,Yes,Electronic check,19.78,1380.48,No
4865-XEGHW,Male,1,Yes,No,19,Yes,No,Fiber optic,Yes,No,No,No,No,Yes,Month-to-month,No,Electronic check,73.85,1336.46,No
4866-NDUNJ,Female,0,No,No,1,No,No phone service,DSL,No,Yes,No,Yes,Yes,No,Month-to-month,No,Credit card (automatic),58.37,31.53,Yes
4867-VPKVY,Male,0,No,No,8,Yes,Yes,Fiber optic,Yes,No,No,No,No,No,Two year,Yes,Bank transfer (automatic),73.09,603.98,Yes
4868-ZNNBV,Male,0,No,No,62,Yes,Yes,Fiber optic,No,Yes,No,No,No,No,Month-to-month,Yes,Bank transfer (automatic),73.86,4664.93,Yes
4869-MCRVD,Female,0,No,Yes,67,Yes,No,Fiber optic,No,Yes,No,Yes,No,No,Month-to-month,Yes,Bank transfer (automatic),68.79,4613.98,No
4870-UUSPD,Male,0,No,No,5,Yes,Yes,Fiber optic,No,No,No,No,No,No,Month-to-month,No,Bank transfer (automatic),63.37,265.09,Yes
4871-SWOAP,Female,0,Yes,No,10,Yes,Yes,Fiber optic,No,No,No,No,No,Yes,Month-to-month,No,Bank transfer (automatic),62.3,643.23,No
4872-OPVTA,Male,1,Yes,No,20,Yes,No,No,No internet service,No internet service,No internet service,No internet service,No internet service,No internet service,One year,No,Mailed check,20.68,418.82,No
4873-QEEZG,Male,0,Yes,No,62,Yes,Yes,Fiber optic,No,Yes,Yes,Yes,No,Yes,Month-to-month,Yes,Mailed check,77.34,4796.75,No
4874-MLDYD,Male,0,Yes,No,29,Yes,Yes,No,No internet service,No internet service,No internet service,No internet service,No internet service,No internet service,Month-to-month,Yes,Electronic check,18.25,462.31,No
4875-WUUFX,Male,0,No,No,20,Yes,No,Fiber optic,No,No,Yes,Yes,No,Yes,One year,Yes,Credit card (automatic),79.56,1611.02,No
4876-OUSFL,Female,0,Yes,No,22,Yes,Yes,Fiber optic,No,No,No,No,Yes,No,Two year,Yes,Electronic check,69.58,1507.32,No
4877-NRLXX,Female,0,Yes,Yes,60,Yes,Yes,No,No internet service,No internet service,No internet service,No internet service,No internet service,No internet service,Month-to-month,No,Mailed check,18.25,1071.11,No
4878-OSHIE,Female,0,No,Yes,29,Yes,No,No,No internet service,No internet service,No internet service,No internet service,No internet service,No internet service,Month-to-month,No,Electronic check,18.25,574.27,Yes
4879-EFWCE,Female,0,No,No,45,Yes,Yes,Fiber optic,Yes,No,No,No,Yes,No,Month-to-month,No,Mailed check,76.24,3459.85,No
4880-AKZUT,Male,0,No,Yes,59,Yes,Yes,Fiber optic,No,No,Yes,No,Yes,Yes,One year,Yes,Credit card (automatic),82.08,4785.86,Yes
4881-AGOQH,Female,1,No,No,17,Yes,No,Fiber optic,No,No,No,No,No,No,Month-to-month,Yes,Credit card (automatic),66.68,1208.72,No
4882-ZBZML,Female,1,No,Yes,61,Yes,No,Fiber optic,No,Yes,No,Yes,No,No,One year,Yes,Credit card (automatic),60.63,3750.85,No
4883-EMFYO,Female,0,No,No,44,Yes,Yes,DSL,Yes,No,No,Yes,Yes,No,Two year,No,Bank transfer (automatic),54.74,2366.43,No
4884-WVUVK,Male,0,No,No,60,Yes,No,Fiber optic,Yes,Yes,Yes,Yes,Yes,No,Month-to-month,Yes,Electronic check,79.14,4639.03,Yes
4885-DAOLI,Male,0,No,No,58,No,No phone service,DSL,No,No,Yes,No,Yes,Yes,One year,Yes,Bank transfer (automatic),57.81,3370.77,No
4886-KEXGH,Male,0,Yes,No,34,No,No phone service,Fiber optic,No,No,No,No,No,Yes,One year,Yes,Electronic check,66.26,2266.21,Yes
4887-AYACH,Male,0,No,Yes,21,Yes,No,No,No internet service,No internet service,No internet service,No internet service,No internet service,No internet service,One year,No,Electronic check,29.79,579.03,No
4888-KANAF,Male,0,No,No,23,Yes,Yes,DSL,Yes,No,No,Yes,No,No,One year,Yes,Electronic check,49.39,1227.14,No
4889-UFCJL,Female,0,No,No,50,No,No phone service,DSL,No,No,No,Yes,Yes,No,Month-to-month,Yes,Electronic check,50.5,2519.55,No
4890-JVBXV,Male,1,No,No,64,Yes,Yes,No,No internet service,No internet service,No internet service,No internet service,No internet service,No internet service,Month-to-month,Yes,Bank transfer (automatic),22.11,1413.29,No
4891-MPMDD,Female,0,No,Yes,14,Yes,Yes,Fiber optic,No,No,Yes,No,No,Yes,Month-to-month,No,Mailed check,74.85,1064.88,No
4892-KWNCS,Male,0,No,No,27,Yes,No,Fiber optic,Yes,Yes,Yes,No,No,No,Month-to-month,Yes,Electronic check,66.51,1857.07,Yes
4893-VYAEQ,Male,0,Yes,Yes,41,Yes,No,Fiber optic,Yes,Yes,No,Yes,No,Yes,Two year,No,Electronic check,75.35,3103.79,No
4894-ASSDS,Male,0,Yes,No,19,Yes,No,DSL,Yes,No,No,No,Yes,Yes,One year,No,Electronic check,63.64,1213.17,No
4895-FODXA,Male,0,Yes,No,42,Yes,Yes,DSL,No,Yes,No,Yes,No,No,Month-to-month,No,Credit card (automatic),49.71,2015.54,No
4896-XQKQW,Male,0,Yes,No,68,Yes,Yes,No,No internet service,No internet service,No internet service,No internet service,No internet service,No internet service,Month-to-month,No,Electronic check,31.13,2115.88,No
4897-AINOX,Male,0,Yes,No,62,Yes,No,Fiber optic,No,No,No,Yes,Yes,Yes,One year,Yes,Electronic check,78.98,4963.94,No
4898-ABRRF,Female,0,No,Yes,42,Yes,Yes,DSL,No,No,No,No,No,No,Two year,Yes,Mailed check,34.44,1413.11,Yes
4899-THAOJ,Male,0,Yes,No,1,Yes,Yes,DSL,No,Yes,No,No,No,Yes,Two year,Yes,Credit card (automatic),56.37,62.9,No
4900-DJKEI,Male,0,No,No,22,Yes,No,Fiber optic,No,Yes,Yes,No,No,Yes,One year,Yes,Bank transfer (automatic),74.42,1483.08,No
4901-EKCDJ,Female,0,No,No,11,Yes,No,DSL,No,No,Yes,No,Yes,Yes,Month-to-month,Yes,Bank transfer (automatic),66.06,797.9,No
4902-GAFHQ,Male,1,No,No,45,Yes,Yes,DSL,No,Yes,No,No,No,No,Two year,Yes,Credit card (automatic),45.55,2044.44,Yes
4903-XGAIK,Male,0,Yes,No,32,Yes,No,DSL,Yes,No,No,No,No,Yes,Two year,Yes,Credit card (automatic),57.51,1832.16,No
4904-SBWKC,Female,1,No,No,43,Yes,Yes,DSL,No,Yes,Yes,No,Yes,No,Two year,Yes,Electronic check,52.96,2303.3,No
4905-QJCVC,Female,0,No,No,24,Yes,No,Fiber optic,No,Yes,No,Yes,No,No,One year,No,Electronic check,66.07,1600.55,No
4906-UYGBA,Male,1,Yes,No,34,Yes,Yes,No,No internet service,No internet service,No internet service,No internet service,No internet service,No internet service,Two year,No,Electronic check,18.25,641.41,No
4907-GTKWF,Male,0,Yes,Yes,34,No,No phone service,Fiber optic,Yes,Yes,No,Yes,No,No,Two year,Yes,Mailed check,68.46,2269.41,Yes
4908-WDSUS,Male,0,Yes,No,64,Yes,Yes,DSL,Yes,Yes,Yes,No,No,Yes,One year,Yes,Mailed check,56.33,3671.43,No
4909-NCDHR,Male,0,No,No,42,Yes,No,DSL,No,No,Yes,Yes,Yes,No,Two year,No,Credit card (automatic),51.17,2207.08,No
4910-DKPCG,Male,0,No,No,67,Yes,No,No,No internet service,No internet service,No internet service,No internet service,No internet service,No internet service,Month-to-month,Yes,Credit card (automatic),18.76,1273.82,No
4911-BAZAF,Male,0,No,No,61,Yes,No,Fiber optic,Yes,Yes,No,Yes,No,No,One year,No,Credit card (automatic),63.76,3967.2,No
4912-SGXEU,Female,0,Yes,No,30,Yes,No,Fiber optic,No,No,No,Yes,Yes,No,Month-to-month,No,Bank transfer (automatic),72.28,2169.87,No
4913-RXZMA,Female,0,Yes,Yes,27,Yes,Yes,No,No internet service,No internet service,No internet service,No internet service,No internet service,No internet service,Month-to-month,Yes,Mailed check,21.93,568.84,No
4914-JIQAA,Female,0,Yes,No,10,Yes,No,Fiber optic,No,No,Yes,No,Yes,Yes,Two year,No,Mailed check,84.8,861.82,No
4915-GDWUL,Female,0,Yes,No,31,Yes,No,Fiber optic,No,Yes,No,No,No,No,Month-to-month,No,Electronic check,63.87,2040.11,Yes
4916-PNWJN,Male,0,Yes,Yes,65,Yes,Yes,No,No internet service,No internet service,No internet service,No internet service,No internet service,No internet service,One year,Yes,Credit card (automatic),18.25,1165.6,No
4917-GDBXR,Female,0,Yes,Yes,59,Yes,No,Fiber optic,Yes,No,No,No,No,Yes,Two year,Yes,Credit card (automatic),71.04,4167.29,No
4918-PIEIY,Male,0,No,No,50,Yes,Yes,Fiber optic,No,Yes,No,Yes,Yes,No,One year,No,Electronic check,76.94,3794.15,No
4919-HXTPT,Male,1,Yes,No,58,Yes,No,Fiber optic,No,No,No,Yes,Yes,Yes,Two year,Yes,Mailed check,82.01,4756.02,No
4920-RDPDF,Female,0,Yes,Yes,16,Yes,No,No,No internet service,No internet service,No internet service,No internet service,No internet service,No internet service,Month-to-month,Yes,Bank transfer (automatic),18.25,302.52,No
4921-CROHR,Male,1,No,No,67,Yes,Yes,No,No internet service,No internet service,No internet service,No internet service,No internet service,No internet service,Month-to-month,Yes,Electronic check,19.13,1230.09,No
4922-XWCFV,Female,0,No,No,37,Yes,No,Fiber optic,No,Yes,No,Yes,Yes,No,One year,No,Mailed check,76.56,2733.28,Yes
4923-ZUXOL,Female,1,No,Yes,63,Yes,Yes,Fiber optic,No,No,No,No,No,No,Two year,Yes,Mailed check,59.86,3752.78,No
4924-EGVOG,Female,0,Yes,No,2,Yes,Yes,No,No internet service,No internet service,No internet service,No internet service,No internet service,No internet service,One year,No,Mailed check,20.28,53.51,No
4925-MYCZW,Female,0,No,No,53,Yes,No,Fiber optic,No,No,No,Yes,Yes,No,Two year,Yes,Electronic check,77.06,4169.56,No
4926-MZCBW,Female,0,No,Yes,43,Yes,Yes,Fiber optic,Yes,Yes,No,No,No,No,Two year,Yes,Bank transfer (automatic),63.65,2776.22,No
4927-DQFKF,Male,0,Yes,Yes,29,Yes,No,DSL,Yes,No,Yes,No,No,No,Month-to-month,No,Electronic check,43.34,1376.51,Yes
4928-VBQCL,Female,0,Yes,No,53,Yes,No,Fiber optic,Yes,Yes,No,No,No,Yes,Month-to-month,Yes,Credit card (automatic),87.52,4614.48,No
4929-NBVVE,Male,0,No,Yes,47,Yes,Yes,DSL,No,No,Yes,No,No,No,One year,No,Electronic check,41.35,1966.99,No
4930-JJUIU,Male,0,No,No,34,Yes,Yes,Fiber optic,Yes,No,No,Yes,No,No,Two year,Yes,Electronic check,60.8,2061.86,No
4931-MJFKD,Male,0,Yes,No,67,Yes,Yes,Fiber optic,Yes,Yes,No,No,Yes,No,Month-to-month,Yes,Bank transfer (automatic),81.53,5587.6,No
4932-ZNQTB,Male,0,Yes,No,25,Yes,No,Fiber optic,No,No,No,No,No,No,Two year,Yes,Bank transfer (automatic),61.57,1569.55,Yes
4933-JCGGA,Female,0,No,No,71,Yes,No,Fiber optic,Yes,No,No,No,Yes,Yes,Month-to-month,No,Electronic check,89.81,6259.05,No
4934-HWAHN,Male,0,Yes,No,55,Yes,No,Fiber optic,Yes,No,Yes,Yes,No,Yes,Month-to-month,Yes,Credit card (automatic),79.07,4317.99,No
4935-NBHSJ,Female,0,No,Yes,68,Yes,No,Fiber optic,No,Yes,Yes,No,No,No,Month-to-month,Yes,Bank transfer (automatic),61.62,4115.14,No
4936-GMVUO,Male,0,Yes,No,63,Yes,Yes,No,No internet service,No internet service,No internet service,No internet service,No internet service,No internet service,Month-to-month,Yes,Electronic check,20.6,1363.18,No
4937-KZNKB,Female,0,No,No,28,Yes,No,DSL,No,No,No,No,Yes,Yes,Month-to-month,Yes,Electronic check,62.88,1720.23,No
4938-BLOQN,Female,0,Yes,No,58,Yes,No,Fiber optic,No,No,Yes,Yes,No,No,Month-to-month,No,Electronic check,56.08,3273.94,No
4939-YPHXQ,Female,1,Yes,No,24,Yes,Yes,No,No internet service,No internet service,No internet service,No internet service,No internet service,No internet service,Month-to-month,No,Bank transfer (automatic),20.28,479.21,Yes
4940-ELFRZ,Female,0,No,No,71,Yes,Yes,No,No internet service,No internet service,No internet service,No internet service,No internet service,No internet service,Month-to-month,Yes,Credit card (automatic),18.25,1275.87,No
4941-EFIOJ,Female,0,Yes,No,26,Yes,No,No,No internet service,No internet service,No internet service,No internet service,No internet service,No internet service,One year,No,Bank transfer (automatic),20.81,493.04,No
4942-QZSLI,Male,0,Yes,No,21,Yes,No,No,No internet service,No internet service,No internet service,No internet service,No internet service,No internet service,Month-to-month,No,Electronic check,21.01,416.77,No
4943-ONAQA,Male,0,No,No,70,Yes,Yes,DSL,No,No,Yes,Yes,No,No,Month-to-month,Yes,Electronic check,37.84,2651.4,No
4944-WUVMH,Male,0,Yes,No,46,Yes,No,DSL,No,No,No,No,Yes,No,Month-to-month,Yes,Mailed check,54.31,2481.95,No
4945-MPBMR,Male,0,Yes,Yes,54,Yes,No,DSL,No,No,No,Yes,Yes,No,One year,Yes,Bank transfer (automatic),55.14,3003.2,No
4946-CMSMS,Female,0,Yes,No,8,Yes,No,DSL,Yes,Yes,Yes,Yes,No,No,Month-to-month,No,Credit card (automatic),45.21,274.86,Yes
4947-DSRYF,Male,0,No,No,53,Yes,No,DSL,No,No,Yes,Yes,Yes,No,Month-to-month,Yes,Mailed check,55.48,2867.67,No
4948-SYDDX,Male,0,No,Yes,63,Yes,Yes,No,No internet service,No internet service,No internet service,No internet service,No internet service,No internet service,Two year,Yes,Credit card (automatic),20.3,1316.75,No
4949-GGZWZ,Male,0,No,No,38,No,No phone service,Fiber optic,No,No,No,Yes,No,No,One year,No,Electronic check,56.07,2079.18,No
4950-PPEOW,Male,0,No,No,7,Yes,Yes,DSL,No,Yes,No,Yes,Yes,No,Two year,Yes,Electronic check,61.35,351.49,No
4951-DXYMS,Male,1,Yes,Yes,26,No,No phone service,Fiber optic,Yes,No,Yes,No,No,Yes,Month-to-month,Yes,Electronic check,75.5,1977.34,No
4952-GLZIQ,Female,0,Yes,No,68,Yes,No,DSL,No,Yes,No,Yes,No,No,Month-to-month,No,Electronic check,39.89,2703.49,No
4953-BPGRG,Female,0,No,No,32,No,No phone service,DSL,No,No,Yes,No,No,No,Month-to-month,Yes,Bank transfer (automatic),36.66,1215.68,Yes
4954-ACUKV,Male,0,No,No,9,Yes,No,DSL,Yes,Yes,No,No,No,Yes,Month-to-month,No,Mailed check,60.53,413.46,No
4955-OYYCX,Female,0,No,No,15,Yes,Yes,Fiber optic,Yes,No,No,Yes,No,No,One year,Yes,Electronic check,67.19,920.89,No
4956-MDWVH,Male,0,No,No,10,Yes,No,No,No internet service,No internet service,No internet service,No internet service,No internet service,No internet service,One year,No,Mailed check,25.22,278.13,No
4957-VDRGK,Female,0,Yes,Yes,18,Yes,Yes,DSL,No,No,Yes,No,Yes,No,Month-to-month,Yes,Electronic check,52.0,962.88,Yes
4958-DMIIW,Female,1,No,No,63,Yes,No,Fiber optic,Yes,Yes,Yes,No,No,Yes,Month-to-month,No,Credit card (automatic),74.05,4703.89,No
4959-USCYY,Male,0,No,No,51,Yes,Yes,DSL,No,No,Yes,No,No,No,One year,Yes,Electronic check,37.15,1925.18,Yes
4960-LKTKQ,Female,0,Yes,No,14,Yes,No,DSL,No,No,Yes,Yes,No,No,Month-to-month,Yes,Mailed check,51.18,719.59,No
4961-ZUNPX,Male,0,Yes,No,41,Yes,Yes,DSL,No,No,No,No,No,No,One year,Yes,Credit card (automatic),49.65,2005.52,No
4962-JDJZT,Male,0,No,Yes,37,Yes,No,DSL,Yes,No,No,Yes,Yes,No,Month-to-month,Yes,Mailed check,56.27,1988.31,No
4963-LIOIG,Female,0,No,No,48,Yes,Yes,Fiber optic,No,Yes,No,No,No,No,Month-to-month,Yes,Electronic check,68.78,3398.33,Yes
4964-ZXLTX,Female,1,No,No,48,Yes,No,Fiber optic,Yes,No,No,No,No,No,Month-to-month,Yes,Credit card (automatic),67.22,3177.82,Yes
4965-NVPSW,Female,1,No,Yes,70,Yes,No,DSL,Yes,Yes,No,No,Yes,No,Month-to-month,Yes,Electronic check,66.77,4732.5,No
4966-CKWUT,Female,0,No,No,54,No,No phone service,DSL,Yes,Yes,No,Yes,Yes,No,Month-to-month,Yes,Bank transfer (automatic),63.44,3395.29,No
4967-SHTHZ,Male,0,Yes,Yes,21,Yes,No,No,No internet service,No internet service,No internet service,No internet service,No internet service,No internet service,One year,No,Mailed check,21.04,429.86,No
4968-CJMIF,Male,1,No,Yes,42,No,No phone service,DSL,Yes,Yes,No,No,No,Yes,One year,No,Bank transfer (automatic),66.71,2760.82,Yes
4969-OPEUM,Male,0,Yes,Yes,49,No,No phone service,Fiber optic,No,No,No,No,Yes,No,Two year,No,Electronic check,72.12,3537.16,No
4970-SBFAO,Male,0,No,No,18,Yes,Yes,Fiber optic,No,Yes,Yes,Yes,No,Yes,One year,Yes,Bank transfer (automatic),73.07,1339.73,No
4971-ONGET,Male,0,No,No,71,Yes,No,DSL,No,Yes,No,Yes,No,Yes,Month-to-month,Yes,Bank transfer (automatic),58.88,4094.24,No
4972-YZPQK,Male,0,No,Yes,17,Yes,Yes,DSL,No,No,Yes,No,No,No,Month-to-month,No,Electronic check,43.69,767.94,Yes
4973-OTPCF,Female,0,Yes,No,9,No,No phone service,DSL,No,No,No,No,No,Yes,One year,Yes,Mailed check,47.78,512.39,No
4974-UWMAU,Male,0,No,Yes,49,Yes,No,Fiber optic,Yes,Yes,No,No,Yes,No,Month-to-month,Yes,Credit card (automatic),86.41,4259.95,No
4975-NBBOR,Male,0,No,No,48,No,No phone service,Fiber optic,Yes,No,No,Yes,No,No,One year,Yes,Mailed check,68.07,3307.51,No
4976-IZCDO,Female,0,No,Yes,40,Yes,No,Fiber optic,No,No,Yes,No,Yes,No,Two year,Yes,Electronic check,69.86,2785.53,Yes
4977-ETTEJ,Female,0,Yes,No,14,Yes,No,No,No internet service,No internet service,No internet service,No internet service,No internet service,No internet service,One year,Yes,Bank transfer (automatic),22.11,283.33,No
4978-PYLYN,Male,0,Yes,No,22,Yes,No,Fiber optic,Yes,No,No,No,No,No,Month-to-month,Yes,Electronic check,70.94,1572.94,Yes
4979-VKSFJ,Male,0,No,No,26,Yes,No,No,No internet service,No internet service,No internet service,No internet service,No internet service,No internet service,Month-to-month,No,Mailed check,20.63,481.84,No
4980-TCVOK,Female,0,No,Yes,5,No,No phone service,Fiber optic,No,No,No,No,No,No,Two year,Yes,Electronic check,58.59,279.12,No
4981-VBYXF,Male,0,Yes,No,23,Yes,No,DSL,Yes,No,No,No,No,No,Month-to-month,No,Mailed check,40.77,853.72,Yes
4982-QRDWI,Female,0,No,No,8,Yes,Yes,Fiber optic,No,Yes,No,No,No,Yes,Two year,No,Credit card (automatic),63.81,453.21,No
4983-JUZBK,Female,0,No,No,61,Yes,No,No,No internet service,No internet service,No internet service,No internet service,No internet service,No internet service,Month-to-month,Yes,Bank transfer (automatic),18.25,1172.01,No
4984-KKAZN,Female,0,Yes,No,66,No,No phone service,DSL,No,No,Yes,No,No,No,Two year,No,Credit card (automatic),37.4,2344.36,No
4985-AUWYI,Male,0,Yes,No,69,Yes,Yes,Fiber optic,Yes,No,Yes,No,No,No,Month-to-month,No,Mailed check,74.28,5162.6,Yes
4986-XAUVV,Male,0,Yes,Yes,41,Yes,No,DSL,No,Yes,No,No,Yes,No,Two year,Yes,Bank transfer (automatic),46.98,2026.71,No
4987-DASJO,Female,0,Yes,No,59,Yes,Yes,No,No internet service,No internet service,No internet service,No internet service,No internet service,No internet service,Month-to-month,No,Bank transfer (automatic),18.82,1122.78,No
4988-TDTNE,Female,0,Yes,No,47,Yes,No,Fiber optic,No,No,No,No,No,Yes,One year,No,Electronic check,62.66,2897.0,No
4989-OOYPP,Male,0,No,No,55,Yes,No,DSL,No,Yes,No,No,No,No,Month-to-month,No,Bank transfer (automatic),42.51,2368.79,Yes
4990-DYIAE,Male,0,Yes,Yes,4,Yes,No,No,No internet service,No internet service,No internet service,No internet service,No internet service,No internet service,One year,Yes,Mailed check,32.91,59.63,No
4991-ITEDP,Male,0,Yes,Yes,53,Yes,No,DSL,Yes,Yes,Yes,Yes,No,Yes,Two year,No,Mailed check,50.89,2656.99,No
4992-BZPRB,Female,0,No,No,37,Yes,Yes,Fiber optic,No,No,No,Yes,No,No,Month-to-month,Yes,Electronic check,58.62,2102.36,Yes
4993-PAPCO,Female,0,No,No,18,Yes,No,Fiber optic,No,No,No,Yes,No,No,Month-to-month,Yes,Electronic check,51.67,863.76,Yes
4994-KJQDQ,Female,1,Yes,No,68,Yes,No,No,No internet service,No internet service,No internet service,No internet service,No internet service,No internet service,Month-to-month,Yes,Mailed check,21.64,1515.49,Yes
4995-DSYAN,Male,0,No,Yes,72,Yes,Yes,Fiber optic,Yes,Yes,No,No,Yes,No,One year,Yes,Electronic check,84.91,6104.37,No
4996-XKYGQ,Female,0,Yes,Yes,70,Yes,Yes,No,No internet service,No internet service,No internet service,No internet service,No internet service,No internet service,One year,Yes,Bank transfer (automatic),18.25,1308.42,No
4997-DJQDS,Female,0,Yes,No,23,Yes,No,DSL,Yes,No,No,Yes,No,No,One year,No,Bank transfer (automatic),49.52,1150.44,No
4998-RQFGF,Female,0,No,No,9,Yes,No,DSL,No,No,No,Yes,Yes,No,Two year,Yes,Electronic check,56.74,433.86,No
4999-YLIRB,Male,0,No,No,20,Yes,No,DSL,No,Yes,Yes,No,No,Yes,Month-to-month,Yes,Bank transfer (automatic),59.96,1184.65,Yes
5000-YQUAW,Female,0,No,No,14,Yes,Yes,Fiber optic,No,Yes,No,Yes,Yes,No,Month-to-month,No,Electronic check,76.56,1024.2,Yes
5001-IFBFI,Female,0,No,No,63,Yes,No,DSL,No,No,No,No,Yes,Yes,Month-to-month,Yes,Credit card (automatic),53.12,3322.66,No
5002-CPYXO,Male,1,Yes,No,12,Yes,No,DSL,No,No,Yes,No,Yes,Yes,Month-to-month,Yes,Bank transfer (automatic),68.48,817.45,Yes
5003-LWHZF,Female,0,No,Yes,70,Yes,Yes,No,No internet service,No internet service,No internet service,No internet service,No internet service,No internet service,Month-to-month,Yes,Mailed check,18.74,1296.54,No
5004-CWDJN,Male,1,No,No,39,Yes,Yes,DSL,No,No,No,No,Yes,No,Two year,Yes,Mailed check,47.36,1857.42,No
5005-UXOGG,Male,0,No,No,7,Yes,Yes,Fiber optic,No,Yes,No,No,Yes,No,Month-to-month,Yes,Mailed check,79.14,560.37,No
5006-HJSSB,Female,1,Yes,No,37,Yes,No,Fiber optic,Yes,Yes,No,Yes,Yes,No,Month-to-month,No,Electronic check,78.98,2872.12,Yes
5007-OAJFV,Male,1,Yes,Yes,51,Yes,No,DSL,Yes,No,No,Yes,No,No,Month-to-month,Yes,Electronic check,41.0,2096.3,Yes
5008-MJLXF,Female,1,No,No,1,Yes,Yes,Fiber optic,No,No,Yes,Yes,Yes,No,Month-to-month,Yes,Electronic check,68.2,155.08,Yes
5009-FALWW,Male,0,No,No,21,Yes,No,Fiber optic,Yes,Yes,Yes,No,No,Yes,Month-to-month,No,Bank transfer (automatic),79.32,1638.42,No
5010-JYNOW,Female,1,Yes,No,3,Yes,No,Fiber optic,No,No,No,No,Yes,No,Month-to-month,Yes,Credit card (automatic),76.85,157.37,No
5011-XDYAH,Male,1,Yes,No,51,Yes,Yes,No,No internet service,No internet service,No internet service,No internet service,No internet service,No internet service,Two year,Yes,Electronic check,21.08,1062.59,No
5012-CNQBO,Male,0,Yes,No,6,Yes,Yes,Fiber optic,No,No,No,No,No,Yes,Two year,Yes,Bank transfer (automatic),75.7,493.9,Yes
5013-FENSI,Male,0,No,No,0,Yes,No,No,No internet service,No internet service,No internet service,No internet service,No internet service,No internet service,Month-to-month,No,Mailed check,18.25,32.5,No
5014-HCRHP,Female,0,Yes,No,57,Yes,No,Fiber optic,No,No,No,No,No,No,Two year,Yes,Electronic check,55.48,3180.93,No
5015-OUOPY,Female,0,Yes,Yes,61,Yes,No,Fiber optic,Yes,Yes,No,Yes,No,Yes,Month-to-month,Yes,Credit card (automatic),85.18,5275.15,No
5016-AJSER,Female,0,No,No,65,Yes,No,DSL,No,No,No,No,No,Yes,Month-to-month,Yes,Credit card (automatic),48.71,3238.61,Yes
5017-CDDKI,Male,0,Yes,No,54,Yes,No,Fiber optic,No,No,No,No,Yes,Yes,Month-to-month,Yes,Credit card (automatic),79.41,4344.71,Yes
5018-AYPIK,Male,0,Yes,No,12,No,No phone service,Fiber optic,No,No,No,Yes,No,Yes,Two year,No,Electronic check,75.16,888.45,Yes
5019-FQLVH,Female,0,Yes,No,27,Yes,No,Fiber optic,No,Yes,No,No,No,No,One year,Yes,Electronic check,60.69,1779.2,No
5020-PEUAQ,Female,0,Yes,No,13,Yes,No,Fiber optic,No,Yes,Yes,Yes,Yes,No,Two year,No,Electronic check,76.82,965.25,Yes
5021-XUHJR,Male,0,Yes,Yes,2,Yes,No,Fiber optic,No,Yes,No,Yes,No,No,One year,Yes,Bank transfer (automatic),64.32,173.32,No
5022-OTMJI,Male,0,Yes,No,15,Yes,No,Fiber optic,Yes,Yes,Yes,No,No,No,Month-to-month,No,Mailed check,71.9,1045.76,Yes
5023-MCVWC,Male,0,Yes,Yes,45,Yes,Yes,Fiber optic,No,Yes,Yes,No,No,Yes,Month-to-month,No,Credit card (automatic),78.59,3574.86,No
5024-ABKNJ,Female,0,No,Yes,2,Yes,Yes,Fiber optic,No,Yes,No,No,No,No,Two year,Yes,Electronic check,75.13,179.36,Yes
5025-GWAZG,Male,0,Yes,No,2,Yes,No,DSL,No,No,No,Yes,Yes,Yes,Month-to-month,No,Credit card (automatic),51.21,86.0,Yes
5026-OZKFV,Female,0,No,No,40,Yes,No,No,No internet service,No internet service,No internet service,No internet service,No internet service,No internet service,One year,Yes,Credit card (automatic),18.25,625.95,No
5027-GGAJU,Male,0,Yes,No,28,No,No phone service,No,No internet service,No internet service,No internet service,No internet service,No internet service,No internet service,Month-to-month,No,Bank transfer (automatic),20.62,686.17,No
5028-OHXSC,Female,0,Yes,No,39,Yes,No,Fiber optic,Yes,Yes,No,No,No,No,Month-to-month,No,Mailed check,69.15,2777.32,Yes
5029-WODFY,Male,0,No,Yes,18,Yes,No,No,No internet service,No internet service,No internet service,No internet service,No internet service,No internet service,Two year,No,Mailed check,18.25,402.96,No
5030-JRPRF,Male,0,Yes,No,19,No,No phone service,DSL,No,No,No,No,No,No,Month-to-month,Yes,Credit card (automatic),30.73,511.1,Yes
5031-SQRMG,Female,0,Yes,Yes,20,Yes,Yes,DSL,No,Yes,No,Yes,No,Yes,Month-to-month,Yes,Bank transfer (automatic),51.83,1086.28,No
5032-TLBLL,Male,1,No,Yes,19,Yes,No,Fiber optic,No,No,Yes,Yes,Yes,No,Month-to-month,Yes,Bank transfer (automatic),71.55,1352.13,Yes
5033-XDDRP,Male,0,No,Yes,46,Yes,No,No,No internet service,No internet service,No internet service,No internet service,No internet service,No internet service,Month-to-month,Yes,Credit card (automatic),24.37,1100.11,Yes
5034-NQQCF,Male,0,No,Yes,43,Yes,Yes,Fiber optic,No,No,No,No,No,No,One year,Yes,Credit card (automatic),59.45,2515.05,No
5035-WMIUI,Female,1,No,No,1,Yes,No,DSL,No,Yes,No,Yes,Yes,No,Two year,Yes,Mailed check,56.8,129.54,No
5036-HQPPS,Male,1,Yes,Yes,42,Yes,Yes,DSL,No,Yes,No,No,Yes,Yes,One year,Yes,Credit card (automatic),65.01,2746.54,No
5037-XPYNT,Female,1,No,No,56,Yes,Yes,Fiber optic,Yes,No,No,Yes,No,No,Month-to-month,Yes,Electronic check,66.96,3750.63,No
5038-NNNLF,Male,0,No,No,18,Yes,Yes,No,No internet service,No internet service,No internet service,No internet service,No internet service,No internet service,Month-to-month,Yes,Credit card (automatic),18.25,347.01,No
5039-TMPIB,Male,0,Yes,No,63,Yes,Yes,DSL,Yes,No,No,No,No,No,Month-to-month,Yes,Electronic check,47.7,3015.02,No
5040-VCJTB,Female,1,No,No,45,Yes,No,Fiber optic,No,No,No,Yes,Yes,No,Month-to-month,No,Mailed check,67.17,3072.96,Yes
5041-XJHQZ,Female,1,Yes,No,40,Yes,No,No,No internet service,No internet service,No internet service,No internet service,No internet service,No internet service,Two year,No,Mailed check,18.25,626.01,No
5042-VAFGO,Female,0,No,No,66,Yes,No,Fiber optic,No,No,No,No,No,Yes,Two year,No,Mailed check,69.6,4573.44,No
5043-RIHYJ,Female,0,Yes,No,13,Yes,No,DSL,No,Yes,No,No,No,Yes,Month-to-month,Yes,Electronic check,54.06,633.17,No
5044-DTHAH,Female,0,No,No,19,Yes,No,No,No internet service,No internet service,No internet service,No internet service,No internet service,No internet service,Month-to-month,Yes,Mailed check,18.25,359.15,No
5045-WLWYO,Female,0,Yes,Yes,34,Yes,No,Fiber optic,Yes,Yes,No,No,No,No,Month-to-month,No,Electronic check,75.54,2489.89,Yes
5046-MPZWR,Male,0,No,No,24,Yes,Yes,Fiber optic,No,No,Yes,Yes,Yes,Yes,Month-to-month,Yes,Mailed check,81.31,1889.89,Yes
5047-AQPWE,Male,0,Yes,No,3,No,No phone service,DSL,No,Yes,Yes,No,Yes,No,Month-to-month,Yes,Bank transfer (automatic),52.2,172.52,Yes
5048-TUJZF,Male,0,Yes,Yes,56,Yes,Yes,Fiber optic,Yes,Yes,Yes,Yes,No,Yes,Month-to-month,No,Electronic check,77.74,4338.76,No
5049-LJVQB,Male,0,No,No,1,Yes,No,Fiber optic,No,Yes,No,No,No,No,Two year,Yes,Bank transfer (automatic),65.14,82.94,No
5050-STFMI,Female,0,No,No,65,Yes,No,Fiber optic,Yes,Yes,No,No,No,Yes,Month-to-month,No,Mailed check,78.07,5014.47,No
5051-LRHYR,Male,0,Yes,No,20,Yes,Yes,Fiber optic,Yes,No,Yes,No,No,No,Month-to-month,No,Electronic check,60.72,1202.45,Yes
5052-YWYVB,Male,0,No,Yes,51,Yes,Yes,Fiber optic,No,Yes,No,No,No,Yes,One year,No,Mailed check,75.32,3838.77,No
5053-HJIXR,Male,0,Yes,No,14,Yes,No,Fiber optic,No,Yes,Yes,No,No,No,Two year,Yes,Credit card (automatic),64.82,839.03,Yes
5054-HSCIM,Female,0,No,No,45,No,No phone service,Fiber optic,No,Yes,Yes,No,No,Yes,Month-to-month,No,Electronic check,74.26,3306.82,Yes
5055-IYTLW,Female,0,No,No,30,Yes,Yes,DSL,Yes,Yes,No,No,Yes,Yes,Two year,Yes,Bank transfer (automatic),76.86,2314.61,No
5056-MHOMU,Male,0,No,No,61,Yes,No,DSL,No,Yes,No,No,Yes,Yes,One year,Yes,Bank transfer (automatic),64.87,3938.71,No
5057-MQOYV,Female,0,No,No,33,Yes,No,No,No internet service,No internet service,No internet service,No internet service,No internet service,No internet service,Month-to-month,No,Bank transfer (automatic),18.25,559.88,No
5058-SCNJQ,Male,0,No,Yes,35,Yes,Yes,DSL,No,No,No,No,Yes,No,Two year,Yes,Mailed check,52.24,1840.02,No
5059-HRLQW,Female,0,Yes,No,43,Yes,Yes,DSL,No,No,No,No,No,No,Month-to-month,No,Bank transfer (automatic),33.83,1429.34,Yes
5060-KIVXX,Male,0,No,No,62,Yes,No,DSL,No,No,No,No,No,No,Month-to-month,No,Mailed check,46.65,2906.61,No
5061-YWYOI,Female,0,No,No,17,Yes,No,Fiber optic,Yes,No,No,No,Yes,No,Month-to-month,Yes,Mailed check,73.87,1283.3,Yes
5062-LKQFH,Male,0,Yes,Yes,44,Yes,No,DSL,No,Yes,No,No,Yes,No,Month-to-month,Yes,Mailed check,51.41,2292.02,No
5063-JYODR,Male,1,Yes,No,38,No,No phone service,Fiber optic,No,No,No,No,No,No,Two year,Yes,Bank transfer (automatic),58.44,2227.01,No
5064-KIIHC,Female,0,No,No,25,Yes,Yes,No,No internet service,No internet service,No internet service,No internet service,No internet service,No internet service,Month-to-month,Yes,Credit card (automatic),21.93,539.11,No
5065-URNCQ,Female,0,No,No,23,Yes,No,No,No internet service,No internet service,No internet service,No internet service,No internet service,No internet service,Two year,Yes,Mailed check,18.25,417.62,No
5066-DUROS,Female,0,Yes,Yes,57,Yes,No,DSL,No,No,Yes,No,No,No,Two year,No,Mailed check,39.38,2310.65,No
5067-VFOGL,Female,0,No,No,49,Yes,Yes,DSL,Yes,No,No,No,No,Yes,Month-to-month,Yes,Bank transfer (automatic),57.12,2764.09,No
5068-PITEK,Male,1,Yes,No,71,Yes,Yes,DSL,Yes,No,No,Yes,Yes,Yes,Month-to-month,No,Electronic check,71.44,5140.4,Yes
5069-BVPDE,Male,0,No,No,38,Yes,No,DSL,No,No,Yes,No,No,No,Two year,No,Credit card (automatic),32.85,1223.01,No
5070-GFXVJ,Male,1,No,No,71,Yes,Yes,DSL,No,No,No,Yes,Yes,No,Month-to-month,No,Bank transfer (automatic),40.04,2866.87,Yes
5071-NHNNT,Male,0,Yes,No,30,Yes,No,No,No internet service,No internet service,No internet service,No internet service,No internet service,No internet service,Month-to-month,No,Mailed check,18.78,573.31,Yes
5072-WCAII,Male,1,Yes,No,35,No,No phone service,DSL,Yes,Yes,No,No,Yes,No,Month-to-month,No,Electronic check,61.99,2203.64,Yes
5073-VBPHZ,Male,0,No,Yes,38,Yes,No,Fiber optic,No,No,No,Yes,No,No,Two year,Yes,Bank transfer (automatic),56.83,2018.94,No
5074-FWMAS,Male,1,No,Yes,20,Yes,Yes,Fiber optic,No,No,No,Yes,No,Yes,Month-to-month,No,Credit card (automatic),69.84,1424.91,Yes
5075-OAJAL,Male,0,No,No,22,Yes,No,Fiber optic,No,Yes,No,No,No,No,Two year,No,Credit card (automatic),66.22,1447.92,No
5076-KQDWG,Female,0,No,No,53,Yes,Yes,No,No internet service,No internet service,No internet service,No internet service,No internet service,No internet service,Two year,No,Electronic check,23.86,1296.02,No
5077-LMEFB,Male,1,No,No,35,Yes,No,No,No internet service,No internet service,No internet service,No internet service,No internet service,No internet service,Two year,Yes,Electronic check,24.21,861.92,No
5078-UGNYV,Female,0,No,No,14,Yes,Yes,DSL,Yes,Yes,Yes,No,No,Yes,Month-to-month,No,Bank transfer (automatic),54.74,812.66,No
5079-NJDCY,Female,0,No,Yes,1,Yes,No,DSL,No,Yes,No,Yes,Yes,Yes,One year,No,Mailed check,61.51,18.8,No
5080-WNFWO,Female,0,No,No,69,Yes,Yes,DSL,No,No,No,Yes,No,Yes,Month-to-month,Yes,Electronic check,42.61,2849.0,Yes
5081-HECCM,Female,0,No,No,37,No,No phone service,Fiber optic,Yes,Yes,No,Yes,Yes,Yes,Month-to-month,Yes,Credit card (automatic),96.41,3486.27,No
5082-BXALH,Male,0,No,No,64,Yes,No,No,No internet service,No internet service,No internet service,No internet service,No internet service,No internet service,Month-to-month,Yes,Credit card (automatic),18.25,1142.79,Yes
5083-SINRJ,Female,0,Yes,No,49,Yes,No,DSL,No,No,Yes,Yes,Yes,No,One year,Yes,Mailed check,48.43,2332.61,No
5084-IFAEJ,Male,0,No,No,0,Yes,No,No,No internet service,No internet service,No internet service,No internet service,No internet service,No internet service,Month-to-month,Yes,Bank transfer (automatic),18.25,25.6,No
5085-YMVWD,Male,0,Yes,Yes,20,Yes,Yes,DSL,Yes,Yes,No,No,Yes,No,One year,Yes,Mailed check,65.06,1362.57,No
5086-AUBXD,Female,0,No,Yes,56,Yes,No,Fiber optic,No,Yes,No,No,No,No,Two year,Yes,Electronic check,60.3,3412.91,No
5087-QJWLB,Male,0,Yes,No,18,Yes,No,No,No internet service,No internet service,No internet service,No internet service,No internet service,No internet service,Month-to-month,No,Credit card (automatic),27.57,466.47,Yes
5088-CNYOM,Male,0,No,No,28,Yes,No,No,No internet service,No internet service,No internet service,No internet service,No internet service,No internet service,Two year,Yes,Mailed check,18.25,506.01,No
5089-IBSPK,Female,0,Yes,No,49,Yes,No,Fiber optic,No,Yes,No,No,Yes,No,Month-to-month,Yes,Electronic check,66.25,3275.85,Yes
5090-LYABP,Female,0,Yes,No,33,Yes,Yes,DSL,No,Yes,No,Yes,No,Yes,One year,Yes,Electronic check,51.46,1766.13,No
5091-BZSJS,Male,0,Yes,Yes,53,Yes,No,Fiber optic,No,Yes,No,No,No,Yes,Month-to-month,No,Mailed check,85.24,4571.03,No
5092-JPMPR,Male,0,Yes,No,31,Yes,No,DSL,Yes,No,No,No,No,No,Two year,No,Electronic check,35.47,1152.99,No
5093-XHXRM,Male,0,No,No,3,Yes,No,DSL,Yes,No,Yes,No,Yes,Yes,One year,Yes,Bank transfer (automatic),66.98,221.15,Yes
5094-YGUWX,Male,0,Yes,No,29,Yes,No,No,No internet service,No internet service,No internet service,No internet service,No internet service,No internet service,Two year,Yes,Electronic check,19.73,628.3,No
5095-YRFIF,Female,0,Yes,No,17,Yes,No,Fiber optic,No,No,Yes,No,No,No,Two year,No,Credit card (automatic),60.11,1061.94,No
5096-RQLCE,Female,1,No,No,68,Yes,No,Fiber optic,No,No,No,Yes,No,No,Two year,Yes,Bank transfer (automatic),68.92,4608.91,Yes
5097-GJJSY,Female,0,Yes,No,28,Yes,No,No,No internet service,No internet service,No internet service,No internet service,No internet service,No internet service,Month-to-month,Yes,Credit card (automatic),18.25,526.76,No
5098-ZDJRC,Female,1,Yes,Yes,11,Yes,Yes,DSL,No,No,No,No,No,Yes,One year,Yes,Bank transfer (automatic),52.18,531.41,No
5099-UCEPT,Male,0,No,Yes,14,Yes,No,Fiber optic,No,Yes,No,Yes,No,No,Month-to-month,Yes,Bank transfer (automatic),65.06,868.16,No
5100-MKZMS,Female,0,No,Yes,52,Yes,Yes,Fiber optic,No,No,No,No,No,No,Two year,No,Mailed check,57.38,2991.53,No
5101-FXMDY,Male,0,Yes,No,34,Yes,Yes,No,No internet service,No internet service,No internet service,No internet service,No internet service,No internet service,Two year,No,Bank transfer (automatic),18.25,620.19,No
5102-VESEU,Male,0,Yes,Yes,51,Yes,No,Fiber optic,No,No,Yes,No,No,No,Month-to-month,Yes,Mailed check,61.56,3128.03,Yes
5103-NDLFS,Female,0,No,No,52,Yes,No,Fiber optic,Yes,No,No,No,No,Yes,One year,No,Bank transfer (automatic),73.16,3740.36,No
5104-JAWWP,Male,0,Yes,No,13,Yes,Yes,Fiber optic,No,No,No,No,No,No,One year,No,Electronic check,58.24,749.0,No
5105-DIRQO,Male,0,No,No,17,Yes,No,DSL,No,No,Yes,No,No,No,Month-to-month,Yes,Electronic check,35.02,535.9,Yes
5106-SGYRF,Male,0,No,No,37,Yes,No,Fiber optic,No,Yes,No,Yes,No,Yes,Month-to-month,Yes,Credit card (automatic),71.8,2672.11,No
5107-SULYC,Female,0,No,Yes,37,Yes,Yes,Fiber optic,No,No,Yes,No,Yes,No,Month-to-month,Yes,Electronic check,72.48,2680.15,Yes
5108-AEAHG,Male,0,No,No,54,Yes,Yes,DSL,Yes,No,No,No,No,Yes,Month-to-month,Yes,Mailed check,52.28,2854.42,No
5109-OKRNI,Male,0,Yes,No,10,Yes,Yes,No,No internet service,No internet service,No internet service,No internet service,No internet service,No internet service,Two year,Yes,Bank transfer (automatic),22.57,176.05,No
5110-EWDLA,Male,1,Yes,Yes,66,Yes,No,Fiber optic,No,Yes,Yes,No,No,No,Two year,No,Electronic check,69.01,4613.82,No
5111-XMACV,Male,0,No,Yes,52,Yes,No,DSL,No,Yes,No,Yes,Yes,No,Two year,No,Bank transfer (automatic),57.93,3022.56,No
5112-HXRYP,Female,1,No,Yes,43,Yes,Yes,DSL,No,Yes,No,Yes,No,Yes,One year,No,Mailed check,60.8,2783.58,No
5113-TTPBQ,Female,1,No,No,24,Yes,No,DSL,No,No,No,Yes,No,No,Month-to-month,Yes,Electronic check,44.94,1035.7,Yes
5114-JGJST,Male,1,No,Yes,61,Yes,No,No,No internet service,No internet service,No internet service,No internet service,No internet service,No internet service,Two year,No,Electronic check,24.43,1572.16,No
5115-IVQII,Male,1,No,No,13,Yes,No,No,No internet service,No internet service,No internet service,No internet service,No internet service,No internet service,Two year,No,Mailed check,18.69,204.64,No
5116-EXGKH,Male,1,Yes,No,46,Yes,No,No,No internet service,No internet service,No internet service,No internet service,No internet service,No internet service,Two year,Yes,Credit card (automatic),18.25,891.39,No
5117-YNBJU,Female,0,Yes,Yes,54,Yes,Yes,Fiber optic,No,No,Yes,No,No,No,Month-to-month,Yes,Bank transfer (automatic),53.53,2915.8,No
5118-XPPSK,Female,0,Yes,No,11,Yes,No,No,No internet service,No internet service,No internet service,No internet service,No internet service,No internet service,Month-to-month,Yes,Mailed check,19.08,135.13,No
5119-FFGPM,Male,0,Yes,Yes,6,Yes,No,No,No internet service,No internet service,No internet service,No internet service,No internet service,No internet service,One year,Yes,Electronic check,22.27,119.48,Yes
5120-CXXIX,Male,0,No,Yes,48,Yes,No,DSL,No,No,Yes,Yes,No,Yes,One year,Yes,Bank transfer (automatic),54.9,2682.77,No
5121-CFYQC,Female,0,No,Yes,13,Yes,Yes,Fiber optic,Yes,Yes,Yes,Yes,No,Yes,One year,Yes,Credit card (automatic),76.73,987.05,No
5122-BLXFJ,Male,0,No,No,28,No,No phone service,No,No internet service,No internet service,No internet service,No internet service,No internet service,No internet service,Month-to-month,No,Mailed check,23.46,706.55,No
5123-KPPXR,Female,0,No,No,46,Yes,No,DSL,Yes,Yes,Yes,No,Yes,Yes,Month-to-month,No,Electronic check,70.17,3256.06,No
5124-VWXIU,Male,1,Yes,Yes,13,Yes,Yes,Fiber optic,No,Yes,No,No,Yes,No,Month-to-month,No,Bank transfer (automatic),75.92,1041.83,Yes
5125-SBXAZ,Male,0,No,Yes,50,Yes,No,Fiber optic,Yes,No,No,Yes,Yes,No,One year,Yes,Electronic check,77.97,3924.44,No
5126-PVRCX,Male,0,Yes,No,13,Yes,Yes,Fiber optic,Yes,No,Yes,Yes,No,No,Month-to-month,Yes,Electronic check,69.52,857.01,No
5127-AFSVS,Male,0,No,No,7,Yes,No,Fiber optic,No,No,Yes,No,Yes,No,Month-to-month,No,Electronic check,66.63,469.94,Yes
5128-KHETI,Female,0,Yes,Yes,64,Yes,Yes,Fiber optic,Yes,No,No,Yes,No,No,Month-to-month,Yes,Electronic check,63.26,4058.02,No
5129-OUNDX,Female,1,No,No,36,No,No phone service,Fiber optic,Yes,No,Yes,No,No,Yes,Month-to-month,No,Bank transfer (automatic),84.09,3027.59,Yes
5130-XHTQB,Female,0,Yes,No,67,Yes,Yes,DSL,No,No,Yes,Yes,No,No,One year,No,Credit card (automatic),31.16,2050.82,No
5131-TPJBK,Male,0,No,Yes,15,Yes,Yes,No,No internet service,No internet service,No internet service,No internet service,No internet service,No internet service,Two year,Yes,Credit card (automatic),27.11,394.69,No
5132-JSYYN,Male,0,Yes,Yes,19,Yes,No,Fiber optic,Yes,No,No,No,No,No,Month-to-month,Yes,Credit card (automatic),62.31,1213.34,No
5133-KIGOT,Female,0,Yes,Yes,66,Yes,Yes,No,No internet service,No internet service,No internet service,No internet service,No internet service,No internet service,Two year,Yes,Electronic check,21.56,1425.23,No
5134-QCONH,Female,0,Yes,No,70,Yes,Yes,DSL,Yes,No,Yes,No,No,No,Month-to-month,No,Mailed check,50.06,3385.97,No
5135-DZJBN,Male,0,No,Yes,31,Yes,Yes,DSL,No,Yes,No,No,No,Yes,One year,Yes,Bank transfer (automatic),64.35,2059.71,No
5136-HWJYR,Female,0,No,No,68,Yes,Yes,Fiber optic,No,No,Yes,No,No,No,Month-to-month,No,Electronic check,59.41,4017.56,Yes
5137-OEVMR,Male,0,No,No,29,Yes,No,Fiber optic,Yes,Yes,Yes,Yes,No,No,Month-to-month,No,Mailed check,79.54,2225.07,No
5138-BMNJD,Female,1,No,No,19,No,No phone service,DSL,Yes,No,Yes,No,Yes,Yes,Month-to-month,Yes,Electronic check,58.91,1119.33,No
5139-OHONU,Male,0,Yes,Yes,57,Yes,No,Fiber optic,Yes,No,Yes,No,No,No,Month-to-month,No,Bank transfer (automatic),58.39,3297.45,No
5140-ITCZO,Male,0,No,No,28,Yes,Yes,Fiber optic,Yes,No,No,No,No,Yes,Month-to-month,No,Electronic check,75.29,2063.59,Yes
5141-XQYPD,Female,0,No,No,23,Yes,Yes,DSL,Yes,Yes,No,Yes,Yes,No,Two year,Yes,Electronic check,52.59,1218.33,No
5142-KYHCS,Female,0,Yes,No,0,Yes,No,Fiber optic,Yes,No,No,No,No,No,One year,Yes,Electronic check,61.83,69.62,No
5143-NICDY,Male,1,No,No,26,Yes,Yes,No,No internet service,No internet service,No internet service,No internet service,No internet service,No internet service,One year,Yes,Mailed check,18.25,497.74,No
5144-DKSPW,Male,0,Yes,No,20,Yes,No,DSL,No,No,Yes,No,No,No,One year,No,Electronic check,42.53,782.38,No
5145-VQJXQ,Female,1,Yes,No,16,Yes,Yes,Fiber optic,No,Yes,No,No,Yes,Yes,Month-to-month,No,Electronic check,85.89,1361.04,Yes
5146-PTVFG,Male,0,No,No,31,Yes,No,Fiber optic,No,Yes,No,Yes,No,No,Month-to-month,No,Bank transfer (automatic),63.88,1958.93,No
5147-NKLNE,Female,0,No,Yes,43,Yes,No,Fiber optic,Yes,No,No,No,No,No,Two year,Yes,Credit card (automatic),68.45,2969.7,No
5148-ETVWZ,Male,0,No,No,21,Yes,No,Fiber optic,Yes,No,No,Yes,No,Yes,Month-to-month,Yes,Electronic check,73.82,1454.07,No
5149-OZAYX,Female,0,Yes,No,41,Yes,No,DSL,Yes,No,No,No,Yes,No,Month-to-month,Yes,Electronic check,63.73,2642.29,Yes
5150-WICZD,Male,0,No,No,61,Yes,No,No,No internet service,No internet service,No internet service,No internet service,No internet service,No internet service,Month-to-month,No,Bank transfer (automatic),20.32,1193.25,No
5151-PGVNP,Male,0,No,No,47,Yes,Yes,DSL,No,Yes,No,No,No,Yes,One year,Yes,Electronic check,62.29,2899.14,No
5152-RPPBJ,Male,0,No,No,7,No,No phone service,No,No internet service,No internet service,No internet service,No internet service,No internet service,No internet service,Two year,Yes,Electronic check,21.35,195.35,No
5153-GYOIG,Male,0,No,Yes,1,Yes,No,DSL,No,Yes,No,No,No,No,Month-to-month,Yes,Electronic check,47.69,64.56,Yes
5154-XPZCQ,Male,0,No,No,4,Yes,No,DSL,No,Yes,No,No,Yes,Yes,Two year,Yes,Credit card (automatic),49.33,224.42,No
5155-WHBYT,Male,0,Yes,Yes,27,Yes,No,DSL,No,Yes,No,No,No,Yes,Month-to-month,No,Mailed check,52.19,1457.66,No
5156-ZYCHB,Male,0,No,No,3,Yes,No,No,No internet service,No internet service,No internet service,No internet service,No internet service,No internet service,Month-to-month,Yes,Mailed check,21.09,49.38,No
5157-SQETQ,Female,1,No,Yes,52,Yes,No,Fiber optic,No,No,No,Yes,No,Yes,Two year,Yes,Bank transfer (automatic),67.21,3445.19,No
5158-JIVFK,Female,0,Yes,No,0,No,No phone service,No,No internet service,No internet service,No internet service,No internet service,No internet service,No internet service,Month-to-month,Yes,Credit card (automatic),22.12,18.8,No
5159-BWLLP,Male,0,No,No,5,Yes,Yes,Fiber optic,No,No,No,No,No,No,Month-to-month,No,Electronic check,51.88,300.76,Yes
5160-YVXLU,Female,0,No,Yes,54,Yes,No,Fiber optic,No,Yes,Yes,Yes,Yes,Yes,One year,Yes,Bank transfer (automatic),81.76,4418.35,No
5161-RMOPD,Female,0,No,Yes,51,Yes,Yes,No,No internet service,No internet service,No internet service,No internet service,No internet service,No internet service,Two year,No,Bank transfer (automatic),18.25,996.92,No
5162-LQAVR,Male,0,Yes,No,23,No,No phone service,DSL,No,Yes,No,No,Yes,Yes,Two year,No,Credit card (automatic),64.81,1474.36,No
5163-VPAJS,Female,1,Yes,Yes,61,Yes,Yes,DSL,No,No,No,No,No,No,Month-to-month,Yes,Bank transfer (automatic),43.97,2671.83,Yes
5164-PNYBX,Male,1,Yes,No,55,Yes,No,DSL,Yes,No,No,Yes,No,No,Month-to-month,No,Electronic check,52.53,2832.14,No
5165-FVWEL,Female,1,No,No,23,Yes,No,DSL,Yes,Yes,No,No,No,No,Two year,Yes,Electronic check,57.07,1265.35,No
5166-DVXDE,Female,0,Yes,No,19,Yes,No,DSL,Yes,No,Yes,No,Yes,No,One year,Yes,Mailed check,59.19,1135.31,No
5167-GFMDM,Female,0,Yes,No,33,Yes,Yes,DSL,Yes,No,No,Yes,No,Yes,Month-to-month,Yes,Electronic check,56.63,1804.85,Yes
5168-DJTAU,Male,0,No,No,14,Yes,No,Fiber optic,No,No,Yes,No,Yes,No,One year,Yes,Electronic check,62.95,878.38,Yes
5169-HGECO,Female,0,Yes,Yes,50,Yes,No,Fiber optic,No,Yes,No,Yes,No,No,Two year,Yes,Bank transfer (automatic),74.81,3738.54,No
5170-QWMOS,Male,0,No,No,3,Yes,No,DSL,No,No,Yes,Yes,Yes,No,Month-to-month,No,Electronic check,53.64,190.15,No
5171-TNUML,Male,0,No,No,52,Yes,No,Fiber optic,No,No,No,No,No,No,Two year,Yes,Credit card (automatic),61.23,3231.98,No
5172-XWICK,Female,0,No,No,13,Yes,Yes,DSL,Yes,No,No,No,No,No,Month-to-month,Yes,Electronic check,45.87,621.21,Yes
5173-JAQZM,Male,0,No,Yes,64,Yes,No,No,No internet service,No internet service,No internet service,No internet service,No internet service,No internet service,Month-to-month,Yes,Mailed check,26.49,1803.67,No
5174-NABBG,Male,0,No,No,32,Yes,No,DSL,No,No,No,Yes,No,Yes,Two year,No,Electronic check,43.98,1413.19,No
5175-IXDBS,Female,0,No,Yes,49,No,No phone service,No,No internet service,No internet service,No internet service,No internet service,No internet service,No internet service,One year,No,Credit card (automatic),18.25,981.18,No
5176-ZEIXM,Male,0,No,Yes,62,Yes,No,Fiber optic,Yes,No,No,No,Yes,No,Month-to-month,Yes,Mailed check,63.79,3834.53,No
5177-LSIJS,Female,1,Yes,No,49,Yes,No,Fiber optic,No,Yes,No,No,No,No,Two year,Yes,Mailed check,59.02,2909.72,No
5178-JLNHP,Female,0,No,Yes,35,Yes,Yes,DSL,No,No,No,Yes,No,No,Month-to-month,Yes,Credit card (automatic),49.4,1709.8,No
5179-QTDFL,Male,0,No,No,70,Yes,No,DSL,Yes,Yes,No,No,Yes,Yes,One year,No,Electronic check,70.79,4972.51,No
5180-RGEJF,Female,0,No,No,49,Yes,Yes,No,No internet service,No internet service,No internet service,No internet service,No internet service,No internet service,One year,Yes,Electronic check,18.25,910.56,No
5181-NFNLV,Female,0,No,Yes,40,Yes,No,Fiber optic,No,No,Yes,No,Yes,Yes,Month-to-month,Yes,Credit card (automatic),80.19,3249.37,No
5182-ZLHJP,Male,0,No,No,69,Yes,No,Fiber optic,No,No,No,Yes,No,No,Month-to-month,Yes,Credit card (automatic),65.1,4528.48,No
5183-TZHIM,Male,0,Yes,No,26,Yes,Yes,No,No internet service,No internet service,No internet service,No internet service,No internet service,No internet service,One year,No,Electronic check,20.82,550.31,No
5184-TQSQG,Male,0,Yes,Yes,29,Yes,No,DSL,Yes,No,No,No,Yes,No,One year,Yes,Bank transfer (automatic),59.21,1658.41,No
5185-ATNQM,Male,0,Yes,No,31,Yes,No,DSL,Yes,No,No,No,No,No,Two year,Yes,Bank transfer (automatic),38.92,1236.36,No
5186-BNAEG,Female,0,No,Yes,21,No,No phone service,Fiber optic,Yes,No,Yes,No,Yes,Yes,One year,No,Credit card (automatic),90.62,1842.34,No
5187-SNXNO,Female,0,Yes,No,68,Yes,No,Fiber optic,Yes,No,No,No,No,No,Month-to-month,Yes,Electronic check,74.07,4993.31,No
5188-EEUXB,Female,0,Yes,No,20,Yes,Yes,Fiber optic,No,No,No,No,No,No,Month-to-month,Yes,Bank transfer (automatic),53.06,1085.11,Yes
5189-RXIJZ,Female,1,No,No,55,Yes,Yes,No,No internet service,No internet service,No internet service,No internet service,No internet service,No internet service,Month-to-month,Yes,Electronic check,23.31,1291.38,No
5190-RDHRT,Female,0,Yes,No,30,Yes,No,DSL,No,No,Yes,Yes,Yes,No,One year,Yes,Mailed check,54.48,1585.47,No
5191-ZQPRG,Male,1,No,No,58,Yes,Yes,Fiber optic,No,No,Yes,No,No,No,Month-to-month,Yes,Electronic check,62.08,3535.44,No
5192-AARDW,Female,0,Yes,Yes,69,Yes,Yes,Fiber optic,Yes,No,No,No,No,No,Two year,Yes,Electronic check,65.72,4540.71,No
5193-TUTDY,Female,0,No,No,42,Yes,Yes,No,No internet service,No internet service,No internet service,No internet service,No internet service,No internet service,Month-to-month,Yes,Mailed check,18.25,755.74,Yes
5194-FCFMW,Female,0,Yes,Yes,53,Yes,Yes,DSL,No,Yes,No,Yes,Yes,No,Two year,Yes,Electronic check,53.57,2811.87,No
5195-GXDAF,Female,1,Yes,Yes,17,Yes,Yes,Fiber optic,No,Yes,No,No,Yes,No,One year,Yes,Credit card (automatic),75.68,1319.29,No
5196-XEMSD,Male,0,No,No,54,Yes,Yes,DSL,Yes,No,No,No,No,No,Month-to-month,Yes,Bank transfer (automatic),57.63,3110.51,Yes
5197-XFMEM,Male,1,No,No,28,Yes,Yes,Fiber optic,No,No,Yes,No,No,No,Two year,Yes,Credit card (automatic),54.05,1564.38,No
5198-YJCWY,Male,0,Yes,No,60,Yes,Yes,DSL,Yes,No,No,No,No,Yes,Two year,Yes,Electronic check,61.07,3693.74,No
5199-MLDJZ,Female,0,No,Yes,50,Yes,Yes,No,No internet service,No internet service,No internet service,No internet service,No internet service,No internet service,Month-to-month,Yes,Electronic check,22.85,1065.33,Yes
5200-CQIAR,Female,0,No,No,11,No,No phone service,Fiber optic,No,Yes,No,No,No,No,Two year,Yes,Electronic check,55.77,522.2,Yes
5201-IUTYI,Female,0,Yes,No,60,Yes,No,Fiber optic,No,No,Yes,No,No,Yes,Two year,Yes,Credit card (automatic),73.64,4459.75,No
5202-BSPCP,Male,0,No,No,70,Yes,No,No,No internet service,No internet service,No internet service,No internet service,No internet service,No internet service,Two year,No,Electronic check,18.57,1356.32,No
5203-UMCJV,Female,0,Yes,No,15,Yes,No,Fiber optic,Yes,Yes,No,Yes,No,No,Month-to-month,No,Electronic check,76.24,1173.37,No
5204-RFFRF,Male,0,Yes,Yes,11,Yes,No,Fiber optic,Yes,Yes,No,Yes,No,No,Two year,No,Bank transfer (automatic),69.68,724.38,No
5205-FVMNU,Female,0,Yes,No,61,Yes,No,DSL,Yes,Yes,No,No,No,Yes,Month-to-month,No,Credit card (automatic),65.15,4046.07,Yes
5206-GMOLU,Male,0,Yes,No,67,Yes,No,Fiber optic,No,No,Yes,No,Yes,No,Month-to-month,No,Mailed check,64.79,4367.65,Yes
5207-AYCRZ,Male,0,Yes,No,59,Yes,No,DSL,Yes,Yes,No,No,Yes,Yes,Month-to-month,Yes,Electronic check,71.16,4249.85,Yes
5208-VHBDR,Female,0,Yes,Yes,27,Yes,No,No,No internet service,No internet service,No internet service,No internet service,No internet service,No internet service,Month-to-month,Yes,Credit card (automatic),21.47,614.53,No
5209-YZMOB,Female,0,Yes,Yes,63,Yes,Yes,No,No internet service,No internet service,No internet service,No internet service,No internet service,No internet service,Month-to-month,No,Bank transfer (automatic),18.25,1129.15,No
5210-JBULE,Male,0,No,No,71,Yes,No,DSL,No,No,No,Yes,Yes,Yes,One year,No,Credit card (automatic),58.85,4181.44,No
5211-LWABP,Male,1,No,Yes,49,Yes,No,No,No internet service,No internet service,No internet service,No internet service,No internet service,No internet service,Month-to-month,No,Electronic check,18.25,884.22,No
5212-VBPTZ,Male,0,No,Yes,25,Yes,No,Fiber optic,No,Yes,No,Yes,No,No,One year,Yes,Electronic check,70.09,1851.8,Yes
5213-PFMLW,Male,1,Yes,No,39,Yes,No,Fiber optic,Yes,Yes,Yes,No,Yes,No,Month-to-month,Yes,Electronic check,78.98,3098.28,Yes
5214-JEHFE,Male,0,No,Yes,54,Yes,No,Fiber optic,Yes,Yes,No,No,Yes,Yes,Month-to-month,No,Electronic check,90.21,4899.57,No
5215-TVFVQ,Female,0,Yes,Yes,30,Yes,Yes,Fiber optic,Yes,No,Yes,Yes,No,Yes,Month-to-month,Yes,Credit card (automatic),80.55,2418.05,No
5216-FQEWQ,Male,0,Yes,Yes,70,Yes,No,No,No internet service,No internet service,No internet service,No internet service,No internet service,No internet service,Month-to-month,Yes,Electronic check,22.67,1524.04,No
5217-QMVGV,Female,0,No,No,4,Yes,No,No,No internet service,No internet service,No internet service,No internet service,No internet service,No internet service,Month-to-month,Yes,Credit card (automatic),20.85,37.95,No
5218-UFNPC,Female,0,No,Yes,12,Yes,No,Fiber optic,No,No,No,No,Yes,Yes,Month-to-month,No,Bank transfer (automatic),75.29,900.8,No
5219-IOURJ,Female,0,Yes,No,17,Yes,Yes,Fiber optic,No,Yes,No,No,No,Yes,Two year,No,Credit card (automatic),74.74,1180.83,Yes
5220-JWCAC,Female,0,Yes,No,49,Yes,No,DSL,Yes,No,No,No,No,Yes,Two year,Yes,Mailed check,57.64,2794.3,No
5221-YEGCD,Female,0,No,No,35,Yes,No,DSL,No,Yes,No,No,No,No,Month-to-month,Yes,Electronic check,53.65,1889.51,No
5222-QCWDB,Male,0,No,Yes,51,Yes,No,Fiber optic,No,No,No,No,No,No,Month-to-month,Yes,Credit card (automatic),48.48,2461.55,No
5223-NEUBO,Female,0,Yes,No,32,Yes,Yes,DSL,No,No,No,Yes,No,Yes,Month-to-month,No,Electronic check,48.05,1556.75,Yes
5224-KVJTA,Male,0,No,No,63,Yes,No,Fiber optic,Yes,Yes,No,Yes,Yes,Yes,Month-to-month,Yes,Credit card (automatic),87.27,5534.77,No
5225-SNYZW,Female,1,Yes,Yes,70,Yes,No,Fiber optic,Yes,Yes,No,No,Yes,Yes,Two year,Yes,Bank transfer (automatic),86.15,5971.33,No
5226-VNAYI,Male,0,No,No,68,Yes,No,Fiber optic,Yes,No,No,No,No,Yes,One year,No,Electronic check,66.39,4519.56,No
5227-QNMMF,Female,0,Yes,Yes,72,Yes,No,Fiber optic,No,No,No,No,No,No,Two year,No,Electronic check,64.6,4631.15,No
5228-GBZHX,Male,0,Yes,No,29,Yes,Yes,Fiber optic,No,No,No,No,No,Yes,One year,Yes,Bank transfer (automatic),73.54,2090.84,No
5229-FYCRR,Male,0,Yes,No,67,Yes,No,DSL,No,Yes,Yes,No,No,Yes,Month-to-month,No,Electronic check,58.18,3865.97,No
5230-VWFKC,Male,0,No,No,21,No,No phone service,Fiber optic,Yes,No,No,No,No,Yes,Month-to-month,No,Electronic check,73.87,1576.18,Yes
5231-PEXVB,Female,0,Yes,No,58,Yes,Yes,DSL,No,Yes,No,Yes,No,No,Month-to-month,No,Mailed check,42.37,2383.86,Yes
5232-OPGPX,Male,0,No,No,7,Yes,Yes,Fiber optic,No,No,No,No,Yes,Yes,Month-to-month,Yes,Electronic check,75.18,484.48,Yes
5233-DPQBP,Female,0,No,No,65,Yes,No,Fiber optic,No,No,No,No,Yes,Yes,Two year,No,Bank transfer (automatic),82.07,5315.19,No
5234-DGRFR,Female,0,No,No,36,Yes,Yes,DSL,No,No,No,No,No,No,One year,Yes,Bank transfer (automatic),35.69,1312.95,No
5235-GBSID,Male,0,Yes,No,55,Yes,No,DSL,Yes,No,No,Yes,No,Yes,Two year,Yes,Credit card (automatic),58.43,3186.01,No
5236-NEYGH,Female,0,Yes,No,60,Yes,Yes,DSL,Yes,No,No,No,No,Yes,Month-to-month,No,Credit card (automatic),49.67,2940.58,No
5237-OSKTW,Female,0,Yes,No,64,Yes,Yes,No,No internet service,No internet service,No internet service,No internet service,No internet service,No internet service,Month-to-month,Yes,Electronic check,27.67,1750.68,No
5238-DRNZF,Female,0,Yes,No,41,Yes,No,Fiber optic,Yes,Yes,No,Yes,No,No,Month-to-month,No,Electronic check,69.5,2920.21,Yes
5239-YPRAH,Female,0,No,No,48,Yes,No,Fiber optic,No,No,No,No,No,No,Month-to-month,No,Electronic check,57.82,2871.71,No
5240-AASUY,Male,1,No,No,67,Yes,Yes,No,No internet service,No internet service,No internet service,No internet service,No internet service,No internet service,One year,Yes,Mailed check,18.25,1232.63,No
5241-JRLQA,Female,0,Yes,Yes,8,Yes,No,DSL,No,Yes,No,Yes,No,No,Month-to-month,Yes,Mailed check,50.99,281.17,No
5242-HJZJR,Male,1,Yes,No,7,Yes,No,No,No internet service,No internet service,No internet service,No internet service,No internet service,No internet service,Month-to-month,No,Mailed check,22.07,197.86,No
5243-IYBCB,Female,0,No,No,57,Yes,Yes,Fiber optic,Yes,No,No,No,No,No,One year,No,Electronic check,75.22,4233.97,No
5244-FWLVS,Male,0,No,No,53,Yes,No,No,No internet service,No internet service,No internet service,No internet service,No internet service,No internet service,One year,No,Credit card (automatic),25.44,1369.49,No
5245-OSLRP,Male,0,No,Yes,47,Yes,Yes,DSL,No,Yes,No,No,Yes,Yes,Month-to-month,No,Electronic check,60.72,2783.3,Yes
5246-BKLEX,Female,0,Yes,No,53,Yes,No,DSL,Yes,No,Yes,No,Yes,No,Two year,Yes,Electronic check,54.57,2835.47,No
5247-FYKUJ,Female,0,Yes,No,27,Yes,Yes,DSL,Yes,Yes,Yes,No,No,Yes,Month-to-month,Yes,Bank transfer (automatic),60.79,1638.12,Yes
5248-DILJN,Female,0,No,Yes,65,Yes,No,Fiber optic,Yes,Yes,No,No,No,No,Month-to-month,No,Electronic check,70.97,4632.88,No
5249-EAEPE,Female,0,Yes,No,30,Yes,No,DSL,No,No,Yes,No,Yes,Yes,Month-to-month,No,Bank transfer (automatic),66.72,1877.32,No
5250-ERFUR,Female,0,No,No,12,Yes,No,No,No internet service,No internet service,No internet service,No internet service,No internet service,No internet service,Two year,No,Electronic check,18.38,173.27,No
5251-JOXVK,Male,0,Yes,No,58,Yes,Yes,DSL,No,No,No,No,No,No,One year,No,Mailed check,35.76,2117.48,No
5252-ZSYMT,Male,1,No,No,30,Yes,Yes,DSL,No,Yes,No,No,Yes,Yes,Month-to-month,No,Credit card (automatic),68.21,2006.1,No
5253-CPGLO,Male,1,No,No,32,Yes,No,DSL,No,Yes,No,No,No,Yes,Two year,No,Electronic check,57.56,1786.75,No
5254-HWQAU,Female,0,Yes,No,52,Yes,Yes,Fiber optic,No,No,No,No,Yes,No,Month-to-month,No,Bank transfer (automatic),67.06,3466.43,Yes
5255-HNJSH,Female,0,Yes,No,35,Yes,No,No,No internet service,No internet service,No internet service,No internet service,No internet service,No internet service,Month-to-month,No,Credit card (automatic),18.25,719.2,No
5256-SDJWC,Female,0,No,No,68,Yes,Yes,No,No internet service,No internet service,No internet service,No internet service,No internet service,No internet service,Month-to-month,Yes,Credit card (automatic),30.05,2085.96,No
5257-DPXDY,Male,0,Yes,Yes,33,Yes,No,DSL,No,No,No,No,Yes,Yes,Month-to-month,Yes,Electronic check,67.06,2230.55,Yes
5258-TTMUQ,Female,0,No,No,60,Yes,No,DSL,No,No,Yes,No,No,No,Two year,Yes,Mailed check,35.8,2140.31,No
5259-WYPYQ,Male,1,Yes,No,59,Yes,Yes,Fiber optic,No,No,Yes,No,No,Yes,Month-to-month,No,Electronic check,69.3,4123.79,No
5260-FCTXD,Male,0,Yes,Yes,2,Yes,No,Fiber optic,No,Yes,No,No,No,Yes,One year,Yes,Mailed check,74.86,187.2,Yes
5261-HTIVA,Female,1,No,No,5,Yes,No,Fiber optic,No,Yes,Yes,No,No,Yes,Two year,Yes,Electronic check,78.05,358.51,Yes
5262-MZBWJ,Male,0,No,No,19,Yes,Yes,No,No internet service,No internet service,No internet service,No internet service,No internet service,No internet service,One year,Yes,Credit card (automatic),18.59,313.32,No
5263-WSQXM,Male,0,Yes,No,3,Yes,Yes,DSL,No,Yes,No,Yes,Yes,Yes,Month-to-month,No,Electronic check,62.94,176.66,No
5264-ZNKJG,Male,0,Yes,Yes,52,Yes,Yes,Fiber optic,No,No,Yes,No,No,Yes,Month-to-month,No,Credit card (automatic),69.41,3656.29,No
5265-JXANC,Female,0,No,No,70,Yes,No,DSL,No,Yes,No,Yes,Yes,No,Month-to-month,No,Mailed check,50.35,3568.34,No
5266-MBQUC,Male,0,No,Yes,61,Yes,Yes,Fiber optic,Yes,No,No,No,No,No,Two year,Yes,Mailed check,69.76,4237.44,No
5267-ZOHFZ,Female,0,Yes,No,37,Yes,Yes,Fiber optic,No,No,No,Yes,Yes,Yes,Two year,Yes,Mailed check,83.09,3037.67,No
5268-IYKVB,Female,0,Yes,Yes,35,Yes,No,No,No internet service,No internet service,No internet service,No internet service,No internet service,No internet service,One year,No,Electronic check,18.25,680.4,No
5269-IRSVR,Male,1,Yes,Yes,33,Yes,Yes,Fiber optic,No,Yes,No,No,No,Yes,Month-to-month,Yes,Credit card (automatic),76.69,2515.79,Yes
5270-ERLDO,Female,1,No,No,5,Yes,No,No,No internet service,No internet service,No internet service,No internet service,No internet service,No internet service,Two year,No,Credit card (automatic),18.25,143.12,No
5271-KSEFM,Male,0,No,No,65,Yes,No,DSL,No,No,No,No,No,No,Two year,No,Credit card (automatic),40.7,2647.23,No
5272-WJXYN,Female,0,Yes,No,17,No,No phone service,Fiber optic,Yes,Yes,Yes,Yes,Yes,No,One year,No,Mailed check,70.01,1218.37,No
5273-DTWLO,Female,0,No,Yes,26,Yes,Yes,Fiber optic,No,No,No,No,No,No,Month-to-month,Yes,Mailed check,58.8,1496.91,Yes
5274-ZJKIK,Female,1,Yes,No,38,Yes,No,No,No internet service,No internet service,No internet service,No internet service,No internet service,No internet service,Month-to-month,No,Credit card (automatic),26.53,1082.43,No
5275-BMVZZ,Female,0,No,Yes,50,Yes,Yes,Fiber optic,No,No,Yes,No,Yes,Yes,Two year,Yes,Mailed check,74.67,3678.17,No
5276-HUUHA,Female,0,Yes,Yes,18,Yes,Yes,Fiber optic,Yes,No,No,No,No,No,Month-to-month,Yes,Credit card (automatic),63.22,1171.73,Yes
5277-FZMIF,Female,0,No,Yes,33,Yes,No,Fiber optic,No,Yes,Yes,Yes,No,No,Month-to-month,Yes,Electronic check,71.29,2306.15,No
5278-OWPDZ,Female,0,No,Yes,23,Yes,Yes,No,No internet service,No internet service,No internet service,No internet service,No internet service,No internet service,One year,Yes,Mailed check,28.54,724.34,No
5279-QILVS,Male,0,No,No,24,Yes,No,DSL,Yes,Yes,No,Yes,No,No,One year,Yes,Bank transfer (automatic),53.83,1229.19,No
5280-TZLVF,Male,0,No,Yes,69,Yes,Yes,DSL,Yes,No,No,No,Yes,No,Month-to-month,Yes,Electronic check,62.78,4423.28,Yes
5281-LITEU,Male,0,No,No,29,Yes,Yes,Fiber optic,Yes,No,No,No,Yes,Yes,Month-to-month,Yes,Credit card (automatic),90.86,2724.29,Yes
5282-CBHJO,Female,0,No,No,53,Yes,No,DSL,Yes,Yes,No,Yes,No,No,Two year,Yes,Mailed check,41.46,2241.71,No
5283-IJKIN,Male,1,Yes,Yes,24,Yes,No,Fiber optic,Yes,Yes,Yes,No,No,Yes,One year,Yes,Credit card (automatic),82.81,2026.98,No
5284-EIDBS,Female,0,Yes,No,4,Yes,Yes,DSL,Yes,No,No,No,No,Yes,Two year,Yes,Credit card (automatic),56.2,260.08,No
5285-AUALK,Female,0,No,No,1,Yes,Yes,DSL,No,No,No,No,Yes,No,Two year,No,Bank transfer (automatic),44.83,18.8,No
5286-ANKGB,Female,0,No,No,62,Yes,Yes,Fiber optic,No,No,No,No,Yes,Yes,Two year,Yes,Mailed check,71.48,4408.13,No
5287-OHVTY,Female,0,No,No,53,Yes,Yes,DSL,No,No,Yes,No,No,Yes,One year,Yes,Mailed check,54.14,2893.27,No
5288-OZHJS,Female,0,Yes,No,37,No,No phone service,DSL,No,No,Yes,Yes,Yes,No,Month-to-month,Yes,Credit card (automatic),49.41,1895.79,No
5289-CTNII,Female,0,No,No,16,Yes,Yes,DSL,No,No,No,Yes,No,No,Month-to-month,Yes,Electronic check,40.68,687.38,No
5290-UYFHK,Female,1,Yes,Yes,30,Yes,No,DSL,No,No,No,No,Yes,No,One year,Yes,Credit card (automatic),53.14,1509.58,No
5291-HLJWD,Female,0,Yes,Yes,0,Yes,Yes,No,No internet service,No internet service,No internet service,No internet service,No internet service,No internet service,Month-to-month,No,Electronic check,28.57,37.62,Yes
5292-PTFIW,Male,0,No,No,5,Yes,No,Fiber optic,No,No,Yes,No,No,Yes,One year,Yes,Mailed check,66.8,308.82,No
5293-EUXFQ,Female,0,Yes,No,69,Yes,Yes,No,No internet service,No internet service,No internet service,No internet service,No internet service,No internet service,Month-to-month,Yes,Electronic check,18.25,1295.04,No
5294-QYXVM,Male,0,Yes,No,35,Yes,No,Fiber optic,No,Yes,Yes,No,No,No,Month-to-month,Yes,Credit card (automatic),63.4,2189.59,Yes
5295-QNBZS,Male,0,No,No,7,Yes,Yes,No,No internet service,No internet service,No internet service,No internet service,No internet service,No internet service,Month-to-month,No,Bank transfer (automatic),18.25,174.37,Yes
5296-ZCBBV,Female,1,Yes,Yes,72,No,No phone service,Fiber optic,No,No,Yes,No,Yes,No,Month-to-month,Yes,Credit card (automatic),79.27,5743.3,Yes
5297-GDQFG,Male,0,No,Yes,9,Yes,No,DSL,No,No,Yes,Yes,Yes,Yes,One year,Yes,Electronic check,64.9,580.06,No
5298-TFITZ,Female,0,No,Yes,23,Yes,Yes,DSL,No,No,Yes,No,No,No,Month-to-month,Yes,Credit card (automatic),43.27,940.93,Yes
5299-DZESJ,Male,0,No,No,62,Yes,No,Fiber optic,No,No,No,Yes,No,Yes,One year,No,Electronic check,72.9,4582.49,No
5300-ROYAE,Female,0,No,Yes,39,Yes,Yes,Fiber optic,No,Yes,No,Yes,No,Yes,Month-to-month,Yes,Electronic check,74.48,2915.24,Yes
5301-EHVVV,Male,0,No,No,1,Yes,No,DSL,Yes,No,Yes,Yes,No,No,Month-to-month,Yes,Electronic check,33.47,27.75,Yes
5302-TOQSM,Female,0,No,No,19,Yes,No,DSL,No,No,Yes,Yes,No,Yes,Two year,Yes,Electronic check,60.78,1164.62,No
5303-ZVUJQ,Male,0,No,Yes,32,Yes,No,Fiber optic,Yes,No,No,Yes,No,Yes,One year,Yes,Bank transfer (automatic),73.52,2291.98,No
5304-ERQDV,Female,1,No,No,13,Yes,Yes,Fiber optic,Yes,No,No,No,Yes,No,Month-to-month,No,Bank transfer (automatic),79.33,1065.39,Yes
5305-GYEHH,Female,1,Yes,No,53,Yes,No,No,No internet service,No internet service,No internet service,No internet service,No internet service,No internet service,Month-to-month,Yes,Mailed check,25.15,1318.54,No
5306-KISSI,Male,0,No,No,54,Yes,No,DSL,No,Yes,Yes,No,No,No,One year,No,Electronic check,44.4,2398.84,No
5307-WTQPG,Male,0,No,No,36,Yes,Yes,Fiber optic,No,No,Yes,No,Yes,No,One year,No,Mailed check,80.81,2920.6,Yes
5308-ZVCUS,Male,0,No,Yes,5,Yes,No,Fiber optic,No,No,No,No,No,No,One year,No,Credit card (automatic),65.61,242.66,No
5309-HEZZF,Male,0,No,No,32,Yes,No,DSL,No,Yes,No,No,Yes,Yes,One year,No,Electronic check,61.59,1870.7,Yes
5310-BXYSM,Female,0,No,No,49,Yes,No,Fiber optic,No,No,No,No,Yes,Yes,Month-to-month,Yes,Bank transfer (automatic),84.68,4065.67,No
5311-FFBZX,Male,0,No,No,69,Yes,No,Fiber optic,Yes,No,No,Yes,No,Yes,Month-to-month,Yes,Electronic check,81.05,5553.87,Yes
5312-EKKXN,Male,0,No,No,71,Yes,Yes,Fiber optic,No,No,No,Yes,No,Yes,Two year,Yes,Credit card (automatic),70.03,4960.1,No
5313-MHOLC,Female,0,Yes,No,50,No,No phone service,Fiber optic,Yes,No,No,No,No,No,Two year,Yes,Bank transfer (automatic),68.43,3338.5,No
5314-UWEFB,Female,0,No,No,65,Yes,No,DSL,No,Yes,Yes,No,Yes,Yes,Month-to-month,Yes,Bank transfer (automatic),64.25,4108.03,No
5315-HEVQZ,Female,1,Yes,Yes,60,Yes,No,DSL,No,No,No,Yes,No,No,Month-to-month,No,Electronic check,37.84,2275.49,No
5316-BKDKI,Male,0,No,No,27,Yes,No,DSL,Yes,No,Yes,Yes,Yes,Yes,One year,No,Bank transfer (automatic),65.86,1719.42,No
5317-FXBZO,Male,0,No,No,43,Yes,No,Fiber optic,No,Yes,No,No,No,Yes,One year,No,Electronic check,75.88,3229.07,No
5318-ELMQD,Male,0,No,No,11,Yes,No,Fiber optic,No,Yes,Yes,Yes,Yes,No,Month-to-month,Yes,Bank transfer (automatic),73.94,871.11,Yes
5319-JAKPK,Male,0,No,No,56,Yes,No,DSL,No,Yes,No,No,Yes,No,Two year,Yes,Mailed check,44.71,2519.92,No
5320-IBGSR,Female,0,No,No,25,Yes,Yes,DSL,Yes,No,No,No,No,No,Two year,Yes,Electronic check,52.99,1243.68,No
5321-TGWIL,Male,0,Yes,No,24,No,No phone service,DSL,No,No,No,No,No,No,Two year,Yes,Mailed check,46.64,1124.67,No
5322-CWVZP,Male,0,No,Yes,14,Yes,No,DSL,No,No,No,Yes,No,No,One year,No,Electronic check,36.0,524.56,No
5323-GWZEY,Female,1,Yes,Yes,52,Yes,No,DSL,Yes,Yes,No,No,Yes,Yes,Month-to-month,No,Electronic check,68.67,3616.7,No
5324-WGSQP,Female,0,Yes,No,64,Yes,No,Fiber optic,No,No,No,No,Yes,No,Month-to-month,Yes,Electronic check,65.21,4204.04,Yes
5325-UXUZS,Female,0,Yes,Yes,53,Yes,No,DSL,No,No,Yes,Yes,Yes,Yes,Month-to-month,No,Bank transfer (automatic),52.28,2795.89,No
5326-YRSDZ,Male,0,No,No,38,Yes,No,No,No internet service,No internet service,No internet service,No internet service,No internet service,No internet service,Two year,Yes,Electronic check,18.25,696.08,No
5327-ADDIH,Male,0,No,No,50,Yes,No,Fiber optic,Yes,Yes,Yes,Yes,Yes,No,Month-to-month,No,Credit card (automatic),80.69,4057.69,Yes
5328-BWFWK,Female,1,Yes,Yes,19,Yes,No,Fiber optic,Yes,Yes,Yes,No,No,No,One year,Yes,Credit card (automatic),72.06,1415.0,No
5329-DNUVI,Male,0,Yes,No,63,No,No phone service,DSL,No,Yes,No,No,Yes,Yes,Two year,Yes,Mailed check,60.37,3796.46,No
5330-BYZAD,Male,0,No,No,10,Yes,No,Fiber optic,Yes,No,No,No,No,No,Month-to-month,No,Mailed check,63.72,600.15,Yes
5331-LEIVD,Female,0,Yes,Yes,51,Yes,No,Fiber optic,No,No,No,No,Yes,Yes,Month-to-month,Yes,Bank transfer (automatic),81.53,4150.88,No
5332-PBPPU,Female,0,Yes,Yes,53,Yes,Yes,DSL,No,No,No,No,No,Yes,Month-to-month,Yes,Electronic check,46.93,2466.51,No
5333-XXVKA,Female,0,No,No,68,Yes,Yes,DSL,No,No,No,No,No,No,Month-to-month,No,Electronic check,42.61,2891.13,No
5334-OXDRQ,Male,0,Yes,No,6,Yes,Yes,No,No internet service,No internet service,No internet service,No internet service,No internet service,No internet service,One year,Yes,Mailed check,18.25,18.8,No
5335-GRMTT,Male,0,Yes,No,11,No,No phone service,No,No internet service,No internet service,No internet service,No internet service,No internet service,No internet service,One year,Yes,Mailed check,30.26,385.16,No
5336-JABQV,Male,0,Yes,No,1,Yes,Yes,Fiber optic,No,No,No,Yes,No,No,One year,Yes,Electronic check,57.06,68.2,No
5337-CQLXL,Female,0,No,No,20,No,No phone service,No,No internet service,No internet service,No internet service,No internet service,No internet service,No internet service,Two year,No,Mailed check,18.5,426.01,No
5338-TJGJR,Male,0,No,Yes,68,Yes,Yes,Fiber optic,No,No,Yes,No,Yes,Yes,Month-to-month,No,Electronic check,74.77,5034.92,No
5339-VFGQL,Male,1,No,No,35,Yes,No,DSL,No,No,No,No,No,No,One year,Yes,Credit card (automatic),29.85,1069.43,No
5340-QRNKB,Female,0,No,No,20,Yes,Yes,Fiber optic,No,No,Yes,No,No,No,One year,Yes,Credit card (automatic),62.06,1231.08,Yes
5341-UAKBP,Male,0,Yes,Yes,52,Yes,Yes,Fiber optic,No,No,No,No,Yes,No,Month-to-month,Yes,Bank transfer (automatic),63.92,3329.69,No
5342-VCTAU,Male,0,Yes,Yes,18,Yes,No,Fiber optic,No,No,Yes,No,Yes,No,Two year,Yes,Electronic check,71.18,1311.75,No
5343-THSZA,Female,0,Yes,No,2,Yes,Yes,No,No internet service,No internet service,No internet service,No internet service,No internet service,No internet service,Month-to-month,Yes,Bank transfer (automatic),18.25,77.6,No
5344-ZEAKU,Female,0,No,No,59,Yes,Yes,DSL,Yes,No,No,No,No,No,One year,No,Mailed check,51.14,2991.7,No
5345-IEBMR,Female,0,No,No,72,Yes,No,DSL,No,No,Yes,No,No,Yes,Month-to-month,No,Credit card (automatic),49.86,3564.45,No
5346-ZYLNE,Female,1,No,No,33,Yes,No,Fiber optic,No,No,No,Yes,No,No,One year,Yes,Mailed check,52.34,1743.52,No
5347-XJTBD,Female,0,Yes,No,28,Yes,No,Fiber optic,Yes,No,Yes,No,No,Yes,One year,No,Credit card (automatic),75.68,1963.63,No
5348-LKDKI,Male,0,Yes,Yes,56,Yes,No,Fiber optic,No,No,Yes,No,Yes,Yes,Two year,Yes,Credit card (automatic),92.54,5221.48,No
5349-JFOJV,Female,0,Yes,No,72,Yes,Yes,DSL,Yes,No,No,No,No,Yes,Month-to-month,Yes,Electronic check,54.04,3906.51,No
5350-UFAUV,Female,0,No,Yes,39,Yes,No,Fiber optic,No,Yes,No,No,No,Yes,Month-to-month,No,Bank transfer (automatic),72.51,2837.6,No
5351-XTUDW,Female,0,Yes,No,49,Yes,Yes,DSL,No,Yes,Yes,Yes,Yes,Yes,Month-to-month,No,Mailed check,68.13,3347.61,Yes
5352-ZVNTV,Male,1,No,No,18,Yes,No,Fiber optic,Yes,No,No,Yes,Yes,No,Month-to-month,No,Bank transfer (automatic),72.0,1210.83,No
5353-THKOS,Male,0,Yes,No,21,Yes,No,Fiber optic,No,Yes,No,No,No,No,Month-to-month,No,Mailed check,65.35,1360.47,Yes
5354-HMRVX,Female,0,No,No,50,Yes,Yes,Fiber optic,Yes,No,Yes,Yes,No,No,Month-to-month,Yes,Electronic check,65.98,3311.25,Yes
5355-QFYOM,Male,0,Yes,Yes,48,No,No phone service,Fiber optic,Yes,Yes,No,No,Yes,No,One year,Yes,Mailed check,74.97,3608.89,Yes
5356-ZZRKM,Male,0,Yes,No,51,No,No phone service,Fiber optic,Yes,No,No,Yes,No,Yes,One year,Yes,Bank transfer (automatic),79.2,4145.92,No
5357-AREFA,Male,0,Yes,No,21,No,No phone service,DSL,No,No,No,No,Yes,Yes,Two year,Yes,Electronic check,65.59,1353.34,No
5358-GDIOF,Female,0,Yes,Yes,61,Yes,No,No,No internet service,No internet service,No internet service,No internet service,No internet service,No internet service,Month-to-month,Yes,Credit card (automatic),18.25,1134.7,No
5359-YQTRV,Male,0,Yes,Yes,59,Yes,Yes,DSL,No,No,Yes,Yes,Yes,No,Month-to-month,Yes,Electronic check,53.8,3100.86,Yes
5360-DINCA,Male,0,No,No,6,Yes,Yes,Fiber optic,No,No,No,Yes,No,No,Month-to-month,Yes,Bank transfer (automatic),64.3,333.3,Yes
5361-KALYI,Female,0,Yes,No,52,Yes,No,Fiber optic,Yes,Yes,Yes,No,Yes,Yes,Month-to-month,Yes,Electronic check,89.95,4749.39,Yes
5362-EORIM,Female,0,Yes,No,30,Yes,Yes,Fiber optic,No,No,Yes,No,No,Yes,Month-to-month,No,Electronic check,77.49,2305.7,Yes
5363-MXMJJ,Male,0,No,No,3,Yes,No,DSL,Yes,No,No,Yes,No,No,Month-to-month,No,Mailed check,53.21,164.69,Yes
5364-VGVET,Female,0,No,No,6,Yes,Yes,DSL,Yes,Yes,No,Yes,No,No,Month-to-month,No,Mailed check,47.17,296.83,Yes
5365-GTJJZ,Female,0,Yes,No,2,Yes,No,Fiber optic,No,No,No,No,Yes,No,One year,No,Credit card (automatic),72.35,216.75,No
5366-YUXMO,Female,0,No,Yes,24,Yes,Yes,Fiber optic,Yes,No,Yes,No,No,No,One year,No,Credit card (automatic),67.66,1620.75,No
5367-FTLSK,Female,0,No,No,33,Yes,Yes,DSL,No,Yes,Yes,Yes,Yes,Yes,Month-to-month,Yes,Bank transfer (automatic),69.48,2261.28,Yes
5368-FABWO,Male,0,Yes,Yes,32,Yes,No,Fiber optic,No,No,No,No,Yes,No,Month-to-month,Yes,Bank transfer (automatic),72.69,2289.55,Yes
5369-DEOKJ,Female,0,No,Yes,37,Yes,Yes,DSL,Yes,No,No,Yes,No,No,Month-to-month,Yes,Credit card (automatic),49.77,1850.37,Yes
5370-QBTXJ,Female,1,Yes,No,3,Yes,Yes,No,No internet service,No internet service,No internet service,No internet service,No internet service,No internet service,Month-to-month,Yes,Credit card (automatic),21.72,105.12,Yes
5371-TCSEC,Male,0,Yes,Yes,47,Yes,Yes,Fiber optic,Yes,Yes,No,No,No,No,Two year,No,Electronic check,81.86,3815.24,No
5372-HELNG,Female,0,No,No,60,Yes,No,DSL,No,No,Yes,Yes,No,Yes,Two year,Yes,Electronic check,50.2,2974.02,No
5373-KHEHL,Male,1,Yes,No,64,Yes,No,Fiber optic,No,No,Yes,Yes,No,No,One year,Yes,Electronic check,55.52,3590.37,No
5374-OSPNG,Female,0,Yes,Yes,70,Yes,No,DSL,No,No,Yes,No,No,Yes,One year,No,Bank transfer (automatic),54.43,3861.9,No
5375-HGRXF,Male,0,No,No,60,Yes,No,Fiber optic,Yes,Yes,Yes,Yes,Yes,Yes,Month-to-month,No,Credit card (automatic),88.71,5398.38,No
5376-ZSDWC,Female,0,No,No,0,Yes,Yes,Fiber optic,No,No,Yes,No,No,No,One year,No,Credit card (automatic),57.6,18.8,No
5377-QVSOZ,Female,0,No,No,5,Yes,No,Fiber optic,Yes,No,Yes,No,No,Yes,Month-to-month,No,Credit card (automatic),75.02,396.74,Yes
5378-FZLSF,Male,0,No,No,20,Yes,Yes,DSL,Yes,Yes,No,No,No,Yes,Two year,No,Credit card (automatic),62.1,1262.17,No
5379-KTTJZ,Male,0,No,No,66,Yes,Yes,No,No internet service,No internet service,No internet service,No internet service,No internet service,No internet service,One year,Yes,Mailed check,18.25,1097.78,No
5380-PRNDL,Male,0,No,Yes,27,Yes,No,Fiber optic,No,No,No,No,Yes,No,Month-to-month,No,Electronic check,73.9,2054.57,Yes
5381-TWUHG,Male,0,Yes,Yes,65,Yes,No,Fiber optic,Yes,No,No,No,Yes,No,Two year,No,Electronic check,72.78,4772.07,No
5382-ZIXYQ,Male,0,Yes,No,26,Yes,No,DSL,Yes,No,No,No,No,No,Month-to-month,No,Bank transfer (automatic),49.17,1296.18,Yes
5383-JCUYH,Female,0,Yes,No,31,Yes,No,Fiber optic,Yes,No,No,No,No,No,Month-to-month,No,Bank transfer (automatic),65.34,2039.77,Yes
5384-NZGPR,Male,0,Yes,No,11,Yes,No,Fiber optic,Yes,No,Yes,No,Yes,Yes,Two year,No,Credit card (automatic),87.12,965.14,No
5385-KFTUN,Female,0,Yes,No,64,Yes,No,Fiber optic,Yes,Yes,No,Yes,Yes,No,Month-to-month,No,Electronic check,74.37,4865.81,Yes
5386-UMDTT,Male,0,No,Yes,45,Yes,No,No,No internet service,No internet service,No internet service,No internet service,No internet service,No internet service,Month-to-month,Yes,Mailed check,18.25,730.79,Yes
5387-KRALR,Male,1,Yes,Yes,39,Yes,No,DSL,No,Yes,No,No,Yes,No,Month-to-month,Yes,Credit card (automatic),57.66,2225.83,Yes
5388-GLAVD,Female,0,Yes,No,8,Yes,Yes,DSL,No,Yes,No,No,No,No,Month-to-month,Yes,Electronic check,55.17,443.19,Yes
5389-ROCGF,Female,0,No,No,61,Yes,Yes,Fiber optic,No,Yes,No,No,No,Yes,Month-to-month,No,Mailed check,71.54,4423.7,No
5390-OOFHH,Female,0,No,Yes,15,Yes,No,DSL,No,No,No,No,No,No,Month-to-month,Yes,Electronic check,49.24,756.96,No
5391-VAZMW,Female,0,No,No,67,Yes,Yes,Fiber optic,Yes,No,No,No,No,No,Month-to-month,Yes,Bank transfer (automatic),67.52,4489.97,No
5392-XUMKD,Male,0,No,No,39,Yes,Yes,Fiber optic,Yes,No,No,No,Yes,No,One year,No,Electronic check,72.86,2799.23,Yes
5393-GLMVL,Female,0,No,No,34,Yes,Yes,No,No internet service,No internet service,No internet service,No internet service,No internet service,No internet service,Month-to-month,Yes,Credit card (automatic),18.58,641.34,No
5394-PFNSP,Male,0,No,No,59,Yes,No,Fiber optic,No,Yes,No,Yes,Yes,No,Month-to-month,Yes,Credit card (automatic),77.52,4555.97,Yes
5395-ZDEIX,Male,0,No,No,69,Yes,No,Fiber optic,No,No,No,No,No,No,Month-to-month,Yes,Electronic check,67.81,4783.4,No
5396-CVJQS,Male,0,No,Yes,2,No,No phone service,Fiber optic,No,No,No,No,Yes,No,Month-to-month,Yes,Credit card (automatic),72.72,157.01,Yes
5397-JLWGR,Female,0,No,Yes,52,Yes,No,Fiber optic,No,Yes,No,No,No,Yes,Two year,Yes,Electronic check,75.1,3870.16,No
5398-SOGLV,Female,0,No,Yes,58,Yes,No,Fiber optic,No,No,Yes,No,Yes,No,Month-to-month,Yes,Bank transfer (automatic),72.14,4277.61,No
5399-GJYXV,Female,0,No,Yes,35,No,No phone service,DSL,No,No,Yes,No,No,No,Two year,Yes,Bank transfer (automatic),35.13,1181.97,No
5400-TJYWE,Female,0,Yes,No,65,Yes,No,No,No internet service,No internet service,No internet service,No internet service,No internet service,No internet service,Two year,Yes,Credit card (automatic),18.25,1190.47,No
5401-RIPGY,Female,0,No,Yes,36,Yes,No,Fiber optic,No,No,No,Yes,No,Yes,Month-to-month,Yes,Mailed check,71.8,2553.15,No
5402-YJEGE,Female,0,No,No,43,No,No phone service,No,No internet service,No internet service,No internet service,No internet service,No internet service,No internet service,Two year,No,Bank transfer (automatic),21.21,876.63,Yes
5403-OSJHX,Male,0,No,No,63,Yes,Yes,No,No internet service,No internet service,No internet service,No internet service,No internet service,No internet service,Month-to-month,Yes,Mailed check,19.98,1275.37,No
5404-IKVBC,Female,1,Yes,No,50,Yes,Yes,Fiber optic,No,No,No,No,No,No,Month-to-month,No,Credit card (automatic),61.12,3103.3,No
5405-MKJOF,Male,0,Yes,No,5,Yes,No,DSL,Yes,No,Yes,Yes,Yes,No,Two year,Yes,Mailed check,54.18,304.16,No
5406-ANRXK,Male,0,Yes,No,68,Yes,No,No,No internet service,No internet service,No internet service,No internet service,No internet service,No internet service,One year,No,Credit card (automatic),18.25,1200.5,No
5407-HVCNB,Female,0,No,No,20,Yes,Yes,Fiber optic,Yes,No,No,No,No,No,Month-to-month,Yes,Mailed check,60.6,1273.34,No
5408-PFANJ,Female,0,No,No,56,Yes,Yes,Fiber optic,No,No,No,No,No,No,Month-to-month,Yes,Electronic check,63.18,3561.95,No
5409-FIGYB,Female,0,Yes,Yes,27,Yes,No,No,No internet service,No internet service,No internet service,No internet service,No internet service,No internet service,One year,Yes,Mailed check,28.43,647.26,No
5410-KNEIG,Female,1,No,Yes,23,Yes,Yes,No,No internet service,No internet service,No internet service,No internet service,No internet service,No internet service,Month-to-month,Yes,Mailed check,22.32,551.97,No
5411-YNPVP,Male,0,Yes,No,62,Yes,No,DSL,No,Yes,Yes,No,No,Yes,Month-to-month,Yes,Bank transfer (automatic),50.61,3195.82,No
5412-GJUFQ,Female,1,Yes,No,21,Yes,No,DSL,No,No,Yes,No,No,Yes,Month-to-month,No,Bank transfer (automatic),55.28,1168.01,Yes
5413-ABNDI,Female,0,No,No,33,Yes,Yes,DSL,No,No,No,No,No,Yes,Month-to-month,Yes,Electronic check,50.37,1690.94,No
5414-WFQUK,Male,0,No,No,36,Yes,Yes,Fiber optic,No,No,No,No,No,No,Month-to-month,Yes,Electronic check,63.77,2390.49,No
5415-DUIPC,Male,0,No,No,40,Yes,No,Fiber optic,Yes,Yes,No,No,Yes,Yes,Month-to-month,No,Mailed check,90.62,3496.77,No
5416-DXCMS,Female,0,Yes,No,42,Yes,No,DSL,No,Yes,No,Yes,Yes,No,Month-to-month,No,Electronic check,60.53,2571.8,Yes
5417-YUZAW,Male,1,No,No,21,Yes,No,DSL,No,No,Yes,No,No,No,Month-to-month,No,Bank transfer (automatic),44.12,880.85,Yes
5418-WFVCC,Female,0,No,Yes,14,Yes,No,Fiber optic,No,No,No,Yes,Yes,No,Two year,Yes,Bank transfer (automatic),63.76,949.96,No
5419-PJYQG,Female,1,Yes,No,20,No,No phone service,DSL,No,No,No,No,Yes,Yes,Two year,Yes,Electronic check,64.35,1271.69,Yes
5420-MKJGX,Male,0,No,No,51,Yes,No,No,No internet service,No internet service,No internet service,No internet service,No internet service,No internet service,Month-to-month,No,Credit card (automatic),20.71,1075.44,No
5421-FXAQY,Male,1,No,No,3,Yes,No,Fiber optic,No,No,No,No,No,Yes,Month-to-month,No,Bank transfer (automatic),69.54,128.26,Yes
5422-LDCFZ,Female,0,Yes,No,46,Yes,Yes,No,No internet service,No internet service,No internet service,No internet service,No internet service,No internet service,Two year,No,Credit card (automatic),23.35,1114.49,No
5423-PMIZK,Female,0,No,No,17,Yes,Yes,No,No internet service,No internet service,No internet service,No internet service,No internet service,No internet service,Month-to-month,Yes,Electronic check,22.47,321.19,No
5424-TYUMW,Female,0,Yes,No,70,No,No phone service,Fiber optic,Yes,No,Yes,No,Yes,No,Month-to-month,No,Bank transfer (automatic),72.18,5036.13,No
5425-SCLSH,Male,0,No,Yes,34,Yes,No,Fiber optic,No,Yes,No,Yes,No,No,Month-to-month,Yes,Electronic check,67.27,2348.61,Yes
5426-NVIYX,Male,0,No,No,6,Yes,No,No,No internet service,No internet service,No internet service,No internet service,No internet service,No internet service,Two year,Yes,Mailed check,18.25,144.3,No
5427-QFDDS,Female,0,Yes,No,40,Yes,Yes,No,No internet service,No internet service,No internet service,No internet service,No internet service,No internet service,Month-to-month,Yes,Electronic check,24.54,967.3,Yes
5428-LYBQO,Female,0,No,Yes,9,Yes,Yes,No,No internet service,No internet service,No internet service,No internet service,No internet service,No internet service,Month-to-month,Yes,Electronic check,22.19,126.63,Yes
5429-JCTDV,Male,0,No,No,61,Yes,No,Fiber optic,No,Yes,No,No,Yes,Yes,One year,Yes,Electronic check,87.57,5333.05,No
5430-AARDW,Female,0,No,No,64,Yes,No,Fiber optic,No,No,Yes,Yes,Yes,No,One year,Yes,Bank transfer (automatic),67.75,4310.09,No
5431-VOYWU,Male,0,Yes,Yes,11,Yes,No,No,No internet service,No internet service,No internet service,No internet service,No internet service,No internet service,Month-to-month,No,Credit card (automatic),35.56,364.67,No
5432-VJYQY,Female,0,No,No,27,Yes,No,No,No internet service,No internet service,No internet service,No internet service,No internet service,No internet service,Month-to-month,Yes,Electronic check,25.46,649.91,No
5433-VLTLP,Male,0,No,No,57,Yes,Yes,Fiber optic,No,No,No,Yes,No,No,Month-to-month,Yes,Electronic check,59.16,3352.62,No
5434-EPQWO,Female,0,Yes,No,55,No,No phone service,DSL,Yes,No,Yes,No,Yes,No,Two year,Yes,Credit card (automatic),58.07,3181.59,No
5435-MHUBH,Female,0,Yes,No,17,Yes,Yes,DSL,Yes,Yes,Yes,No,No,No,Two year,Yes,Bank transfer (automatic),52.84,994.68,No
5436-JGJYD,Female,1,No,No,64,Yes,Yes,Fiber optic,Yes,No,No,No,Yes,No,Two year,No,Electronic check,77.17,4883.18,No
5437-KIDCK,Male,0,No,Yes,56,Yes,Yes,DSL,No,No,No,No,No,Yes,Two year,No,Electronic check,33.59,1938.28,No
5438-CZRZS,Female,0,Yes,Yes,49,No,No phone service,DSL,Yes,No,No,No,No,Yes,Month-to-month,Yes,Mailed check,56.57,2833.49,Yes
5439-NXKXB,Female,0,No,No,44,Yes,Yes,DSL,Yes,Yes,No,No,No,No,Month-to-month,Yes,Electronic check,55.24,2316.6,Yes
5440-BBJWO,Female,0,Yes,No,61,No,No phone service,DSL,No,Yes,No,No,No,No,Month-to-month,Yes,Bank transfer (automatic),42.67,2561.93,No
5441-VLKQR,Female,0,Yes,Yes,64,Yes,Yes,No,No internet service,No internet service,No internet service,No internet service,No internet service,No internet service,Month-to-month,Yes,Electronic check,18.25,1162.53,Yes
5442-NQOLP,Female,0,No,Yes,54,Yes,Yes,DSL,No,No,No,No,Yes,Yes,Two year,Yes,Mailed check,57.48,3111.1,No
5443-WFBBP,Female,0,No,No,37,Yes,Yes,No,No internet service,No internet service,No internet service,No internet service,No internet service,No internet service,Month-to-month,No,Mailed check,20.69,689.88,No
5444-BHGAD,Male,0,Yes,Yes,3,Yes,Yes,DSL,No,No,No,No,Yes,Yes,Month-to-month,Yes,Bank transfer (automatic),68.91,196.25,No
5445-KTGRD,Male,0,No,No,14,Yes,Yes,Fiber optic,No,No,No,No,Yes,No,Month-to-month,No,Credit card (automatic),71.16,1017.33,No
5446-QKKTK,Female,0,No,No,20,Yes,Yes,No,No internet service,No internet service,No internet service,No internet service,No internet service,No internet service,Month-to-month,Yes,Mailed check,18.25,290.21,Yes
5447-ONQBR,Female,0,No,No,20,Yes,No,No,No internet service,No internet service,No internet service,No internet service,No internet service,No internet service,Month-to-month,No,Mailed check,25.46,506.19,No
5448-PLJPC,Male,0,No,No,50,Yes,No,No,No internet service,No internet service,No internet service,No internet service,No internet service,No internet service,Two year,No,Credit card (automatic),18.62,885.18,No
5449-HVVYX,Male,0,Yes,Yes,34,Yes,Yes,DSL,Yes,No,No,No,No,Yes,Month-to-month,Yes,Bank transfer (automatic),48.28,1631.05,No
5450-BVANY,Female,0,No,No,3,Yes,No,No,No internet service,No internet service,No internet service,No internet service,No internet service,No internet service,Month-to-month,No,Electronic check,18.25,18.8,No
5451-DDICE,Male,1,Yes,Yes,31,Yes,No,DSL,No,No,Yes,No,Yes,No,Month-to-month,No,Electronic check,53.26,1631.49,Yes
5452-AVSAJ,Female,0,No,No,11,Yes,No,No,No internet service,No internet service,No internet service,No internet service,No internet service,No internet service,Two year,Yes,Credit card (automatic),18.25,180.96,No
5453-VLJBP,Female,1,Yes,No,53,No,No phone service,Fiber optic,No,No,No,Yes,No,No,Two year,No,Electronic check,65.1,3533.92,No
5454-HNOPK,Male,1,Yes,No,29,Yes,No,DSL,No,No,Yes,No,Yes,No,One year,No,Credit card (automatic),59.38,1827.09,No
5455-LBDCI,Female,0,Yes,No,8,Yes,No,No,No internet service,No internet service,No internet service,No internet service,No internet service,No internet service,One year,Yes,Mailed check,27.15,321.11,No
5456-RSGDF,Female,0,No,Yes,18,Yes,No,No,No internet service,No internet service,No internet service,No internet service,No internet service,No internet service,One year,Yes,Mailed check,18.25,212.71,No
5457-SAPKV,Female,0,Yes,No,29,Yes,Yes,DSL,Yes,No,No,Yes,No,Yes,Month-to-month,Yes,Credit card (automatic),49.04,1453.62,No
5458-DRWZE,Female,0,No,No,64,Yes,No,No,No internet service,No internet service,No internet service,No internet service,No internet service,No internet service,One year,No,Mailed check,18.25,1153.92,No
5459-VFYBL,Male,0,No,No,44,Yes,No,DSL,Yes,No,Yes,Yes,No,No,One year,No,Credit card (automatic),43.05,1840.98,No
5460-VITLM,Male,0,Yes,Yes,22,Yes,No,DSL,No,No,Yes,Yes,No,Yes,One year,No,Bank transfer (automatic),39.72,946.61,No
5461-VWQET,Male,0,Yes,No,4,Yes,Yes,No,No internet service,No internet service,No internet service,No internet service,No internet service,No internet service,Two year,Yes,Bank transfer (automatic),21.95,80.89,No
5462-MMJOO,Female,0,No,No,66,Yes,No,DSL,No,No,No,No,No,Yes,Month-to-month,Yes,Electronic check,57.87,3865.58,No
5463-RRBWK,Male,0,Yes,No,65,Yes,Yes,DSL,No,No,Yes,No,No,No,Month-to-month,No,Electronic check,41.83,2769.75,No
5464-MKDOV,Male,0,Yes,No,42,Yes,Yes,No,No internet service,No internet service,No internet service,No internet service,No internet service,No internet service,Month-to-month,No,Bank transfer (automatic),18.25,800.2,No
5465-WYKRP,Male,0,Yes,No,1,Yes,No,Fiber optic,Yes,Yes,Yes,No,No,No,Two year,No,Mailed check,76.48,59.8,No
5466-JLMIU,Female,0,Yes,No,47,Yes,No,Fiber optic,No,No,Yes,Yes,No,No,Month-to-month,No,Credit card (automatic),57.22,2673.14,Yes
5467-MFFKS,Female,0,Yes,Yes,57,Yes,Yes,Fiber optic,No,Yes,Yes,Yes,No,Yes,Month-to-month,No,Electronic check,73.32,4183.97,No
5468-KJWOM,Female,0,No,No,39,Yes,No,Fiber optic,No,No,Yes,No,Yes,No,Month-to-month,Yes,Credit card (automatic),69.31,2775.82,Yes
5469-WHEBP,Female,0,No,No,52,Yes,Yes,No,No internet service,No internet service,No internet service,No internet service,No internet service,No internet service,Two year,Yes,Bank transfer (automatic),18.25,1000.87,No
5470-MSIOF,Female,0,No,Yes,58,Yes,No,Fiber optic,No,No,Yes,No,Yes,Yes,Month-to-month,No,Electronic check,79.83,4617.88,Yes
5471-HXNEQ,Male,1,Yes,No,67,Yes,Yes,Fiber optic,Yes,Yes,No,Yes,Yes,No,Month-to-month,Yes,Credit card (automatic),85.49,5723.52,No
5472-VGIPR,Male,0,No,No,62,Yes,No,DSL,No,No,Yes,Yes,No,No,Month-to-month,Yes,Credit card (automatic),40.23,2583.49,No
5473-MRJAU,Male,0,Yes,No,35,Yes,Yes,Fiber optic,Yes,Yes,Yes,No,No,Yes,Month-to-month,Yes,Mailed check,73.26,2502.48,Yes
5474-RSBDK,Female,0,No,No,39,Yes,Yes,Fiber optic,Yes,Yes,Yes,No,Yes,No,Month-to-month,Yes,Mailed check,80.77,3056.3,Yes
5475-CIJBG,Male,0,No,No,5,Yes,Yes,Fiber optic,No,Yes,No,Yes,No,Yes,Two year,Yes,Bank transfer (automatic),77.32,343.35,No
5476-OSJXT,Male,0,Yes,No,13,Yes,No,DSL,Yes,No,Yes,No,Yes,No,One year,Yes,Bank transfer (automatic),53.28,798.44,No
5477-NDYKC,Female,0,Yes,No,32,Yes,No,No,No internet service,No internet service,No internet service,No internet service,No internet service,No internet service,Two year,No,Bank transfer (automatic),19.36,559.76,No
5478-WQGZK,Female,0,Yes,No,18,Yes,No,DSL,No,No,Yes,No,No,No,Month-to-month,No,Mailed check,46.0,781.7,No
5479-RNNFI,Female,0,Yes,No,42,Yes,No,DSL,Yes,No,No,Yes,Yes,Yes,Month-to-month,Yes,Credit card (automatic),63.56,2684.88,Yes
5480-VCQLD,Female,1,No,No,53,Yes,No,DSL,No,No,No,No,No,No,Month-to-month,Yes,Electronic check,41.74,2221.3,Yes
5481-TPXJZ,Male,0,Yes,No,72,Yes,Yes,Fiber optic,No,No,No,Yes,Yes,Yes,Two year,No,Electronic check,81.24,5907.26,Yes
5482-GJGWR,Female,0,No,No,60,Yes,No,DSL,Yes,No,Yes,No,Yes,No,Month-to-month,No,Bank transfer (automatic),47.16,2892.64,No
5483-IVRQK,Female,0,Yes,No,12,Yes,No,No,No internet service,No internet service,No internet service,No internet service,No internet service,No internet service,Month-to-month,No,Bank transfer (automatic),18.25,197.86,Yes
5484-AQDDN,Female,1,No,No,41,Yes,No,No,No internet service,No internet service,No internet service,No internet service,No internet service,No internet service,Month-to-month,No,Mailed check,19.42,815.53,No
5485-IMPAC,Male,0,Yes,No,17,Yes,No,DSL,No,Yes,Yes,No,Yes,No,Month-to-month,Yes,Electronic check,58.31,1002.03,No
5486-SHRFT,Male,0,Yes,No,71,Yes,No,Fiber optic,Yes,Yes,Yes,Yes,No,Yes,One year,Yes,Electronic check,88.58,6249.65,No
5487-ZFELI,Male,0,No,No,64,Yes,No,DSL,Yes,Yes,No,No,No,No,Month-to-month,Yes,Mailed check,42.16,2725.36,No
5488-IQSQV,Male,0,No,Yes,47,Yes,Yes,Fiber optic,Yes,No,No,Yes,No,No,Month-to-month,Yes,Electronic check,57.72,2719.38,Yes
5489-PLCNQ,Male,0,No,No,35,Yes,Yes,Fiber optic,Yes,No,No,No,Yes,No,Month-to-month,Yes,Credit card (automatic),74.61,2627.96,No
5490-VPULX,Female,0,No,No,44,Yes,No,No,No internet service,No internet service,No internet service,No internet service,No internet service,No internet service,One year,No,Mailed check,22.97,979.5,No
5491-BHLUP,Female,0,No,Yes,9,Yes,No,DSL,Yes,Yes,No,No,No,No,Month-to-month,Yes,Mailed check,45.37,470.84,Yes
5492-HPJTO,Female,1,No,No,8,Yes,No,No,No internet service,No internet service,No internet service,No internet service,No internet service,No internet service,One year,Yes,Bank transfer (automatic),21.8,121.83,No
5493-DZODK,Male,0,Yes,No,45,No,No phone service,No,No internet service,No internet service,No internet service,No internet service,No internet service,No internet service,Month-to-month,Yes,Electronic check,24.35,1054.5,No
5494-FDIIC,Female,0,Yes,Yes,16,Yes,Yes,Fiber optic,No,No,Yes,No,No,No,One year,Yes,Credit card (automatic),64.07,1126.39,No
5495-WEOIB,Male,0,No,Yes,66,Yes,No,Fiber optic,No,Yes,No,No,Yes,No,Two year,Yes,Mailed check,86.19,5667.6,No
5496-CZULP,Male,0,No,Yes,32,Yes,Yes,Fiber optic,No,Yes,No,Yes,Yes,No,Month-to-month,Yes,Electronic check,71.96,2306.48,No
5497-EJONN,Female,0,No,Yes,64,No,No phone service,DSL,No,No,Yes,No,Yes,No,Two year,No,Credit card (automatic),38.19,2435.21,No
5498-WMPHH,Female,1,Yes,No,19,Yes,No,Fiber optic,No,No,No,Yes,Yes,No,Month-to-month,Yes,Credit card (automatic),66.51,1205.88,No
5499-QQCAQ,Female,0,No,No,65,Yes,Yes,Fiber optic,No,Yes,Yes,No,No,No,Month-to-month,Yes,Electronic check,70.05,4486.58,No
5500-ZXPQY,Female,0,No,No,15,Yes,No,DSL,No,Yes,No,No,No,No,Two year,No,Bank transfer (automatic),50.68,736.21,No
5501-BYNGY,Male,0,No,No,72,Yes,Yes,Fiber optic,No,Yes,No,Yes,No,Yes,Month-to-month,No,Bank transfer (automatic),66.85,4795.36,Yes
5502-SAQJF,Male,0,Yes,No,13,Yes,No,DSL,No,No,No,No,No,Yes,Month-to-month,Yes,Electronic check,57.44,704.59,No
5503-GYFEB,Male,0,No,No,0,Yes,Yes,Fiber optic,No,No,Yes,No,No,Yes,Month-to-month,No,Mailed check,62.08,21.62,Yes
5504-RXQXZ,Female,0,No,No,34,Yes,No,Fiber optic,No,No,No,No,No,No,Month-to-month,No,Mailed check,58.25,2026.7,No
5505-WGUSG,Male,1,No,No,0,Yes,Yes,Fiber optic,No,No,Yes,Yes,No,No,Two year,No,Bank transfer (automatic),62.65,18.8,Yes
5506-WGPLO,Female,1,No,No,42,Yes,Yes,DSL,No,No,Yes,Yes,No,Yes,Two year,Yes,Mailed check,48.05,1997.52,No
5507-OKBCS,Male,0,No,Yes,68,Yes,Yes,No,No internet service,No internet service,No internet service,No internet service,No internet service,No internet service,Month-to-month,No,Bank transfer (automatic),22.6,1587.73,No
5508-TYZOP,Female,0,Yes,No,54,Yes,No,Fiber optic,No,Yes,No,No,No,No,One year,No,Electronic check,62.88,3425.77,No
5509-AOLGG,Male,0,No,Yes,15,No,No phone service,Fiber optic,No,Yes,No,Yes,No,Yes,Two year,Yes,Electronic check,75.88,1215.06,No
5510-KTKQC,Female,1,No,No,66,Yes,Yes,Fiber optic,No,Yes,No,No,Yes,Yes,Month-to-month,Yes,Electronic check,78.48,5147.88,No
5511-PEBWZ,Female,0,Yes,Yes,62,Yes,No,DSL,Yes,No,No,No,No,Yes,Month-to-month,Yes,Mailed check,62.92,3859.94,No
5512-ZGJEO,Male,0,Yes,No,71,No,No phone service,DSL,Yes,No,No,No,No,No,Month-to-month,Yes,Mailed check,44.28,3183.98,No
5513-LJVQT,Female,0,Yes,No,21,No,No phone service,Fiber optic,Yes,Yes,No,No,No,No,One year,No,Credit card (automatic),68.42,1435.94,No
5514-TKHOB,Male,0,No,No,55,Yes,Yes,No,No internet service,No internet service,No internet service,No internet service,No internet service,No internet service,Month-to-month,No,Electronic check,22.48,1247.64,No
5515-QWFUM,Female,0,No,Yes,51,Yes,Yes,Fiber optic,Yes,No,Yes,No,No,No,Two year,Yes,Electronic check,58.43,3095.6,No
5516-HKOMR,Male,0,Yes,Yes,26,No,No phone service,No,No internet service,No internet service,No internet service,No internet service,No internet service,No internet service,Two year,No,Mailed check,19.07,447.03,No
5517-RYQVM,Female,0,No,No,63,Yes,Yes,DSL,Yes,Yes,No,Yes,No,No,Two year,No,Mailed check,43.89,2785.51,No
5518-CUXGL,Male,0,No,Yes,44,Yes,No,Fiber optic,Yes,Yes,No,No,No,No,Two year,Yes,Bank transfer (automatic),66.18,2920.87,Yes
5519-DXZKN,Male,0,No,No,66,No,No phone service,DSL,No,No,No,No,No,No,Month-to-month,Yes,Mailed check,39.67,2679.48,No
5520-RGEPK,Male,0,No,No,25,Yes,No,Fiber optic,Yes,No,No,Yes,No,No,Two year,No,Bank transfer (automatic),67.44,1582.02,No
5521-VCPKJ,Male,0,No,Yes,12,Yes,No,DSL,No,Yes,No,No,No,No,Two year,No,Bank transfer (automatic),42.43,487.44,No
5522-WWBPQ,Female,0,Yes,Yes,29,Yes,Yes,Fiber optic,Yes,Yes,Yes,No,No,No,One year,Yes,Bank transfer (automatic),68.5,2015.8,No
5523-JRLHZ,Female,0,No,No,29,Yes,Yes,Fiber optic,No,No,No,Yes,No,No,Two year,Yes,Credit card (automatic),63.67,1848.61,No
5524-CTXCF,Male,0,No,No,43,Yes,Yes,Fiber optic,Yes,No,No,Yes,No,Yes,One year,No,Electronic check,73.61,3172.02,No
5525-BCQID,Male,0,Yes,Yes,47,Yes,No,DSL,Yes,Yes,No,Yes,No,No,Two year,No,Bank transfer (automatic),46.33,2143.34,No
5526-VWBXI,Female,0,No,No,8,Yes,No,DSL,No,No,Yes,Yes,No,Yes,One year,No,Electronic check,52.14,446.95,Yes
5527-NZKBU,Male,0,Yes,No,47,Yes,Yes,DSL,No,No,Yes,No,No,No,Month-to-month,Yes,Bank transfer (automatic),40.11,1944.81,No
5528-BEGVD,Male,0,No,No,55,Yes,Yes,Fiber optic,No,Yes,Yes,No,No,No,Month-to-month,Yes,Electronic check,64.48,3630.22,Yes
5529-NBWLJ,Male,0,No,No,67,Yes,No,DSL,Yes,Yes,No,No,No,Yes,Two year,No,Electronic check,65.79,4413.88,No
5530-YASWP,Female,1,No,Yes,5,No,No phone service,DSL,No,No,No,No,No,No,Month-to-month,No,Mailed check,37.8,187.57,Yes
5531-ONIUW,Male,0,No,Yes,64,Yes,Yes,Fiber optic,No,No,No,No,No,No,One year,No,Bank transfer (automatic),63.37,4069.26,No
5532-OZGDU,Female,1,No,No,66,Yes,Yes,DSL,Yes,No,No,No,No,No,Month-to-month,Yes,Credit card (automatic),33.87,2194.89,No
5533-RHLOO,Female,0,No,No,20,Yes,No,Fiber optic,No,Yes,Yes,No,Yes,Yes,One year,Yes,Electronic check,83.5,1655.23,Yes
5534-QBLCG,Female,0,No,No,29,No,No phone service,DSL,Yes,No,No,No,No,No,Month-to-month,No,Mailed check,45.28,1269.5,Yes
5535-FNWED,Male,1,No,No,56,Yes,No,No,No internet service,No internet service,No internet service,No internet service,No internet service,No internet service,Month-to-month,Yes,Mailed check,19.24,1097.73,Yes
5536-OGCMJ,Male,0,No,No,54,Yes,Yes,Fiber optic,Yes,Yes,No,No,Yes,Yes,One year,No,Bank transfer (automatic),86.34,4627.77,No
5537-WBLXV,Male,0,No,No,1,Yes,No,Fiber optic,No,No,No,Yes,No,No,One year,No,Electronic check,52.36,56.53,No
5538-LSSUC,Female,0,Yes,No,47,Yes,Yes,No,No internet service,No internet service,No internet service,No internet service,No internet service,No internet service,One year,Yes,Credit card (automatic),18.25,862.16,No
5539-FBXMI,Male,0,No,No,21,Yes,No,No,No internet service,No internet service,No internet service,No internet service,No internet service,No internet service,Month-to-month,No,Credit card (automatic),18.25,374.21,No
5540-MWNSK,Male,0,Yes,Yes,12,Yes,Yes,Fiber optic,No,No,No,Yes,No,No,Two year,No,Credit card (automatic),60.98,810.0,No
5541-NPJTP,Female,0,No,No,42,Yes,Yes,DSL,No,No,No,No,No,No,One year,No,Bank transfer (automatic),45.0,1933.52,No
5542-ZBYPN,Female,0,Yes,Yes,48,Yes,No,DSL,No,No,No,No,No,Yes,One year,No,Bank transfer (automatic),44.53,2167.1,No
5543-URZFG,Female,0,No,No,36,Yes,No,DSL,No,Yes,Yes,No,No,No,Two year,Yes,Bank transfer (automatic),46.58,1721.91,No
5544-MBOQM,Male,0,Yes,No,34,No,No phone service,Fiber optic,No,Yes,Yes,No,No,No,One year,Yes,Mailed check,62.05,2083.07,No
5545-GACTR,Male,0,Yes,No,18,No,No phone service,Fiber optic,No,Yes,Yes,Yes,No,Yes,Two year,Yes,Electronic check,78.41,1373.63,No
5546-GUQLP,Male,1,No,No,27,No,No phone service,No,No internet service,No internet service,No internet service,No internet service,No internet service,No internet service,Month-to-month,Yes,Credit card (automatic),24.97,703.75,No
5547-XJWPT,Female,0,Yes,Yes,56,Yes,No,Fiber optic,Yes,Yes,No,Yes,Yes,No,Month-to-month,No,Bank transfer (automatic),83.33,4622.25,No
5548-ROWKR,Male,0,Yes,No,60,Yes,Yes,Fiber optic,No,Yes,No,No,No,No,One year,No,Electronic check,67.63,4025.36,Yes
5549-FAWGL,Female,0,Yes,Yes,42,Yes,No,DSL,No,No,No,No,No,Yes,One year,No,Mailed check,38.9,1626.51,No
5550-TDJUB,Male,0,No,Yes,59,Yes,No,Fiber optic,No,Yes,No,Yes,Yes,No,Month-to-month,No,Mailed check,72.5,4132.49,Yes
5551-IJTKY,Male,0,Yes,No,9,Yes,No,Fiber optic,No,No,No,No,Yes,Yes,Month-to-month,Yes,Electronic check,84.48,722.82,No
5552-NCYAG,Male,1,No,Yes,66,Yes,Yes,Fiber optic,No,Yes,No,No,No,Yes,Month-to-month,No,Mailed check,84.03,5587.76,No
5553-DGPJO,Male,0,No,Yes,23,Yes,Yes,No,No internet service,No internet service,No internet service,No internet service,No internet service,No internet service,Month-to-month,Yes,Electronic check,24.39,567.29,Yes
5554-PFDDX,Male,0,Yes,Yes,43,No,No phone service,DSL,No,No,No,No,No,No,Two year,Yes,Electronic check,42.91,1875.03,No
5555-WDVVQ,Female,1,Yes,No,29,Yes,Yes,Fiber optic,No,No,No,No,Yes,No,Month-to-month,Yes,Electronic check,70.46,2078.96,No
5556-MBTFV,Female,1,No,No,44,Yes,No,DSL,Yes,Yes,Yes,No,No,No,Month-to-month,No,Electronic check,47.75,2056.26,No
5557-AHRUD,Male,0,No,Yes,59,Yes,No,Fiber optic,Yes,No,Yes,No,Yes,No,One year,No,Electronic check,82.58,4770.38,No
5558-EEOJH,Male,0,Yes,No,52,Yes,No,DSL,No,Yes,No,No,Yes,Yes,Month-to-month,Yes,Credit card (automatic),67.63,3521.02,Yes
5559-ZGLYK,Female,0,Yes,No,24,Yes,Yes,Fiber optic,Yes,Yes,No,No,Yes,No,Month-to-month,No,Credit card (automatic),78.99,1882.62,No
5560-MOQVV,Male,0,Yes,No,3,Yes,No,No,No internet service,No internet service,No internet service,No internet service,No internet service,No internet service,Month-to-month,No,Mailed check,21.5,32.53,No
5561-RHFKZ,Female,0,No,No,30,Yes,No,DSL,Yes,No,No,No,No,No,Two year,Yes,Bank transfer (automatic),46.34,1361.02,Yes
5562-IZEGV,Male,0,No,No,18,Yes,Yes,DSL,No,Yes,No,No,No,Yes,Month-to-month,Yes,Credit card (automatic),57.09,1081.65,Yes
5563-OUVDS,Male,0,Yes,No,1,No,No phone service,Fiber optic,No,Yes,No,No,No,No,Two year,No,Bank transfer (automatic),68.77,26.13,No
5564-MAAVN,Female,0,Yes,No,3,Yes,No,No,No internet service,No internet service,No internet service,No internet service,No internet service,No internet service,Two year,No,Mailed check,18.25,79.15,No
5565-IXLRI,Female,0,Yes,Yes,37,Yes,Yes,DSL,Yes,Yes,Yes,No,No,No,Two year,No,Mailed check,44.04,1665.48,No
5566-HNITY,Male,1,No,Yes,32,No,No phone service,No,No internet service,No internet service,No internet service,No internet service,No internet service,No internet service,Month-to-month,Yes,Bank transfer (automatic),25.98,884.28,Yes
5567-BAMYJ,Female,0,No,No,17,Yes,No,DSL,Yes,No,No,No,Yes,Yes,Two year,No,Electronic check,61.29,976.22,Yes
5568-HGXLQ,Female,0,No,No,31,Yes,Yes,Fiber optic,No,Yes,No,No,Yes,No,Month-to-month,Yes,Bank transfer (automatic),73.9,2278.75,Yes
5569-YLPJY,Male,0,Yes,No,32,Yes,Yes,Fiber optic,No,Yes,Yes,No,No,No,Two year,No,Electronic check,67.04,2269.88,Yes
5570-LKYNV,Male,1,No,No,33,Yes,Yes,Fiber optic,Yes,Yes,Yes,No,No,No,Month-to-month,Yes,Mailed check,70.11,2446.73,Yes
5571-TMBTG,Male,1,Yes,No,50,Yes,No,No,No internet service,No internet service,No internet service,No internet service,No internet service,No internet service,Month-to-month,No,Electronic check,20.73,1136.05,Yes
5572-AYCTL,Male,0,No,No,62,Yes,No,DSL,No,No,No,No,No,No,One year,No,Bank transfer (automatic),37.07,2333.78,No
5573-ELCTE,Female,0,Yes,Yes,46,Yes,No,Fiber optic,Yes,Yes,No,No,No,Yes,Two year,No,Credit card (automatic),88.4,4081.52,No
5574-APIJJ,Male,1,No,No,65,Yes,No,DSL,No,No,Yes,No,No,Yes,Month-to-month,Yes,Bank transfer (automatic),53.52,3440.55,Yes
5575-MPTYD,Male,1,Yes,No,12,Yes,No,No,No internet service,No internet service,No internet service,No internet service,No internet service,No internet service,Month-to-month,Yes,Bank transfer (automatic),20.21,158.43,No
5576-NQEMY,Female,0,No,No,51,Yes,No,DSL,No,Yes,Yes,No,No,No,One year,No,Electronic check,57.26,2967.0,No
5577-CEPSS,Female,0,Yes,No,51,Yes,Yes,Fiber optic,No,No,No,No,No,Yes,One year,Yes,Mailed check,66.9,3390.79,No
5578-QRRYW,Male,0,Yes,Yes,42,Yes,No,DSL,No,Yes,No,No,No,No,Month-to-month,No,Bank transfer (automatic),47.54,1924.86,No
5579-HRISJ,Male,0,Yes,No,60,Yes,Yes,No,No internet service,No internet service,No internet service,No internet service,No internet service,No internet service,Month-to-month,Yes,Credit card (automatic),20.95,1280.89,No
5580-BQYXM,Female,1,No,Yes,2,Yes,No,DSL,Yes,No,No,No,No,No,Month-to-month,Yes,Credit card (automatic),46.9,241.26,No
5581-KPTGC,Male,0,Yes,No,67,Yes,No,DSL,No,Yes,Yes,Yes,No,No,Month-to-month,No,Bank transfer (automatic),46.49,3138.29,No
5582-PSTPB,Female,0,Yes,No,58,Yes,Yes,Fiber optic,No,No,Yes,Yes,No,No,Month-to-month,Yes,Bank transfer (automatic),73.83,4260.14,Yes
5583-NZTJS,Female,0,Yes,No,53,Yes,No,No,No internet service,No internet service,No internet service,No internet service,No internet service,No internet service,Month-to-month,Yes,Credit card (automatic),21.94,1196.08,No
5584-XKRKI,Female,0,Yes,No,68,Yes,Yes,No,No internet service,No internet service,No internet service,No internet service,No internet service,No internet service,One year,No,Electronic check,22.33,1484.64,No
5585-STJZC,Male,0,Yes,No,1,Yes,No,DSL,Yes,No,No,No,Yes,No,Month-to-month,Yes,Credit card (automatic),50.7,28.82,No
5586-CXHFT,Male,0,Yes,No,67,Yes,No,DSL,No,Yes,No,Yes,No,No,Month-to-month,Yes,Bank transfer (automatic),42.89,2896.59,No
5587-ATXFB,Female,0,Yes,Yes,43,Yes,No,No,No internet service,No internet service,No internet service,No internet service,No internet service,No internet service,One year,Yes,Electronic check,22.5,887.98,No
5588-SGKKD,Male,1,Yes,No,37,Yes,No,DSL,No,No,No,No,No,No,One year,Yes,Credit card (automatic),38.55,1440.48,No
5589-TPEXG,Female,0,No,No,59,Yes,Yes,Fiber optic,No,No,No,No,No,No,Month-to-month,Yes,Credit card (automatic),63.31,3727.43,Yes
5590-YPOEA,Male,0,Yes,No,26,Yes,No,Fiber optic,No,Yes,Yes,Yes,No,Yes,One year,Yes,Credit card (automatic),74.11,1922.25,No
5591-TVVIZ,Male,0,No,Yes,14,Yes,No,Fiber optic,No,Yes,No,Yes,No,No,Month-to-month,Yes,Credit card (automatic),61.76,836.4,Yes
5592-UEVFC,Female,0,Yes,No,38,No,No phone service,Fiber optic,Yes,No,Yes,No,No,Yes,Month-to-month,No,Electronic check,66.64,2609.32,No
5593-FHFPP,Male,0,No,No,37,Yes,No,Fiber optic,Yes,Yes,No,No,No,No,Month-to-month,Yes,Mailed check,76.52,2778.56,Yes
5594-UCQUF,Male,0,Yes,No,53,Yes,Yes,Fiber optic,Yes,Yes,No,No,No,No,Month-to-month,No,Credit card (automatic),68.45,3607.36,Yes
5595-FVSTO,Male,0,No,Yes,62,No,No phone service,Fiber optic,No,Yes,No,No,No,Yes,Two year,Yes,Bank transfer (automatic),73.89,4599.17,No
5596-SBHGH,Female,0,No,Yes,57,Yes,Yes,Fiber optic,No,Yes,No,No,Yes,No,Month-to-month,Yes,Credit card (automatic),79.3,4595.5,No
5597-MVOLO,Male,0,Yes,No,61,Yes,No,Fiber optic,Yes,No,No,Yes,No,Yes,Two year,Yes,Electronic check,72.02,4330.81,No
5598-NGQZE,Female,0,Yes,No,17,Yes,Yes,Fiber optic,Yes,No,No,No,Yes,Yes,One year,No,Credit card (automatic),93.28,1609.43,No
5599-TJSRY,Male,0,Yes,No,28,Yes,No,Fiber optic,No,No,No,Yes,Yes,No,Month-to-month,No,Electronic check,72.18,2008.34,No
5600-XJBFC,Male,0,Yes,Yes,70,Yes,No,No,No internet service,No internet service,No internet service,No internet service,No internet service,No internet service,One year,No,Mailed check,26.01,1931.95,No
5601-SEGGJ,Male,0,Yes,Yes,56,Yes,Yes,No,No internet service,No internet service,No internet service,No internet service,No internet service,No internet service,Month-to-month,Yes,Electronic check,24.62,1411.57,Yes
5602-AKWGF,Female,0,No,No,23,Yes,Yes,DSL,Yes,No,Yes,No,No,Yes,Month-to-month,Yes,Mailed check,58.95,1344.51,No
5603-FMPMB,Female,0,Yes,Yes,37,No,No phone service,Fiber optic,No,No,No,No,No,No,Two year,No,Electronic check,57.64,2067.47,No
5604-SSSRY,Female,0,Yes,No,5,Yes,No,No,No internet service,No internet service,No internet service,No internet service,No internet service,No internet service,Month-to-month,Yes,Mailed check,18.25,91.29,No
5605-FBSZF,Male,0,No,No,19,Yes,Yes,Fiber optic,No,No,No,No,Yes,No,Month-to-month,Yes,Bank transfer (automatic),74.86,1416.73,No
5606-TWVOF,Male,0,No,No,41,Yes,No,Fiber optic,No,No,Yes,Yes,No,Yes,Month-to-month,Yes,Electronic check,62.26,2429.93,Yes
5607-CKHYV,Male,0,Yes,No,21,Yes,No,DSL,No,No,No,No,No,No,One year,Yes,Electronic check,33.58,700.25,Yes
5608-RQSSX,Female,0,No,Yes,32,No,No phone service,DSL,No,No,No,No,No,Yes,Month-to-month,Yes,Electronic check,48.78,1635.17,Yes
5609-UQDGE,Male,0,No,No,45,Yes,No,Fiber optic,No,No,No,No,Yes,No,Two year,Yes,Electronic check,68.65,3117.26,Yes
5610-ZPFNZ,Male,0,Yes,No,53,Yes,Yes,No,No internet service,No internet service,No internet service,No internet service,No internet service,No internet service,One year,No,Bank transfer (automatic),18.25,965.11,No
5611-TBYRR,Female,0,Yes,No,41,Yes,No,DSL,No,No,Yes,No,Yes,No,Month-to-month,No,Electronic check,49.08,2008.07,No
5612-MRQML,Male,0,Yes,No,50,Yes,No,DSL,No,Yes,No,Yes,Yes,No,Month-to-month,Yes,Bank transfer (automatic),54.46,2699.88,No
5613-CVGAE,Female,0,Yes,Yes,67,Yes,Yes,DSL,No,Yes,No,No,Yes,Yes,Month-to-month,No,Electronic check,63.14,4196.32,No
5614-UADZA,Male,0,Yes,No,55,Yes,No,DSL,No,No,No,No,Yes,No,Month-to-month,Yes,Credit card (automatic),50.89,2819.37,Yes
5615-MNOQL,Male,1,Yes,Yes,41,Yes,No,Fiber optic,No,No,Yes,Yes,Yes,No,Month-to-month,No,Credit card (automatic),58.32,2368.15,Yes
5616-GWSWC,Male,0,No,No,12,Yes,No,DSL,Yes,No,No,Yes,No,No,One year,No,Bank transfer (automatic),49.41,602.72,No
5617-RZDZC,Male,0,No,No,53,Yes,No,No,No internet service,No internet service,No internet service,No internet service,No internet service,No internet service,Month-to-month,No,Bank transfer (automatic),28.87,1565.93,Yes
5618-LWLQF,Male,1,No,No,11,Yes,No,Fiber optic,No,No,No,Yes,No,No,Two year,Yes,Bank transfer (automatic),59.09,568.61,No
5619-OBHNE,Female,0,No,Yes,34,Yes,No,Fiber optic,Yes,No,No,No,No,No,Month-to-month,No,Bank transfer (automatic),65.39,2150.45,No
5620-CJGKO,Male,0,No,Yes,8,Yes,No,Fiber optic,No,No,Yes,Yes,No,No,Two year,Yes,Electronic check,58.48,430.87,No
5621-BEKHM,Male,0,No,No,12,Yes,No,No,No internet service,No internet service,No internet service,No internet service,No internet service,No internet service,Month-to-month,No,Credit card (automatic),22.55,248.93,No
5622-KQOAS,Female,0,No,Yes,21,Yes,Yes,Fiber optic,No,Yes,No,No,No,No,One year,Yes,Credit card (automatic),69.18,1409.86,Yes
5623-PSMWV,Female,0,Yes,No,39,Yes,Yes,Fiber optic,No,No,Yes,No,No,No,Month-to-month,No,Bank transfer (automatic),54.31,2077.98,No
5624-WDKRR,Female,0,Yes,No,35,Yes,Yes,Fiber optic,Yes,No,Yes,No,No,No,Month-to-month,No,Electronic check,62.61,2149.12,No
5625-JQMYN,Male,1,No,No,40,Yes,Yes,DSL,No,No,No,No,Yes,No,Month-to-month,No,Bank transfer (automatic),45.57,1786.02,No
5626-GJCBS,Female,0,Yes,Yes,6,Yes,No,DSL,No,No,No,Yes,Yes,No,Month-to-month,Yes,Credit card (automatic),56.91,373.02,No
5627-GECYB,Female,1,Yes,Yes,54,Yes,Yes,Fiber optic,No,No,No,No,Yes,No,Month-to-month,Yes,Mailed check,69.98,3751.55,No
5628-WZVFN,Female,0,Yes,No,12,Yes,Yes,Fiber optic,No,No,Yes,No,No,No,One year,No,Electronic check,58.49,747.35,No
5629-GVBKU,Female,0,No,No,19,Yes,Yes,DSL,No,Yes,No,No,No,No,One year,Yes,Credit card (automatic),48.25,973.25,No
5630-CIHZK,Male,1,Yes,No,57,Yes,No,Fiber optic,No,No,No,Yes,No,Yes,Two year,No,Electronic check,68.11,3909.16,No
5631-RAODD,Female,0,Yes,No,22,Yes,Yes,Fiber optic,No,Yes,No,No,No,No,Month-to-month,No,Credit card (automatic),61.79,1288.06,Yes
5632-JKRWO,Female,0,Yes,No,52,Yes,No,No,No internet service,No internet service,No internet service,No internet service,No internet service,No internet service,Month-to-month,No,Credit card (automatic),18.25,909.62,No
5633-CGGQV,Male,0,No,Yes,36,Yes,Yes,Fiber optic,No,No,Yes,Yes,No,No,Two year,No,Electronic check,66.36,2422.81,No
5634-TXPPH,Male,0,Yes,No,19,Yes,No,Fiber optic,Yes,Yes,No,No,Yes,Yes,Two year,Yes,Electronic check,92.0,1829.47,No
5635-CTOAJ,Female,1,Yes,No,18,Yes,Yes,DSL,No,No,Yes,Yes,Yes,No,One year,Yes,Credit card (automatic),47.68,765.98,No
5636-BGNPO,Male,0,No,No,17,Yes,Yes,DSL,No,No,Yes,No,No,No,Month-to-month,Yes,Electronic check,51.42,916.44,Yes
5637-GMYJI,Female,0,No,No,67,Yes,Yes,Fiber optic,No,No,No,Yes,Yes,No,Two year,Yes,Mailed check,72.93,4840.41,No
5638-IFXYL,Male,0,No,Yes,60,Yes,No,Fiber optic,No,No,No,No,Yes,No,Month-to-month,No,Bank transfer (automatic),66.36,3895.58,No
5639-WTTVN,Male,0,No,No,71,Yes,No,No,No internet service,No internet service,No internet service,No internet service,No internet service,No internet service,Month-to-month,Yes,Bank transfer (automatic),29.56,2134.15,No
5640-TGHHH,Female,0,Yes,Yes,45,Yes,No,Fiber optic,Yes,No,No,No,No,No,Month-to-month,No,Mailed check,64.21,2821.08,Yes
5641-BNJRR,Male,0,No,No,47,Yes,No,No,No internet service,No internet service,No internet service,No internet service,No internet service,No internet service,Month-to-month,Yes,Electronic check,18.25,787.87,No
5642-RPTET,Male,0,Yes,Yes,19,Yes,Yes,DSL,No,No,Yes,No,No,No,Month-to-month,No,Electronic check,39.79,879.45,Yes
5643-ETWJQ,Female,0,No,No,71,Yes,No,Fiber optic,Yes,Yes,No,Yes,No,No,Month-to-month,No,Mailed check,72.16,5039.04,No
5644-MQRMQ,Female,0,Yes,No,68,Yes,Yes,DSL,No,No,No,Yes,Yes,No,Month-to-month,Yes,Bank transfer (automatic),48.01,3204.81,No
5645-OZLJM,Male,0,Yes,No,33,Yes,Yes,No,No internet service,No internet service,No internet service,No internet service,No internet service,No internet service,Month-to-month,Yes,Bank transfer (automatic),29.04,954.65,Yes
5646-KCVJK,Male,0,Yes,Yes,6,Yes,No,Fiber optic,No,No,Yes,No,No,No,One year,Yes,Electronic check,58.77,316.54,Yes
5647-FAFEG,Female,0,Yes,No,49,Yes,Yes,DSL,No,No,No,No,No,No,Month-to-month,Yes,Electronic check,38.09,1881.47,Yes
5648-VLLGB,Male,1,Yes,No,52,Yes,No,DSL,No,No,Yes,No,Yes,No,One year,Yes,Electronic check,44.51,2338.02,No
5649-AWYRL,Female,0,No,No,72,Yes,Yes,DSL,Yes,Yes,No,Yes,No,Yes,Two year,No,Bank transfer (automatic),60.6,4312.75,No
5650-GSVCJ,Male,0,No,No,10,Yes,Yes,No,No internet service,No internet service,No internet service,No internet service,No internet service,No internet service,One year,Yes,Electronic check,18.25,288.76,No
5651-KEBHN,Male,0,Yes,No,7,Yes,No,DSL,Yes,No,No,No,Yes,No,Month-to-month,No,Electronic check,49.9,270.9,Yes
5652-HWFAX,Female,0,Yes,No,31,Yes,Yes,Fiber optic,Yes,No,No,Yes,No,Yes,Month-to-month,Yes,Mailed check,76.76,2364.53,No
5653-AHKRX,Female,0,No,Yes,62,Yes,No,DSL,Yes,No,No,Yes,Yes,Yes,Month-to-month,Yes,Mailed check,65.78,4070.6,No
5654-JLTWP,Male,0,No,No,54,Yes,No,Fiber optic,Yes,No,No,No,No,No,Month-to-month,No,Mailed check,66.4,3587.2,Yes
5655-EPXLF,Male,0,Yes,Yes,58,Yes,Yes,No,No internet service,No internet service,No internet service,No internet service,No internet service,No internet service,Two year,No,Credit card (automatic),19.56,1170.18,No
5656-EASJY,Male,0,No,No,62,Yes,No,DSL,No,Yes,No,No,Yes,No,Two year,Yes,Mailed check,51.44,3226.12,Yes
5657-NYUCF,Male,1,No,No,16,No,No phone service,DSL,No,No,No,Yes,Yes,No,Month-to-month,No,Electronic check,34.53,549.03,No
5658-EQRLE,Female,0,Yes,Yes,25,Yes,No,Fiber optic,No,No,No,Yes,No,Yes,One year,No,Electronic check,70.23,1809.65,Yes
5659-ILTIC,Male,1,Yes,No,50,Yes,Yes,DSL,Yes,No,Yes,No,Yes,No,Two year,Yes,Mailed check,45.65,2211.77,No
5660-AVOJN,Male,0,Yes,No,32,Yes,No,Fiber optic,No,No,No,No,No,No,Two year,No,Bank transfer (automatic),53.89,1734.27,No
5661-GDZET,Female,0,No,No,25,Yes,No,Fiber optic,No,No,No,No,No,Yes,Two year,No,Bank transfer (automatic),71.76,1839.51,No
5662-PCQMF,Female,0,Yes,Yes,21,Yes,Yes,Fiber optic,No,No,No,Yes,No,Yes,Month-to-month,Yes,Electronic check,72.16,1515.09,Yes
5663-ZEPKQ,Female,0,Yes,Yes,66,Yes,No,Fiber optic,Yes,Yes,Yes,No,No,Yes,Two year,Yes,Electronic check,82.78,5448.9,No
5664-EFJUA,Male,0,No,No,62,Yes,No,DSL,No,Yes,No,Yes,No,No,One year,No,Credit card (automatic),41.93,2594.28,No
5665-UJQCB,Female,1,Yes,No,16,Yes,No,Fiber optic,No,No,Yes,No,No,Yes,One year,Yes,Mailed check,68.5,1106.11,No
5666-QDBEJ,Female,0,No,No,40,Yes,No,Fiber optic,No,Yes,Yes,No,No,No,Two year,Yes,Electronic check,65.59,2633.79,No
5667-AZAZD,Male,0,Yes,No,38,Yes,No,DSL,Yes,No,Yes,No,Yes,No,Month-to-month,Yes,Bank transfer (automatic),55.45,2145.38,No
5668-GNNRB,Female,0,No,No,32,Yes,Yes,DSL,Yes,No,No,No,No,Yes,Month-to-month,Yes,Bank transfer (automatic),55.03,1797.52,Yes
5669-AUVPV,Female,0,No,No,31,Yes,No,Fiber optic,No,No,No,Yes,No,No,Month-to-month,Yes,Bank transfer (automatic),54.92,1690.75,No
5670-RPWVX,Male,0,No,No,20,Yes,No,Fiber optic,No,Yes,No,No,No,No,Month-to-month,No,Electronic check,62.05,1252.08,Yes
5671-FYJBG,Female,0,Yes,No,52,Yes,No,Fiber optic,Yes,Yes,No,Yes,Yes,No,Month-to-month,Yes,Credit card (automatic),81.83,4236.0,No
5672-UQCTL,Male,0,Yes,No,63,Yes,No,Fiber optic,No,No,No,No,No,No,One year,Yes,Electronic check,63.26,3899.2,No
5673-BGQSL,Female,0,No,Yes,65,Yes,No,DSL,Yes,No,Yes,Yes,No,No,Month-to-month,No,Electronic check,46.17,3067.43,No
5674-INBUD,Female,1,Yes,No,48,Yes,No,Fiber optic,No,Yes,Yes,Yes,No,No,Month-to-month,Yes,Mailed check,66.19,3256.02,No
5675-SUPVQ,Female,0,No,No,70,Yes,No,No,No internet service,No internet service,No internet service,No internet service,No internet service,No internet service,One year,Yes,Credit card (automatic),30.19,2124.13,No
5676-BQSHX,Male,0,No,No,30,Yes,No,DSL,Yes,Yes,No,Yes,No,Yes,One year,Yes,Credit card (automatic),66.91,1990.2,No
5677-TFLYW,Female,0,No,No,40,Yes,Yes,Fiber optic,No,No,Yes,Yes,Yes,No,Two year,Yes,Credit card (automatic),67.76,2682.59,No
5678-RBSXJ,Female,0,Yes,No,71,Yes,No,DSL,Yes,Yes,Yes,No,No,Yes,One year,Yes,Bank transfer (automatic),69.67,5018.31,No
5679-YCYLZ,Female,0,No,No,70,Yes,No,Fiber optic,Yes,Yes,No,No,Yes,No,Month-to-month,Yes,Bank transfer (automatic),84.31,5864.96,Yes
5680-PLHEK,Female,0,No,No,35,Yes,Yes,Fiber optic,Yes,Yes,Yes,No,No,No,Two year,No,Bank transfer (automatic),78.4,2705.05,No
5681-JCWIL,Male,1,No,No,38,Yes,Yes,DSL,Yes,No,No,No,Yes,Yes,Month-to-month,No,Electronic check,68.42,2489.57,Yes
5682-FSPUW,Female,0,No,No,40,Yes,No,DSL,No,Yes,No,No,Yes,No,Two year,No,Electronic check,51.52,2092.17,No
5683-XNDRJ,Female,0,Yes,No,40,Yes,No,Fiber optic,No,No,No,No,Yes,No,Month-to-month,Yes,Credit card (automatic),73.13,3001.64,Yes
5684-RLSHA,Female,1,No,Yes,4,Yes,Yes,Fiber optic,No,No,Yes,Yes,No,No,Month-to-month,Yes,Credit card (automatic),57.89,256.69,Yes
5685-NWFNB,Female,0,No,No,5,Yes,No,Fiber optic,Yes,No,Yes,No,No,No,Month-to-month,No,Mailed check,69.13,319.07,No
5686-ILEBS,Male,0,Yes,Yes,61,Yes,Yes,Fiber optic,No,Yes,Yes,No,No,No,Month-to-month,Yes,Bank transfer (automatic),57.6,3420.37,Yes
5687-GGJQZ,Male,0,Yes,No,15,Yes,No,DSL,No,No,Yes,No,Yes,Yes,One year,Yes,Mailed check,61.88,951.79,No
5688-NKTFH,Male,0,Yes,Yes,18,Yes,No,DSL,Yes,Yes,Yes,Yes,No,No,Month-to-month,No,Electronic check,51.96,951.44,No
5689-SSXXX,Female,0,No,Yes,36,Yes,No,DSL,No,No,No,No,No,No,Month-to-month,Yes,Electronic check,45.64,1611.28,No
5690-QXXRL,Male,0,No,No,63,Yes,No,Fiber optic,Yes,No,Yes,No,No,Yes,Month-to-month,No,Mailed check,79.81,5021.0,No
5691-IWXPR,Male,0,Yes,No,58,No,No phone service,Fiber optic,Yes,No,No,No,No,Yes,Month-to-month,Yes,Bank transfer (automatic),72.97,4264.73,No
5692-PPDWV,Male,0,No,Yes,68,Yes,Yes,Fiber optic,No,No,No,Yes,Yes,Yes,Two year,No,Credit card (automatic),77.28,5293.03,Yes
5693-GAXWT,Female,0,No,Yes,72,Yes,No,Fiber optic,Yes,Yes,No,Yes,No,No,Month-to-month,Yes,Bank transfer (automatic),66.78,4838.77,No
5694-AHZWH,Female,0,No,No,6,Yes,No,Fiber optic,Yes,No,No,No,Yes,Yes,One year,Yes,Bank transfer (automatic),83.72,568.89,Yes
5695-JAUYU,Male,0,No,Yes,41,Yes,Yes,DSL,No,No,Yes,Yes,No,No,Two year,Yes,Credit card (automatic),38.97,1610.43,No
5696-NNJSY,Female,0,Yes,No,24,Yes,No,Fiber optic,Yes,No,No,No,Yes,No,Month-to-month,Yes,Electronic check,79.84,1949.47,Yes
5697-PITPT,Female,1,No,No,55,Yes,No,No,No internet service,No internet service,No internet service,No internet service,No internet service,No internet service,Two year,Yes,Mailed check,18.25,985.1,No
5698-HGKUF,Female,0,Yes,No,46,Yes,Yes,Fiber optic,No,Yes,No,Yes,Yes,No,Month-to-month,Yes,Credit card (automatic),67.62,3061.35,No
5699-OSNOF,Male,0,No,Yes,49,Yes,Yes,Fiber optic,Yes,No,Yes,No,Yes,No,One year,Yes,Mailed check,67.96,3355.5,No
5700-XJNPM,Female,1,No,Yes,32,Yes,Yes,DSL,No,Yes,No,Yes,No,Yes,Month-to-month,No,Electronic check,54.38,1762.03,Yes
5701-KYCHC,Female,0,Yes,No,25,Yes,Yes,Fiber optic,No,No,No,No,Yes,No,One year,No,Mailed check,72.93,1797.34,Yes
5702-BUNTU,Male,1,Yes,No,16,No,No phone service,Fiber optic,Yes,No,No,No,No,No,Month-to-month,No,Bank transfer (automatic),66.77,1117.27,No
5703-VOCAO,Female,0,Yes,Yes,20,Yes,Yes,Fiber optic,Yes,No,Yes,No,No,Yes,Two year,Yes,Bank transfer (automatic),70.17,1391.45,No
5704-TVBRA,Female,1,Yes,Yes,1,Yes,No,DSL,No,Yes,Yes,Yes,No,Yes,Month-to-month,No,Electronic check,59.72,18.8,Yes
5705-ICBDP,Male,0,No,No,43,Yes,No,DSL,No,Yes,No,No,Yes,No,Two year,Yes,Electronic check,60.65,2615.1,No
5706-VAIYH,Male,0,No,Yes,65,Yes,No,Fiber optic,No,Yes,Yes,No,No,Yes,One year,Yes,Credit card (automatic),78.79,5053.2,No
5707-FTRPH,Female,1,Yes,Yes,70,Yes,Yes,No,No internet service,No internet service,No internet service,No internet service,No internet service,No internet service,Two year,Yes,Electronic check,18.25,1119.84,No
5708-WDCOF,Female,0,Yes,No,35,Yes,Yes,No,No internet service,No internet service,No internet service,No internet service,No internet service,No internet service,Two year,No,Credit card (automatic),19.95,686.01,No
5709-ARWKC,Female,0,Yes,No,45,Yes,No,Fiber optic,Yes,Yes,No,Yes,Yes,Yes,Month-to-month,Yes,Mailed check,95.05,4309.17,Yes
5710-MQRZZ,Male,0,Yes,No,49,No,No phone service,Fiber optic,No,No,No,Yes,No,Yes,One year,No,Credit card (automatic),69.81,3399.67,No
5711-NYGGN,Male,0,Yes,No,66,Yes,No,DSL,No,Yes,No,No,Yes,No,One year,No,Electronic check,55.7,3682.43,No
5712-ZXOLL,Female,0,Yes,No,2,Yes,No,DSL,No,Yes,No,Yes,No,Yes,Month-to-month,Yes,Bank transfer (automatic),56.93,96.66,No
5713-HPIBN,Female,0,Yes,Yes,32,Yes,No,DSL,Yes,No,Yes,No,Yes,Yes,One year,Yes,Credit card (automatic),64.08,2034.57,No
5714-XXPEE,Female,1,Yes,No,44,Yes,Yes,Fiber optic,Yes,Yes,No,No,No,Yes,Two year,Yes,Mailed check,77.56,3329.06,Yes
5715-TURRE,Female,0,Yes,No,24,Yes,Yes,DSL,No,Yes,No,Yes,Yes,No,Two year,No,Electronic check,57.11,1251.6,No
5716-KMCQY,Male,0,No,No,36,Yes,Yes,Fiber optic,No,No,No,No,No,Yes,Month-to-month,Yes,Electronic check,73.48,2652.42,No
5717-RNLNZ,Female,0,Yes,No,35,Yes,Yes,Fiber optic,Yes,No,No,No,No,No,Two year,No,Electronic check,58.76,2027.28,Yes
5718-RTBGO,Male,0,Yes,Yes,34,No,No phone service,No,No internet service,No internet service,No internet service,No internet service,No internet service,No internet service,Month-to-month,Yes,Electronic check,19.84,605.56,No
5719-JOQKB,Male,0,No,No,18,Yes,Yes,No,No internet service,No internet service,No internet service,No internet service,No internet service,No internet service,Month-to-month,Yes,Credit card (automatic),18.25,314.68,No
5720-URYDI,Male,0,No,No,44,No,No phone service,No,No internet service,No internet service,No internet service,No internet service,No internet service,No internet service,Month-to-month,No,Bank transfer (automatic),19.82,803.97,No
5721-QQQPT,Female,0,Yes,Yes,17,Yes,Yes,Fiber optic,No,No,No,No,No,Yes,Month-to-month,Yes,Bank transfer (automatic),76.57,1296.23,No
5722-YHWOA,Male,1,Yes,No,26,Yes,No,No,No internet service,No internet service,No internet service,No internet service,No internet service,No internet service,Month-to-month,Yes,Bank transfer (automatic),22.71,455.21,No
5723-SYOIE,Male,0,No,No,30,Yes,Yes,Fiber optic,Yes,Yes,No,Yes,Yes,No,Month-to-month,Yes,Bank transfer (automatic),79.16,2435.47,No
5724-PMPVK,Female,0,No,No,38,Yes,No,DSL,Yes,No,No,No,No,Yes,Month-to-month,Yes,Electronic check,65.35,2532.34,Yes
5725-MFZTQ,Female,0,Yes,No,66,Yes,Yes,Fiber optic,Yes,Yes,No,Yes,Yes,Yes,Month-to-month,Yes,Bank transfer (automatic),81.58,5336.4,Yes
5726-EQAEE,Male,0,Yes,No,21,Yes,Yes,No,No internet service,No internet service,No internet service,No internet service,No internet service,No internet service,Month-to-month,No,Mailed check,18.25,404.03,No
5727-GPRFB,Female,0,No,No,51,Yes,No,Fiber optic,No,No,No,No,Yes,No,One year,No,Electronic check,70.78,3578.12,No
5728-MJUTK,Male,0,No,No,9,Yes,No,DSL,Yes,No,No,Yes,No,No,Month-to-month,No,Bank transfer (automatic),40.03,473.03,No
5729-ZUBHX,Female,0,Yes,No,7,No,No phone service,DSL,Yes,Yes,Yes,Yes,No,No,Month-to-month,Yes,Mailed check,42.83,223.67,Yes
5730-VSTQP,Male,0,Yes,Yes,33,Yes,Yes,DSL,No,No,No,Yes,Yes,No,Two year,Yes,Electronic check,55.09,1873.89,No
5731-YJENX,Male,0,Yes,No,52,Yes,No,DSL,Yes,No,No,No,No,No,Month-to-month,Yes,Bank transfer (automatic),53.0,2801.63,Yes
5732-SDTPX,Female,0,Yes,No,17,Yes,Yes,No,No internet service,No internet service,No internet service,No internet service,No internet service,No internet service,Month-to-month,Yes,Electronic check,18.25,251.85,Yes
5733-OICWI,Female,0,No,No,11,Yes,Yes,Fiber optic,No,Yes,Yes,No,No,No,Month-to-month,No,Mailed check,76.39,895.13,No
5734-RDSXD,Female,0,Yes,No,63,Yes,No,Fiber optic,No,No,Yes,No,Yes,No,One year,No,Electronic check,58.01,3631.72,Yes
5735-IAATS,Male,0,No,Yes,56,Yes,No,DSL,No,Yes,No,No,No,No,Month-to-month,No,Electronic check,45.58,2512.65,No
5736-CJLRN,Male,0,Yes,No,1,Yes,No,No,No internet service,No internet service,No internet service,No internet service,No internet service,No internet service,One year,No,Electronic check,18.25,31.24,No
5737-JJRXA,Female,0,Yes,No,16,Yes,Yes,No,No internet service,No internet service,No internet service,No internet service,No internet service,No internet service,One year,No,Electronic check,19.88,306.32,Yes
5738-OHZCR,Male,0,Yes,No,51,Yes,Yes,DSL,No,No,No,No,No,No,One year,Yes,Electronic check,40.35,2063.64,No
5739-IPUOE,Female,0,No,Yes,70,Yes,No,Fiber optic,Yes,No,Yes,No,No,No,Month-to-month,No,Bank transfer (automatic),64.51,4480.69,Yes
5740-MVTGP,Male,0,No,No,1,Yes,No,No,No internet service,No internet service,No internet service,No internet service,No internet service,No internet service,One year,No,Mailed check,18.25,18.8,No
5741-GYVPM,Male,0,No,Yes,26,Yes,Yes,Fiber optic,No,No,No,No,No,Yes,Two year,No,Credit card (automatic),70.64,1887.64,No
5742-QILMZ,Female,0,No,No,25,Yes,No,Fiber optic,Yes,No,No,No,Yes,No,Month-to-month,No,Credit card (automatic),75.02,1823.33,Yes
5743-IEGAD,Female,0,Yes,No,24,No,No phone service,Fiber optic,No,Yes,No,No,Yes,No,Month-to-month,Yes,Credit card (automatic),76.1,1843.24,Yes
5744-ZDPEV,Male,0,No,Yes,11,Yes,No,DSL,No,No,No,Yes,Yes,No,Two year,Yes,Electronic check,42.68,436.78,No
5745-DFZWC,Male,0,Yes,Yes,16,Yes,No,DSL,No,No,Yes,No,No,No,Two year,Yes,Mailed check,46.83,715.52,Yes
5746-YHQRR,Male,0,No,Yes,64,Yes,No,Fiber optic,No,No,No,No,No,No,Month-to-month,Yes,Electronic check,56.49,3736.2,No
5747-ZYLYY,Male,0,Yes,Yes,39,Yes,No,No,No internet service,No internet service,No internet service,No internet service,No internet service,No internet service,Month-to-month,Yes,Mailed check,21.8,926.98,No
5748-AWLKM,Female,1,Yes,Yes,4,Yes,No,Fiber optic,No,No,Yes,No,No,No,Month-to-month,Yes,Electronic check,62.57,219.49,Yes
5749-CYHCQ,Female,0,No,Yes,27,Yes,Yes,DSL,No,Yes,No,No,No,No,Month-to-month,Yes,Electronic check,47.67,1258.88,No
5750-YMJQC,Female,0,Yes,No,71,Yes,No,Fiber optic,Yes,No,Yes,Yes,Yes,No,Month-to-month,Yes,Credit card (automatic),69.52,4895.37,No
5751-MVFNJ,Male,1,No,No,51,Yes,Yes,Fiber optic,No,No,Yes,No,No,No,Month-to-month,No,Mailed check,50.12,2596.88,No
5752-TPRMJ,Male,0,No,No,13,Yes,No,DSL,No,Yes,No,No,No,Yes,Two year,Yes,Bank transfer (automatic),63.49,757.67,No
5753-FJEFG,Male,0,Yes,No,5,Yes,Yes,DSL,No,No,Yes,No,No,Yes,Two year,Yes,Electronic check,55.73,298.04,No
5754-KPYLL,Male,0,Yes,No,17,Yes,No,Fiber optic,No,No,No,No,Yes,No,Month-to-month,Yes,Bank transfer (automatic),78.43,1452.06,No
5755-WTZEP,Female,0,No,No,36,Yes,Yes,DSL,Yes,No,Yes,No,No,Yes,Two year,No,Credit card (automatic),55.13,1993.93,No
5756-FIEUW,Female,1,No,No,63,Yes,Yes,Fiber optic,No,Yes,No,No,No,No,Month-to-month,Yes,Credit card (automatic),69.25,4414.43,No
5757-PRSLB,Female,1,Yes,Yes,34,Yes,Yes,DSL,No,No,Yes,Yes,No,No,Month-to-month,Yes,Electronic check,35.21,1242.48,No
5758-ZJLNR,Male,0,No,Yes,16,Yes,No,Fiber optic,Yes,Yes,No,Yes,No,No,Month-to-month,Yes,Credit card (automatic),71.74,1124.38,No
5759-SFEPN,Female,0,No,Yes,9,Yes,No,Fiber optic,Yes,Yes,Yes,Yes,Yes,No,Two year,No,Mailed check,80.07,651.46,No
5760-MUBBL,Female,0,Yes,No,50,Yes,Yes,Fiber optic,No,No,Yes,No,Yes,No,Month-to-month,Yes,Electronic check,71.44,3623.23,Yes
5761-ASPGU,Female,0,No,No,51,Yes,Yes,DSL,No,No,No,Yes,No,Yes,Month-to-month,No,Mailed check,49.83,2591.96,No
5762-GPYFR,Female,0,Yes,No,63,Yes,Yes,DSL,No,Yes,No,Yes,No,Yes,Two year,No,Bank transfer (automatic),60.07,3880.79,No
5763-AAZYN,Male,0,No,Yes,32,Yes,Yes,DSL,No,No,No,No,No,No,Month-to-month,No,Electronic check,35.29,1129.76,No
5764-FFDLR,Male,0,Yes,No,16,Yes,No,DSL,Yes,Yes,No,Yes,No,No,Two year,No,Bank transfer (automatic),47.95,716.67,No
5765-JCCHV,Female,1,Yes,Yes,48,Yes,No,DSL,Yes,No,No,Yes,No,Yes,One year,No,Bank transfer (automatic),55.2,2655.2,No
5766-WYARO,Female,0,No,Yes,6,Yes,Yes,DSL,No,No,No,Yes,No,Yes,Month-to-month,Yes,Mailed check,53.9,286.94,Yes
5767-YUTQY,Female,0,Yes,No,64,Yes,Yes,Fiber optic,No,No,No,No,Yes,No,Month-to-month,Yes,Credit card (automatic),72.68,4693.99,No
5768-KMYTY,Female,0,No,Yes,61,Yes,Yes,Fiber optic,Yes,No,Yes,No,No,No,Month-to-month,Yes,Electronic check,71.48,4397.63,No
5769-JMQUA,Female,1,No,No,9,Yes,No,DSL,No,Yes,Yes,No,No,No,Month-to-month,Yes,Electronic check,53.62,515.34,Yes
5770-TPPUC,Male,0,Yes,No,30,Yes,No,DSL,Yes,Yes,Yes,No,No,Yes,One year,No,Bank transfer (automatic),63.53,1872.92,No
5771-BFKCZ,Female,0,Yes,No,24,Yes,No,DSL,Yes,Yes,Yes,No,No,Yes,Month-to-month,Yes,Mailed check,61.25,1461.38,Yes
5772-AKMER,Female,0,No,Yes,56,Yes,No,DSL,No,No,No,No,No,No,Two year,No,Mailed check,34.28,1837.55,No
5773-OROTT,Female,1,Yes,No,64,No,No phone service,DSL,No,No,No,No,No,Yes,Two year,Yes,Bank transfer (automatic),42.27,2657.38,No
5774-TGQHM,Male,1,No,No,42,Yes,No,DSL,Yes,No,No,No,Yes,No,Two year,Yes,Mailed check,47.73,1972.08,No
5775-ZPYJN,Male,0,Yes,No,2,Yes,Yes,Fiber optic,No,Yes,No,No,No,No,One year,No,Credit card (automatic),59.85,62.84,No
5776-FTVZG,Male,0,No,No,54,Yes,No,No,No internet service,No internet service,No internet service,No internet service,No internet service,No internet service,Month-to-month,No,Credit card (automatic),23.14,1224.63,No
5777-FQUXH,Male,0,Yes,Yes,47,Yes,Yes,Fiber optic,No,No,No,No,No,No,Month-to-month,Yes,Electronic check,53.01,2500.76,Yes
5778-LZYDJ,Male,0,Yes,No,64,Yes,Yes,DSL,No,No,No,No,No,No,One year,No,Electronic check,46.86,2942.58,No
5779-FGUHC,Female,1,Yes,Yes,70,Yes,No,Fiber optic,Yes,Yes,No,Yes,Yes,No,Month-to-month,No,Electronic check,80.1,5555.68,No
5780-HOUAM,Female,0,Yes,No,59,Yes,Yes,Fiber optic,No,Yes,Yes,Yes,Yes,No,Month-to-month,Yes,Bank transfer (automatic),69.2,4092.87,Yes
5781-VROGO,Male,0,Yes,No,13,Yes,Yes,No,No internet service,No internet service,No internet service,No internet service,No internet service,No internet service,Two year,Yes,Bank transfer (automatic),27.82,354.32,No
5782-YCZNT,Male,0,No,Yes,13,Yes,Yes,Fiber optic,No,Yes,No,No,No,No,Two year,No,Mailed check,71.48,949.36,No
5783-DDCEY,Male,0,Yes,No,8,Yes,No,Fiber optic,Yes,Yes,No,No,Yes,No,Month-to-month,No,Bank transfer (automatic),84.73,724.1,Yes
5784-KHZBP,Female,0,Yes,No,44,Yes,No,DSL,No,No,No,No,Yes,Yes,One year,No,Bank transfer (automatic),60.51,2692.86,No
5785-YJRGE,Male,0,No,No,1,Yes,Yes,Fiber optic,No,No,No,No,Yes,Yes,Month-to-month,Yes,Electronic check,83.05,128.06,No
5786-GUFXA,Male,0,No,No,31,Yes,Yes,DSL,No,Yes,No,No,Yes,No,Two year,Yes,Credit card (automatic),46.17,1457.61,No
5787-KMLAU,Male,0,No,No,7,No,No phone service,Fiber optic,Yes,No,No,No,No,Yes,One year,Yes,Mailed check,71.7,346.71,No
5788-OACZO,Female,0,Yes,No,35,No,No phone service,No,No internet service,No internet service,No internet service,No internet service,No internet service,No internet service,Two year,Yes,Electronic check,18.25,595.5,No
5789-INWVX,Male,1,No,No,36,Yes,No,Fiber optic,Yes,No,Yes,Yes,No,Yes,Month-to-month,Yes,Credit card (automatic),66.14,2309.18,No
5790-HVDTT,Female,0,No,No,14,Yes,No,No,No internet service,No internet service,No internet service,No internet service,No internet service,No internet service,Month-to-month,Yes,Mailed check,19.27,266.63,No
5791-FARFN,Female,0,Yes,No,33,Yes,No,Fiber optic,No,No,Yes,No,No,Yes,Two year,Yes,Electronic check,71.4,2336.78,No
5792-KQIVG,Female,0,No,Yes,20,Yes,Yes,Fiber optic,Yes,No,No,No,No,Yes,Two year,No,Bank transfer (automatic),70.53,1454.28,No
5793-NQHPL,Female,0,No,No,8,Yes,No,Fiber optic,No,No,No,No,No,No,Month-to-month,No,Bank transfer (automatic),58.89,385.47,Yes
5794-LEENF,Female,0,No,No,39,Yes,No,Fiber optic,No,No,No,Yes,Yes,No,One year,Yes,Bank transfer (automatic),67.41,2560.19,No
5795-GWUQI,Male,0,No,No,25,Yes,No,Fiber optic,Yes,Yes,No,Yes,No,No,Two year,No,Bank transfer (automatic),63.69,1564.7,No
5796-VMIPD,Female,1,No,No,21,Yes,No,DSL,No,No,Yes,No,Yes,Yes,Two year,Yes,Electronic check,62.81,1343.88,No
5797-BMMSL,Female,0,Yes,Yes,12,Yes,No,DSL,No,No,No,No,Yes,No,Two year,No,Credit card (automatic),54.75,637.48,Yes
5798-DJPXS,Female,0,Yes,No,24,No,No phone service,DSL,No,No,No,No,No,Yes,Month-to-month,Yes,Mailed check,54.06,1328.89,No
5799-HFDGN,Male,0,No,No,70,Yes,Yes,Fiber optic,No,No,No,No,No,Yes,Two year,Yes,Mailed check,69.96,4887.73,No
5800-MUEIC,Female,0,No,No,14,Yes,Yes,Fiber optic,No,No,No,No,No,No,Two year,Yes,Electronic check,55.18,773.62,No
5801-JOTUQ,Female,0,No,No,44,Yes,No,Fiber optic,No,No,Yes,No,No,No,Month-to-month,Yes,Mailed check,58.17,2569.23,Yes
5802-WXFYC,Female,1,No,Yes,20,No,No phone service,DSL,Yes,Yes,Yes,No,No,No,One year,Yes,Mailed check,54.08,972.61,No
5803-REMYA,Male,0,No,No,39,Yes,No,Fiber optic,Yes,No,No,Yes,Yes,Yes,One year,Yes,Credit card (automatic),86.76,3408.55,No
5804-QZCZS,Female,0,No,No,46,Yes,Yes,DSL,No,Yes,Yes,No,No,Yes,One year,No,Electronic check,49.28,2251.64,No
5805-UTVLH,Female,0,Yes,Yes,60,Yes,Yes,Fiber optic,No,No,No,Yes,No,No,One year,Yes,Bank transfer (automatic),60.62,3666.12,No
5806-HOKTA,Female,0,Yes,Yes,13,Yes,Yes,Fiber optic,No,No,Yes,No,No,No,Month-to-month,Yes,Bank transfer (automatic),59.84,865.35,No
5807-PNGFU,Female,1,Yes,Yes,71,Yes,No,Fiber optic,Yes,Yes,No,No,No,Yes,Month-to-month,No,Credit card (automatic),78.28,5622.43,Yes
5808-DVHVS,Female,0,No,No,66,Yes,No,DSL,No,No,Yes,No,No,No,Month-to-month,Yes,Credit card (automatic),40.1,2641.32,No
5809-YCDMU,Female,0,Yes,No,46,Yes,No,Fiber optic,Yes,Yes,No,No,No,No,Two year,Yes,Electronic check,65.79,3057.82,No
5810-BKPJO,Female,0,Yes,Yes,15,No,No phone service,Fiber optic,No,Yes,Yes,No,No,Yes,Month-to-month,Yes,Credit card (automatic),79.77,1157.96,Yes
5811-JBFNB,Male,0,Yes,No,70,Yes,No,No,No internet service,No internet service,No internet service,No internet service,No internet service,No internet service,Month-to-month,Yes,Electronic check,21.23,1417.87,No
5812-JQHZP,Male,0,No,Yes,17,Yes,No,Fiber optic,No,Yes,No,No,No,No,Month-to-month,Yes,Electronic check,70.2,1142.76,Yes
5813-NJMAJ,Male,0,Yes,No,44,Yes,No,Fiber optic,No,No,Yes,No,Yes,No,Two year,Yes,Credit card (automatic),63.12,2815.08,No
5814-VLQXN,Female,0,Yes,No,22,No,No phone service,No,No internet service,No internet service,No internet service,No internet service,No internet service,No internet service,Month-to-month,No,Electronic check,20.34,416.44,Yes
5815-ESEOM,Male,0,Yes,No,25,Yes,Yes,DSL,No,Yes,Yes,No,Yes,Yes,Month-to-month,Yes,Electronic check,73.8,1844.63,No
5816-QANDY,Female,0,Yes,Yes,65,Yes,No,Fiber optic,Yes,No,No,Yes,No,Yes,Two year,Yes,Electronic check,71.73,4658.73,No
5817-IQCML,Male,0,Yes,No,1,Yes,No,DSL,No,Yes,Yes,No,No,No,Month-to-month,No,Mailed check,50.27,173.41,Yes
5818-PDRWC,Male,0,Yes,Yes,21,Yes,No,No,No internet service,No internet service,No internet service,No internet service,No internet service,No internet service,One year,Yes,Credit card (automatic),20.73,359.31,No
5819-QASVD,Female,0,Yes,No,37,Yes,No,Fiber optic,Yes,No,Yes,No,Yes,No,Month-to-month,Yes,Credit card (automatic),80.41,2965.82,No
5820-QGBLE,Female,0,No,Yes,41,Yes,Yes,Fiber optic,No,No,No,No,Yes,Yes,Month-to-month,Yes,Mailed check,77.52,3205.99,Yes
5821-PHWHM,Female,0,No,No,27,Yes,Yes,DSL,No,No,Yes,No,Yes,No,Month-to-month,No,Bank transfer (automatic),56.68,1544.59,Yes
5822-ZNKFP,Female,0,Yes,No,62,Yes,Yes,Fiber optic,No,Yes,No,No,No,Yes,Month-to-month,Yes,Credit card (automatic),77.8,4807.47,No
5823-WYVYO,Female,0,No,No,16,Yes,No,DSL,Yes,No,Yes,No,No,Yes,Month-to-month,No,Bank transfer (automatic),50.22,774.91,Yes
5824-PMLRR,Male,0,No,No,58,Yes,No,Fiber optic,No,No,No,Yes,Yes,No,Two year,No,Bank transfer (automatic),74.24,4354.74,No
5825-NBVBC,Female,0,No,No,1,Yes,Yes,DSL,Yes,No,Yes,No,No,Yes,Month-to-month,Yes,Electronic check,60.7,18.8,Yes
5826-XHKLD,Male,0,Yes,Yes,49,Yes,Yes,DSL,No,Yes,Yes,Yes,No,No,Month-to-month,Yes,Mailed check,51.43,2528.94,Yes
5827-IXQXP,Male,0,Yes,No,14,Yes,Yes,DSL,No,No,No,No,Yes,No,Month-to-month,Yes,Credit card (automatic),43.56,569.07,No
5828-QOTZV,Female,0,No,No,17,Yes,No,DSL,No,Yes,No,Yes,No,No,Month-to-month,No,Electronic check,46.05,746.45,Yes
5829-GJDXX,Male,0,Yes,No,37,Yes,Yes,Fiber optic,No,Yes,No,Yes,Yes,No,Two year,Yes,Electronic check,86.21,3164.06,Yes
5830-NNNYN,Male,1,Yes,No,7,Yes,Yes,DSL,Yes,No,Yes,No,No,No,Month-to-month,No,Electronic check,46.73,318.43,No
5831-VTROW,Female,0,Yes,No,19,Yes,No,DSL,No,No,No,No,Yes,Yes,Month-to-month,No,Bank transfer (automatic),50.18,930.99,No
5832-ZSMLS,Female,0,No,No,59,Yes,No,No,No internet service,No internet service,No internet service,No internet service,No internet service,No internet service,Two year,No,Electronic check,23.02,1362.8,No
5833-STBUC,Male,0,Yes,No,25,Yes,No,DSL,No,Yes,No,No,No,No,One year,No,Electronic check,49.76,1276.3,Yes
5834-JELGI,Male,0,Yes,Yes,34,Yes,Yes,Fiber optic,Yes,No,Yes,Yes,No,Yes,Month-to-month,Yes,Credit card (automatic),81.94,2809.95,No
5835-BYJFL,Male,0,No,No,25,Yes,Yes,DSL,No,Yes,No,Yes,No,No,Two year,Yes,Credit card (automatic),41.98,1053.38,No
5836-FCJIT,Female,0,No,Yes,17,Yes,Yes,No,No internet service,No internet service,No internet service,No internet service,No internet service,No internet service,Two year,Yes,Credit card (automatic),18.25,310.91,No
5837-ECEHH,Female,0,Yes,No,43,Yes,Yes,Fiber optic,No,No,Yes,No,No,No,Two year,Yes,Mailed check,65.9,2840.53,No
5838-NXVQK,Female,0,Yes,Yes,6,Yes,Yes,Fiber optic,No,No,No,No,No,No,Month-to-month,Yes,Credit card (automatic),59.52,358.04,No
5839-ZPFKJ,Male,0,No,Yes,34,Yes,Yes,Fiber optic,No,No,No,No,Yes,No,Month-to-month,Yes,Electronic check,68.91,2355.1,No
5840-WIXXO,Female,0,Yes,Yes,11,Yes,No,No,No internet service,No internet service,No internet service,No internet service,No internet service,No internet service,Month-to-month,Yes,Credit card (automatic),18.25,123.3,No
5841-GRAOB,Female,0,No,No,43,Yes,No,Fiber optic,Yes,No,No,No,No,Yes,One year,Yes,Electronic check,76.39,3216.36,Yes
5842-VBJTO,Male,0,No,Yes,40,Yes,No,Fiber optic,Yes,No,No,No,No,No,Two year,No,Mailed check,61.79,2475.47,Yes
5843-JSVMX,Male,0,Yes,No,53,Yes,No,Fiber optic,No,No,No,No,Yes,No,Month-to-month,No,Bank transfer (automatic),61.88,3298.31,Yes
5844-KVBUM,Male,0,Yes,Yes,0,Yes,Yes,No,No internet service,No internet service,No internet service,No internet service,No internet service,No internet service,One year,Yes,Bank transfer (automatic),18.25,18.8,No
5845-VYVZU,Female,0,Yes,No,24,Yes,Yes,DSL,Yes,No,Yes,No,No,Yes,Month-to-month,Yes,Mailed check,51.55,1255.06,No
5846-AZEUV,Female,0,No,Yes,14,Yes,No,DSL,No,No,No,No,No,Yes,Month-to-month,No,Electronic check,41.64,542.11,No
5847-GMMTW,Female,0,Yes,Yes,2,Yes,No,Fiber optic,No,No,Yes,No,Yes,No,One year,Yes,Credit card (automatic),68.86,159.98,No
5848-UFTLH,Female,0,Yes,No,44,Yes,No,No,No internet service,No internet service,No internet service,No internet service,No internet service,No internet service,Two year,No,Credit card (automatic),18.25,745.19,No
5849-IRKTK,Female,0,Yes,No,44,Yes,No,DSL,No,Yes,No,No,No,Yes,Month-to-month,Yes,Electronic check,53.65,2458.68,Yes
5850-XXOIC,Female,0,Yes,No,50,Yes,No,DSL,No,No,Yes,No,No,Yes,Month-to-month,Yes,Bank transfer (automatic),52.28,2630.37,No
5851-QYQCS,Female,1,No,No,41,Yes,No,DSL,Yes,No,No,No,No,Yes,Two year,Yes,Electronic check,58.0,2430.37,No
5852-IQWRW,Male,0,Yes,Yes,38,No,No phone service,DSL,Yes,Yes,No,No,No,No,One year,Yes,Credit card (automatic),42.26,1592.78,No
5853-OAZJH,Female,0,No,Yes,19,Yes,Yes,DSL,No,No,No,Yes,Yes,Yes,Two year,No,Electronic check,64.75,1268.65,No
5854-JZBSN,Female,0,Yes,No,17,Yes,No,No,No internet service,No internet service,No internet service,No internet service,No internet service,No internet service,Month-to-month,No,Electronic check,28.5,511.37,No
5855-HSAPY,Male,0,Yes,No,38,Yes,No,DSL,No,No,Yes,No,Yes,Yes,Month-to-month,No,Bank transfer (automatic),62.51,2345.84,No
5856-XOTXE,Male,0,No,No,28,Yes,Yes,Fiber optic,No,No,Yes,No,No,No,Month-to-month,No,Electronic check,68.07,1892.19,Yes
5857-CQJEK,Male,0,No,Yes,19,No,No phone service,DSL,No,Yes,No,No,Yes,No,One year,Yes,Credit card (automatic),57.11,1159.68,Yes
5858-FDGSG,Male,0,No,No,41,Yes,No,No,No internet service,No internet service,No internet service,No internet service,No internet service,No internet service,Month-to-month,Yes,Electronic check,19.76,867.38,Yes
5859-NQWQM,Female,1,Yes,Yes,11,Yes,Yes,Fiber optic,Yes,Yes,No,Yes,No,Yes,Month-to-month,Yes,Credit card (automatic),77.49,781.76,Yes
5860-ABRDM,Female,0,Yes,No,55,Yes,Yes,Fiber optic,Yes,Yes,No,Yes,No,No,Month-to-month,No,Mailed check,73.54,4095.63,Yes
5861-ADBDP,Male,1,No,Yes,11,Yes,Yes,Fiber optic,Yes,No,No,Yes,No,No,One year,Yes,Electronic check,58.43,627.58,Yes
5862-DYIQU,Male,0,No,No,52,Yes,No,No,No internet service,No internet service,No internet service,No internet service,No internet service,No internet service,Month-to-month,Yes,Mailed check,23.12,1189.96,No
5863-WTUBC,Female,1,No,No,7,Yes,No,Fiber optic,No,Yes,No,No,Yes,No,Two year,No,Bank transfer (automatic),83.13,564.66,Yes
5864-WZOGD,Male,1,No,No,57,Yes,No,No,No internet service,No internet service,No internet service,No internet service,No internet service,No internet service,Month-to-month,Yes,Mailed check,22.49,1325.13,No
5865-LAQDD,Male,0,Yes,Yes,23,Yes,No,DSL,No,Yes,Yes,Yes,Yes,No,Two year,Yes,Credit card (automatic),45.6,1109.43,No
5866-VWYIZ,Female,0,No,Yes,60,No,No phone service,Fiber optic,No,Yes,Yes,Yes,No,Yes,Month-to-month,No,Bank transfer (automatic),73.37,4440.36,No
5867-UJSSO,Male,0,No,No,0,Yes,Yes,DSL,No,Yes,No,Yes,No,Yes,One year,Yes,Electronic check,59.45,18.8,No
5868-VQGCE,Female,0,Yes,No,69,Yes,Yes,DSL,No,No,Yes,No,No,No,Two year,Yes,Electronic check,38.04,2628.53,No
5869-PWGPI,Male,1,Yes,No,44,Yes,Yes,Fiber optic,No,No,Yes,Yes,Yes,Yes,One year,Yes,Mailed check,83.41,3654.17,No
5870-ACYHR,Female,0,No,Yes,8,Yes,Yes,No,No internet service,No internet service,No internet service,No internet service,No internet service,No internet service,Month-to-month,No,Bank transfer (automatic),18.25,83.12,No
5871-XXRXS,Male,0,Yes,No,0,Yes,Yes,DSL,No,No,Yes,No,Yes,No,One year,Yes,Credit card (automatic),40.05,18.8,No
5872-GYTFY,Female,0,No,No,72,Yes,No,Fiber optic,Yes,No,Yes,No,No,No,Month-to-month,No,Credit card (automatic),65.11,4750.28,Yes
5873-KELAS,Female,0,No,No,23,Yes,Yes,No,No internet service,No internet service,No internet service,No internet service,No internet service,No internet service,One year,Yes,Electronic check,18.25,469.03,No
5874-KOYPC,Male,0,No,No,59,Yes,No,DSL,No,No,Yes,Yes,Yes,No,Month-to-month,Yes,Credit card (automatic),56.07,3290.1,Yes
5875-KKJBT,Male,0,No,Yes,47,Yes,No,DSL,Yes,No,No,Yes,Yes,No,One year,Yes,Electronic check,51.21,2397.05,No
5876-EWWYH,Male,0,No,Yes,38,Yes,Yes,Fiber optic,Yes,Yes,No,Yes,Yes,No,Month-to-month,No,Credit card (automatic),81.75,3110.08,No
5877-MOBLX,Male,0,Yes,No,17,Yes,No,DSL,Yes,Yes,No,No,No,Yes,Month-to-month,Yes,Mailed check,66.33,1124.89,No
5878-HUSYW,Male,1,No,Yes,51,Yes,No,Fiber optic,No,No,No,No,Yes,No,Month-to-month,Yes,Electronic check,70.21,3555.37,Yes
5879-AHJME,Female,0,Yes,Yes,1,Yes,No,DSL,Yes,No,Yes,No,No,Yes,Month-to-month,No,Credit card (automatic),50.82,71.66,Yes
5880-VIJNX,Female,1,Yes,Yes,35,No,No phone service,DSL,No,Yes,Yes,No,Yes,No,Two year,Yes,Electronic check,51.58,1765.07,Yes
5881-KNCUP,Female,0,No,No,47,Yes,No,Fiber optic,No,No,No,Yes,No,No,Month-to-month,Yes,Electronic check,61.41,2903.76,Yes
5882-TQEZG,Female,0,Yes,No,34,Yes,Yes,No,No internet service,No internet service,No internet service,No internet service,No internet service,No internet service,One year,No,Mailed check,18.25,687.97,No
5883-QTVKL,Male,0,Yes,No,69,Yes,Yes,DSL,Yes,Yes,No,No,No,No,Month-to-month,No,Electronic check,49.19,3364.36,No
5884-YXBSZ,Female,0,Yes,No,71,Yes,Yes,Fiber optic,No,No,Yes,Yes,No,No,Month-to-month,No,Credit card (automatic),60.31,4288.72,Yes
5885-EKWSG,Female,0,No,No,41,Yes,Yes,Fiber optic,No,No,No,No,No,No,Month-to-month,Yes,Mailed check,58.01,2391.74,Yes
5886-UZVFK,Female,0,Yes,Yes,37,Yes,No,No,No internet service,No internet service,No internet service,No internet service,No internet service,No internet service,Month-to-month,No,Mailed check,18.25,710.49,No
5887-NDHIB,Male,0,Yes,No,25,Yes,No,Fiber optic,Yes,Yes,No,No,Yes,No,Month-to-month,No,Mailed check,81.37,2000.29,No
5888-YKTVG,Male,0,No,No,30,Yes,Yes,No,No internet service,No internet service,No internet service,No internet service,No internet service,No internet service,Month-to-month,Yes,Credit card (automatic),22.77,603.3,Yes
5889-DXNZX,Female,1,Yes,No,51,Yes,No,DSL,No,Yes,No,No,No,Yes,Month-to-month,No,Mailed check,50.34,2665.89,Yes
5890-AXZLS,Male,0,Yes,Yes,59,Yes,No,No,No internet service,No internet service,No internet service,No internet service,No internet service,No internet service,Month-to-month,Yes,Bank transfer (automatic),21.61,1310.5,No
5891-EZHKV,Female,0,No,Yes,7,Yes,Yes,No,No internet service,No internet service,No internet service,No internet service,No internet service,No internet service,One year,Yes,Electronic check,18.25,85.42,No
5892-DOTLT,Male,0,Yes,No,60,Yes,Yes,No,No internet service,No internet service,No internet service,No internet service,No internet service,No internet service,One year,Yes,Bank transfer (automatic),18.25,1010.28,No
5893-VWUJX,Male,1,Yes,Yes,34,Yes,No,No,No internet service,No internet service,No internet service,No internet service,No internet service,No internet service,Month-to-month,No,Electronic check,18.25,593.85,No
5894-PWHTH,Male,1,No,No,33,Yes,No,No,No internet service,No internet service,No internet service,No internet service,No internet service,No internet service,Month-to-month,No,Credit card (automatic),18.25,620.4,Yes
5895-FCHWJ,Female,1,Yes,Yes,9,No,No phone service,No,No internet service,No internet service,No internet service,No internet service,No internet service,No internet service,Month-to-month,No,Credit card (automatic),20.92,138.75,No
5896-EKDQZ,Male,0,No,Yes,39,Yes,Yes,No,No internet service,No internet service,No internet service,No internet service,No internet service,No internet service,One year,Yes,Electronic check,23.68,939.18,No
5897-CRHXL,Female,1,No,No,51,Yes,Yes,Fiber optic,No,Yes,No,No,No,No,Month-to-month,No,Electronic check,79.14,4039.43,No
5898-UPNUP,Male,0,Yes,No,11,No,No phone service,No,No internet service,No internet service,No internet service,No internet service,No internet service,No internet service,Month-to-month,Yes,Credit card (automatic),26.91,306.64,Yes
5899-DAAVO,Female,1,No,No,26,Yes,No,Fiber optic,No,No,No,No,Yes,No,Month-to-month,Yes,Bank transfer (automatic),76.05,2067.98,Yes
5900-TTCNI,Female,0,Yes,No,18,Yes,No,Fiber optic,Yes,Yes,No,No,No,No,Two year,Yes,Credit card (automatic),61.2,1166.7,No
5901-SHBDA,Female,1,Yes,No,56,Yes,Yes,Fiber optic,Yes,No,Yes,No,No,Yes,Month-to-month,No,Credit card (automatic),76.49,4236.82,Yes
5902-KEBMQ,Female,0,No,No,53,Yes,No,No,No internet service,No internet service,No internet service,No internet service,No internet service,No internet service,Month-to-month,Yes,Mailed check,22.34,1126.61,No
5903-QRUIF,Female,0,Yes,No,14,Yes,No,Fiber optic,No,Yes,No,No,No,Yes,Month-to-month,No,Credit card (automatic),72.44,968.84,No
5904-TCHCA,Female,0,No,No,36,Yes,No,DSL,Yes,No,Yes,No,Yes,No,Two year,No,Credit card (automatic),47.58,1681.7,No
5905-TMUEP,Male,0,Yes,Yes,60,Yes,No,Fiber optic,No,No,No,Yes,No,Yes,Two year,No,Electronic check,72.17,4374.26,Yes
5906-UXPXL,Female,0,No,Yes,17,Yes,No,DSL,No,No,No,No,Yes,No,Month-to-month,Yes,Electronic check,40.79,678.82,Yes
5907-MDIPA,Male,0,No,No,43,Yes,No,Fiber optic,Yes,Yes,No,No,No,No,Month-to-month,Yes,Credit card (automatic),68.31,2920.94,No
5908-EUEXY,Female,0,Yes,No,20,Yes,No,No,No internet service,No internet service,No internet service,No internet service,No internet service,No internet service,One year,No,Electronic check,22.68,523.26,No
5909-SIHSR,Female,0,No,No,28,Yes,No,No,No internet service,No internet service,No internet service,No internet service,No internet service,No internet service,Month-to-month,Yes,Bank transfer (automatic),21.62,616.27,No
5910-ODOMR,Male,0,No,Yes,14,Yes,Yes,No,No internet service,No internet service,No internet service,No internet service,No internet service,No internet service,Month-to-month,Yes,Bank transfer (automatic),21.4,325.68,No
5911-TERHA,Female,0,No,Yes,67,No,No phone service,Fiber optic,No,No,No,No,No,Yes,Two year,Yes,Bank transfer (automatic),68.95,4549.78,No
5912-SWZQB,Male,1,Yes,No,63,Yes,No,DSL,No,Yes,No,Yes,No,Yes,One year,No,Bank transfer (automatic),51.3,3229.36,No
5913-SPRBF,Female,0,No,No,13,Yes,No,Fiber optic,Yes,Yes,No,No,Yes,No,Month-to-month,No,Electronic check,77.42,981.95,No
5914-GFFIH,Male,0,No,No,36,Yes,No,Fiber optic,No,No,Yes,No,No,No,One year,Yes,Bank transfer (automatic),46.62,1615.24,No
5915-XVUIL,Male,0,No,No,53,Yes,No,DSL,No,No,No,Yes,No,No,Month-to-month,No,Mailed check,34.39,1807.66,No
5916-RWFWD,Female,0,No,No,58,Yes,No,Fiber optic,Yes,No,Yes,Yes,No,No,One year,No,Electronic check,68.94,3961.84,No
5917-YGRTE,Male,0,No,No,58,Yes,No,No,No internet service,No internet service,No internet service,No internet service,No internet service,No internet service,Month-to-month,No,Mailed check,19.65,1171.45,No
5918-RJHAO,Male,0,No,No,54,Yes,Yes,Fiber optic,Yes,No,No,Yes,No,No,One year,Yes,Bank transfer (automatic),71.03,3834.84,No
5919-CONAU,Female,0,No,Yes,42,Yes,Yes,Fiber optic,No,Yes,No,Yes,No,No,Two year,No,Credit card (automatic),63.11,2647.43,No
5920-HGIRL,Female,0,No,No,51,Yes,No,Fiber optic,Yes,No,No,No,No,Yes,One year,No,Bank transfer (automatic),85.11,4265.55,No
5921-HHFCB,Female,0,Yes,No,38,Yes,No,Fiber optic,No,Yes,No,Yes,Yes,Yes,Month-to-month,No,Mailed check,84.14,3239.28,No
5922-NHFDE,Male,1,Yes,No,18,Yes,No,DSL,No,No,No,No,No,Yes,One year,Yes,Electronic check,56.51,931.79,No
5923-UMIMI,Male,0,No,No,55,Yes,Yes,No,No internet service,No internet service,No internet service,No internet service,No internet service,No internet service,Month-to-month,No,Electronic check,24.43,1312.88,No
5924-XXPLB,Male,0,No,Yes,35,Yes,No,Fiber optic,No,Yes,No,No,No,No,Month-to-month,No,Electronic check,67.51,2347.2,Yes
5925-SPXME,Female,1,No,No,51,No,No phone service,Fiber optic,No,Yes,No,Yes,No,No,Month-to-month,Yes,Electronic check,71.77,3683.92,Yes
5926-WXFUX,Female,0,No,No,43,Yes,No,Fiber optic,No,No,No,No,No,Yes,Month-to-month,Yes,Electronic check,76.46,3272.09,Yes
5927-QQQCZ,Male,0,No,No,45,Yes,No,No,No internet service,No internet service,No internet service,No internet service,No internet service,No internet service,Two year,No,Credit card (automatic),18.98,808.07,No
5928-MLFVU,Female,0,Yes,Yes,39,Yes,No,DSL,Yes,Yes,No,No,Yes,No,Month-to-month,No,Electronic check,59.22,2354.06,Yes
5929-MNGEN,Female,0,Yes,Yes,52,Yes,Yes,No,No internet service,No internet service,No internet service,No internet service,No internet service,No internet service,One year,Yes,Electronic check,22.29,1073.21,No
5930-RDAGT,Female,0,Yes,No,56,Yes,Yes,No,No internet service,No internet service,No internet service,No internet service,No internet service,No internet service,One year,Yes,Bank transfer (automatic),28.17,1612.24,No
5931-MDMDC,Female,1,Yes,No,18,No,No phone service,No,No internet service,No internet service,No internet service,No internet service,No internet service,No internet service,Month-to-month,No,Mailed check,22.82,434.96,Yes
5932-HTHYQ,Female,0,No,No,43,Yes,No,Fiber optic,Yes,No,Yes,Yes,No,No,Two year,Yes,Credit card (automatic),72.92,3124.31,No
5933-ODFXV,Male,0,No,No,19,Yes,No,No,No internet service,No internet service,No internet service,No internet service,No internet service,No internet service,Month-to-month,Yes,Electronic check,21.87,417.77,Yes
5934-FJDIP,Male,1,Yes,No,43,Yes,No,Fiber optic,No,No,No,No,No,Yes,Two year,No,Mailed check,66.66,2845.23,No
5935-GNFAR,Female,1,Yes,No,42,Yes,No,Fiber optic,No,Yes,No,Yes,Yes,No,Month-to-month,Yes,Electronic check,68.01,2806.64,Yes
5936-LVOAO,Female,0,Yes,No,6,Yes,Yes,No,No internet service,No internet service,No internet service,No internet service,No internet service,No internet service,Month-to-month,Yes,Bank transfer (automatic),23.18,78.76,Yes
5937-OPUAC,Male,0,Yes,No,41,Yes,Yes,Fiber optic,No,Yes,No,No,No,Yes,Month-to-month,No,Bank transfer (automatic),72.3,2910.87,No
5938-LGEZA,Male,0,Yes,No,61,Yes,Yes,DSL,No,Yes,Yes,No,No,No,Month-to-month,No,Credit card (automatic),48.71,2907.69,No
5939-AOHKN,Male,0,Yes,No,1,Yes,Yes,DSL,No,No,No,Yes,Yes,Yes,Month-to-month,No,Electronic check,61.0,107.97,No
5940-YWMSL,Male,0,Yes,No,45,Yes,Yes,Fiber optic,Yes,Yes,No,No,No,No,Two year,Yes,Electronic check,67.77,3082.44,No
5941-VSZDD,Male,0,No,No,37,Yes,No,No,No internet service,No internet service,No internet service,No internet service,No internet service,No internet service,Two year,Yes,Credit card (automatic),18.25,662.37,No
5942-CZFEK,Female,0,Yes,Yes,0,Yes,No,No,No internet service,No internet service,No internet service,No internet service,No internet service,No internet service,Month-to-month,No,Mailed check,18.25,18.8,Yes
5943-YICIL,Male,0,No,No,46,Yes,No,No,No internet service,No internet service,No internet service,No internet service,No internet service,No internet service,Two year,No,Electronic check,18.25,808.42,No
5944-CTQUL,Male,0,No,Yes,12,Yes,No,DSL,No,No,Yes,Yes,Yes,Yes,Month-to-month,Yes,Bank transfer (automatic),55.25,692.48,Yes
5945-YRDJR,Male,0,Yes,No,59,Yes,Yes,Fiber optic,Yes,No,No,No,No,No,Month-to-month,No,Electronic check,52.22,3080.44,No
5946-HISMY,Male,0,No,Yes,63,No,No phone service,Fiber optic,No,No,Yes,No,Yes,No,One year,No,Mailed check,58.74,3652.58,No
5947-FVGUF,Female,1,No,Yes,67,Yes,No,Fiber optic,Yes,No,No,Yes,No,No,One year,No,Mailed check,65.68,4380.02,No
5948-KQSYL,Female,0,Yes,No,54,Yes,No,DSL,No,No,No,No,Yes,No,Month-to-month,No,Credit card (automatic),60.09,3283.45,No
5949-UUXMR,Male,0,Yes,No,30,Yes,Yes,DSL,No,No,Yes,Yes,No,No,Month-to-month,No,Bank transfer (automatic),41.17,1332.12,Yes
5950-GYWEP,Male,1,No,No,13,No,No phone service,DSL,Yes,Yes,Yes,No,No,Yes,Month-to-month,Yes,Mailed check,60.98,847.32,No
5951-VDWAD,Female,0,Yes,No,4,Yes,Yes,Fiber optic,No,Yes,No,No,Yes,Yes,Month-to-month,Yes,Mailed check,90.87,347.63,No
5952-CDALM,Male,0,Yes,No,53,Yes,No,Fiber optic,No,No,No,Yes,Yes,Yes,Month-to-month,Yes,Credit card (automatic),80.88,4234.71,No
5953-BIGMV,Male,0,Yes,No,52,Yes,No,DSL,No,No,Yes,No,No,No,Month-to-month,Yes,Credit card (automatic),40.74,2086.84,Yes
5954-BARGR,Female,0,Yes,No,36,Yes,Yes,Fiber optic,No,Yes,Yes,Yes,No,No,Month-to-month,No,Electronic check,58.15,2155.59,Yes
5955-SHWLK,Female,0,No,No,56,Yes,No,DSL,Yes,Yes,Yes,No,No,No,Month-to-month,Yes,Mailed check,49.88,2786.25,No
5956-IDGQK,Male,1,No,Yes,2,Yes,No,Fiber optic,No,No,Yes,No,Yes,Yes,One year,No,Mailed check,77.04,34.08,No
5957-BWRVZ,Male,0,No,No,10,Yes,No,DSL,No,No,No,Yes,No,No,Month-to-month,Yes,Electronic check,39.32,294.97,No
5958-LIKEZ,Female,0,Yes,No,41,Yes,Yes,DSL,No,No,Yes,No,No,No,Month-to-month,Yes,Electronic check,37.41,1482.38,Yes
5959-GAXYE,Female,0,No,No,54,Yes,Yes,Fiber optic,No,No,Yes,Yes,Yes,No,Month-to-month,Yes,Electronic check,67.43,3495.97,Yes
5960-FMKHT,Female,0,No,Yes,37,Yes,No,DSL,Yes,No,No,No,No,Yes,Two year,Yes,Bank transfer (automatic),53.96,2039.86,No
5961-BOJHB,Male,0,No,No,23,Yes,Yes,Fiber optic,Yes,No,No,No,No,No,Month-to-month,Yes,Credit card (automatic),65.8,1626.7,Yes
5962-UOFEV,Male,0,Yes,No,8,Yes,No,DSL,No,No,No,No,No,Yes,One year,Yes,Credit card (automatic),45.2,407.59,Yes
5963-VCKKP,Male,0,Yes,No,12,Yes,No,DSL,Yes,No,No,No,No,No,Two year,No,Credit card (automatic),43.62,573.92,No
5964-CICSK,Female,0,No,No,17,Yes,Yes,DSL,Yes,Yes,Yes,Yes,No,No,Month-to-month,Yes,Bank transfer (automatic),49.47,888.31,No
5965-NBGJJ,Male,0,Yes,No,9,No,No phone service,DSL,No,No,No,Yes,No,No,Two year,No,Electronic check,40.75,304.61,No
5966-TAFUN,Female,1,No,No,11,Yes,Yes,DSL,Yes,Yes,Yes,No,No,Yes,Month-to-month,No,Electronic check,65.82,715.02,Yes
5967-BFACD,Male,0,No,No,46,Yes,No,Fiber optic,Yes,Yes,Yes,Yes,No,Yes,Month-to-month,Yes,Electronic check,85.25,3922.82,Yes
5968-MCOMV,Female,0,Yes,No,9,Yes,Yes,Fiber optic,Yes,No,Yes,No,Yes,No,Month-to-month,Yes,Electronic check,80.44,810.57,No
5969-KDQEU,Male,0,No,Yes,0,Yes,Yes,Fiber optic,No,No,No,Yes,No,No,Month-to-month,Yes,Mailed check,63.74,18.8,No
5970-YXHUX,Female,0,Yes,Yes,56,Yes,Yes,DSL,No,No,Yes,No,No,No,Two year,Yes,Electronic check,54.03,3059.98,No
5971-JGQGX,Female,0,No,No,70,Yes,No,Fiber optic,Yes,No,Yes,No,Yes,No,Month-to-month,Yes,Mailed check,75.78,5266.91,No
5972-SIXBV,Female,0,No,Yes,10,Yes,No,No,No internet service,No internet service,No internet service,No internet service,No internet service,No internet service,Two year,Yes,Credit card (automatic),18.25,122.4,No
5973-TSFJM,Female,1,No,No,52,Yes,No,DSL,Yes,No,No,No,No,No,Two year,No,Mailed check,54.09,2756.39,No
5974-YBJJZ,Male,0,No,No,3,No,No phone service,DSL,Yes,No,Yes,Yes,No,No,Month-to-month,No,Bank transfer (automatic),45.81,54.6,No
5975-EVDWB,Female,1,No,No,60,Yes,No,No,No internet service,No internet service,No internet service,No internet service,No internet service,No internet service,Month-to-month,Yes,Mailed check,28.51,1704.71,No
5976-GRQKU,Male,1,No,Yes,9,Yes,No,Fiber optic,Yes,No,No,No,Yes,No,Month-to-month,No,Credit card (automatic),74.18,706.01,Yes
5977-RHLXA,Male,0,No,No,4,Yes,No,No,No internet service,No internet service,No internet service,No internet service,No internet service,No internet service,Two year,Yes,Electronic check,27.92,239.2,No
5978-TYULZ,Female,0,Yes,No,60,Yes,No,Fiber optic,No,No,Yes,Yes,Yes,Yes,Month-to-month,Yes,Credit card (automatic),92.14,5566.13,Yes
5979-FCENL,Female,0,Yes,No,29,Yes,No,DSL,No,Yes,Yes,No,Yes,No,Month-to-month,No,Mailed check,47.86,1345.72,No
5980-MMQXO,Male,0,No,No,56,Yes,No,Fiber optic,No,No,No,No,No,No,One year,Yes,Credit card (automatic),55.71,3172.35,No
5981-FLBDT,Male,1,Yes,Yes,32,Yes,Yes,Fiber optic,Yes,Yes,Yes,Yes,Yes,Yes,Month-to-month,Yes,Bank transfer (automatic),93.87,3045.12,No
5982-YYULC,Male,0,No,No,36,Yes,No,Fiber optic,No,No,No,No,No,No,Month-to-month,Yes,Electronic check,64.89,2328.07,Yes
5983-QFXQQ,Male,0,No,No,67,Yes,Yes,Fiber optic,No,Yes,No,No,Yes,No,Month-to-month,No,Credit card (automatic),75.68,5018.55,Yes
5984-KWGBS,Male,0,Yes,Yes,22,Yes,No,No,No internet service,No internet service,No internet service,No internet service,No internet service,No internet service,Month-to-month,Yes,Electronic check,20.95,374.22,Yes
5985-BVMXX,Male,0,Yes,No,69,Yes,No,Fiber optic,Yes,No,No,No,Yes,No,Month-to-month,Yes,Credit card (automatic),71.16,4868.74,No
5986-PQKIX,Male,0,No,No,6,Yes,No,Fiber optic,No,No,No,No,No,Yes,Month-to-month,Yes,Electronic check,76.21,461.79,Yes
5987-INMYK,Female,0,No,Yes,18,Yes,Yes,Fiber optic,Yes,No,Yes,Yes,No,No,One year,No,Electronic check,71.24,1351.9,No
5988-LVCAH,Male,0,Yes,No,14,Yes,No,DSL,No,No,Yes,No,No,No,Month-to-month,No,Mailed check,43.42,567.59,No
5989-ZSMGM,Male,0,No,No,31,Yes,No,Fiber optic,Yes,Yes,Yes,Yes,Yes,No,Two year,No,Electronic check,73.2,2275.81,No
5990-ZFCFC,Female,1,No,No,58,Yes,No,No,No internet service,No internet service,No internet service,No internet service,No internet service,No internet service,One year,Yes,Credit card (automatic),21.19,1255.09,No
5991-MMYMA,Male,0,No,Yes,69,Yes,No,Fiber optic,No,No,No,No,No,Yes,Month-to-month,Yes,Mailed check,69.42,4755.37,Yes
5992-HETQI,Male,1,No,No,69,Yes,Yes,Fiber optic,No,No,No,No,Yes,Yes,Month-to-month,No,Bank transfer (automatic),79.67,5434.7,Yes
5993-MYMEN,Female,0,Yes,No,5,Yes,Yes,Fiber optic,Yes,Yes,Yes,Yes,Yes,Yes,Month-to-month,No,Electronic check,82.13,409.7,No
5994-KYZNY,Male,0,No,Yes,65,Yes,Yes,DSL,No,No,No,No,Yes,Yes,Month-to-month,No,Electronic check,57.24,3667.18,No
5995-GXQDJ,Male,0,Yes,No,3,Yes,No,Fiber optic,No,No,Yes,No,No,Yes,Month-to-month,Yes,Credit card (automatic),70.85,135.35,Yes
5996-JOTLI,Female,0,Yes,No,69,Yes,Yes,DSL,No,No,No,Yes,Yes,No,One year,No,Electronic check,50.8,3581.25,No
5997-COLZO,Female,0,Yes,No,56,Yes,No,DSL,No,No,No,Yes,No,Yes,Month-to-month,Yes,Credit card (automatic),49.69,2752.63,No
5998-ZAOKE,Male,0,Yes,No,60,Yes,No,Fiber optic,Yes,No,Yes,Yes,Yes,No,Month-to-month,No,Bank transfer (automatic),72.3,4361.76,Yes
5999-GLTYF,Female,1,No,No,55,Yes,No,Fiber optic,No,Yes,Yes,Yes,Yes,No,Month-to-month,Yes,Credit card (automatic),75.72,4178.31,No
6000-VCJZU,Female,0,Yes,Yes,13,Yes,Yes,Fiber optic,Yes,No,Yes,Yes,No,No,Two year,No,Bank transfer (automatic),60.34,723.08,No
6001-ZVDMS,Male,1,No,No,6,Yes,No,No,No internet service,No internet service,No internet service,No internet service,No internet service,No internet service,Two year,Yes,Mailed check,22.24,145.92,No
6002-EWVRA,Female,0,No,No,53,Yes,No,DSL,No,No,Yes,No,No,Yes,Month-to-month,No,Mailed check,52.68,2807.94,No
6003-UUPPP,Female,1,No,Yes,57,Yes,No,DSL,No,No,No,Yes,No,Yes,Month-to-month,No,Mailed check,46.0,2629.08,No
6004-VSPAT,Male,0,No,Yes,60,Yes,Yes,No,No internet service,No internet service,No internet service,No internet service,No internet service,No internet service,Month-to-month,Yes,Electronic check,24.46,1468.74,Yes
6005-TJBNH,Male,0,No,No,71,Yes,No,No,No internet service,No internet service,No internet service,No internet service,No internet service,No internet service,Month-to-month,Yes,Bank transfer (automatic),18.25,1321.95,No
6006-FCPQL,Female,0,Yes,No,27,Yes,No,No,No internet service,No internet service,No internet service,No internet service,No internet service,No internet service,Month-to-month,No,Electronic check,21.06,591.1,Yes
6007-SXTCM,Female,1,No,No,54,Yes,Yes,DSL,No,Yes,No,Yes,Yes,Yes,One year,Yes,Mailed check,69.16,3765.21,No
6008-PKTPT,Male,0,Yes,No,52,Yes,Yes,DSL,Yes,Yes,No,No,No,No,Month-to-month,No,Bank transfer (automatic),49.84,2530.97,No
6009-BDYDQ,Male,0,No,Yes,43,Yes,No,Fiber optic,No,No,Yes,Yes,No,No,Month-to-month,Yes,Credit card (automatic),57.36,2379.38,Yes
6010-AAEVL,Female,0,Yes,No,27,Yes,Yes,No,No internet service,No internet service,No internet service,No internet service,No internet service,No internet service,Month-to-month,Yes,Mailed check,20.07,514.27,No
6011-FFYQZ,Male,0,No,Yes,45,Yes,Yes,DSL,No,No,No,No,Yes,No,One year,No,Bank transfer (automatic),53.63,2407.99,No
6012-VMHXL,Male,1,Yes,No,48,Yes,No,No,No internet service,No internet service,No internet service,No internet service,No internet service,No internet service,Month-to-month,Yes,Bank transfer (automatic),21.93,1091.93,Yes
6013-OSUZT,Female,0,Yes,Yes,66,Yes,Yes,DSL,No,Yes,Yes,No,No,No,One year,Yes,Mailed check,42.75,2919.69,No
6014-QIURB,Female,0,No,No,26,Yes,Yes,DSL,Yes,No,No,Yes,Yes,Yes,Month-to-month,No,Electronic check,63.01,1600.36,No
6015-KWTQU,Male,0,No,No,38,Yes,No,DSL,Yes,Yes,No,No,No,No,Month-to-month,Yes,Electronic check,49.88,1953.97,No
6016-ROGPY,Male,1,Yes,No,26,Yes,No,DSL,Yes,Yes,Yes,Yes,No,No,Two year,No,Electronic check,54.4,1417.9,No
6017-ARVHG,Female,1,No,No,34,Yes,No,No,No internet service,No internet service,No internet service,No internet service,No internet service,No internet service,Two year,Yes,Bank transfer (automatic),21.81,710.28,No
6018-YBLPI,Male,0,Yes,Yes,46,Yes,No,Fiber optic,No,Yes,No,No,No,No,Two year,Yes,Credit card (automatic),64.05,2965.56,No
6019-TKOCW,Female,0,No,No,51,Yes,No,DSL,No,No,No,Yes,No,No,One year,No,Credit card (automatic),38.31,1972.18,No
6020-UMUMB,Male,0,No,Yes,68,Yes,Yes,DSL,No,Yes,No,No,Yes,No,Month-to-month,No,Bank transfer (automatic),48.32,3299.27,No
6021-FFLDE,Male,0,Yes,No,65,Yes,No,Fiber optic,Yes,No,Yes,Yes,No,Yes,Two year,Yes,Mailed check,86.27,5676.43,No
6022-WHFUC,Male,0,Yes,Yes,40,Yes,No,DSL,No,No,No,Yes,No,No,Month-to-month,Yes,Credit card (automatic),38.47,1509.67,Yes
6023-WHSUK,Female,0,Yes,No,49,Yes,No,DSL,No,Yes,No,Yes,No,No,Month-to-month,No,Credit card (automatic),41.73,2062.62,No
6024-RJZTL,Female,0,Yes,No,44,Yes,No,DSL,Yes,No,No,No,Yes,No,One year,Yes,Bank transfer (automatic),61.62,2624.44,No
6025-THSUP,Male,0,No,Yes,19,No,No phone service,DSL,No,Yes,Yes,No,No,No,Month-to-month,Yes,Bank transfer (automatic),42.75,735.56,Yes
6026-URIDI,Male,0,No,No,70,Yes,No,No,No internet service,No internet service,No internet service,No internet service,No internet service,No internet service,Two year,Yes,Electronic check,21.54,1502.94,No
6027-YBIIR,Female,0,No,No,35,Yes,Yes,Fiber optic,No,No,No,Yes,No,No,One year,No,Mailed check,59.39,2038.89,Yes
6028-KMFIP,Female,0,Yes,No,71,Yes,No,Fiber optic,No,No,Yes,No,No,Yes,Month-to-month,No,Mailed check,68.63,4934.66,No
6029-DBGOY,Male,0,No,No,69,Yes,No,Fiber optic,No,No,No,No,No,Yes,One year,No,Credit card (automatic),72.57,5048.26,No
6030-FKTQD,Female,0,Yes,Yes,23,Yes,No,No,No internet service,No internet service,No internet service,No internet service,No internet service,No internet service,Month-to-month,No,Credit card (automatic),21.96,527.85,No
6031-SGKMZ,Female,0,No,Yes,35,Yes,Yes,DSL,Yes,No,Yes,Yes,Yes,Yes,One year,Yes,Mailed check,60.08,2096.43,No
6032-UCNBR,Male,1,Yes,Yes,4,Yes,No,Fiber optic,No,No,No,Yes,Yes,Yes,Month-to-month,No,Mailed check,78.82,263.98,Yes
6033-EMMXX,Male,0,No,No,19,Yes,No,DSL,No,Yes,No,No,No,Yes,Month-to-month,No,Electronic check,58.36,959.18,Yes
6034-NLUMR,Female,0,Yes,No,52,Yes,No,Fiber optic,No,No,Yes,No,No,Yes,Month-to-month,No,Credit card (automatic),72.43,3725.24,No
6035-MDWVJ,Female,0,No,No,39,Yes,No,DSL,No,Yes,No,No,Yes,Yes,Two year,Yes,Electronic check,64.1,2517.23,No
6036-WERHN,Male,0,Yes,No,49,Yes,No,DSL,No,No,No,Yes,No,Yes,Two year,Yes,Credit card (automatic),45.31,2162.5,No
6037-BHPGC,Female,0,No,Yes,66,Yes,No,Fiber optic,No,No,Yes,No,No,Yes,Two year,Yes,Bank transfer (automatic),76.42,5114.81,No
6038-DGDIW,Male,0,No,No,34,Yes,No,DSL,No,Yes,No,No,No,Yes,Month-to-month,Yes,Electronic check,58.6,1998.08,No
6039-QQTNN,Male,0,No,No,63,Yes,Yes,No,No internet service,No internet service,No internet service,No internet service,No internet service,No internet service,One year,No,Mailed check,33.01,2113.08,No
6040-YMDMU,Female,0,No,No,36,Yes,No,DSL,No,No,Yes,No,Yes,Yes,One year,Yes,Electronic check,60.37,2243.7,No
6041-QORKD,Male,1,Yes,No,44,Yes,No,Fiber optic,Yes,No,Yes,No,Yes,Yes,Two year,No,Bank transfer (automatic),88.07,3826.01,No
6042-TKJVM,Male,0,Yes,Yes,37,Yes,No,Fiber optic,Yes,No,No,No,No,Yes,Two year,Yes,Credit card (automatic),76.55,2818.21,No
6043-VHMIA,Male,0,No,Yes,26,No,No phone service,DSL,Yes,Yes,No,No,Yes,No,Month-to-month,No,Bank transfer (automatic),52.7,1401.16,No
6044-AOVDT,Male,0,Yes,No,64,Yes,Yes,No,No internet service,No internet service,No internet service,No internet service,No internet service,No internet service,One year,Yes,Electronic check,21.43,1294.29,No
6045-AYLKS,Male,0,No,Yes,72,Yes,No,Fiber optic,No,No,No,Yes,No,No,Two year,No,Mailed check,50.8,3675.77,No
6046-OUJAX,Female,0,No,No,2,Yes,Yes,No,No internet service,No internet service,No internet service,No internet service,No internet service,No internet service,Two year,No,Credit card (automatic),18.25,95.76,No
6047-CNOAJ,Male,0,Yes,No,58,Yes,Yes,DSL,Yes,No,No,No,Yes,No,One year,No,Credit card (automatic),56.48,3304.88,No
6048-VAOCU,Male,0,No,No,29,Yes,Yes,Fiber optic,Yes,No,No,Yes,No,No,Month-to-month,No,Bank transfer (automatic),64.89,1895.59,No
6049-TWVLS,Male,0,No,No,15,Yes,No,DSL,No,No,Yes,No,Yes,No,Two year,No,Mailed check,35.72,463.65,No
6050-PHXNR,Female,0,No,No,28,Yes,Yes,Fiber optic,Yes,No,Yes,No,Yes,No,Month-to-month,Yes,Credit card (automatic),76.02,2123.18,Yes
6051-WABXL,Male,0,No,No,69,Yes,No,Fiber optic,No,Yes,Yes,Yes,Yes,Yes,Month-to-month,Yes,Credit card (automatic),79.25,5402.23,No
6052-QBQUG,Male,0,Yes,No,23,Yes,No,Fiber optic,No,No,Yes,No,Yes,No,Month-to-month,Yes,Credit card (automatic),73.42,1684.81,Yes
6053-FFVHE,Male,0,No,No,6,Yes,Yes,DSL,No,Yes,Yes,Yes,No,No,Two year,Yes,Credit card (automatic),44.58,268.93,No
6054-OZGCY,Male,0,Yes,No,48,No,No phone service,Fiber optic,No,No,No,No,No,Yes,Two year,Yes,Bank transfer (automatic),76.02,3610.47,No
6055-JCNVC,Female,0,No,No,62,Yes,Yes,No,No internet service,No internet service,No internet service,No internet service,No internet service,No internet service,One year,No,Mailed check,18.25,1196.62,No
6056-AASDB,Female,0,Yes,No,45,Yes,No,DSL,No,No,No,No,No,No,Month-to-month,Yes,Mailed check,30.85,1318.92,Yes
6057-YKXLM,Male,1,Yes,Yes,47,Yes,Yes,Fiber optic,Yes,No,Yes,No,Yes,No,Two year,No,Bank transfer (automatic),80.56,3907.42,No
6058-PPSWT,Female,0,No,No,24,Yes,Yes,Fiber optic,No,No,Yes,No,No,Yes,One year,No,Mailed check,76.47,1871.3,No
6059-UTIPG,Female,0,Yes,No,42,Yes,No,Fiber optic,No,Yes,No,No,Yes,Yes,Two year,Yes,Credit card (automatic),97.71,4145.25,Yes
6060-MDMHB,Female,0,No,No,54,Yes,Yes,DSL,No,No,No,Yes,Yes,Yes,One year,No,Electronic check,61.59,3330.04,No
6061-GKQXN,Male,0,Yes,Yes,33,Yes,No,No,No internet service,No internet service,No internet service,No internet service,No internet service,No internet service,Month-to-month,Yes,Bank transfer (automatic),21.36,624.41,Yes
6062-MOVUY,Male,0,Yes,No,64,Yes,No,No,No internet service,No internet service,No internet service,No internet service,No internet service,No internet service,Two year,Yes,Electronic check,21.62,1349.28,No
6063-ICYMM,Male,0,Yes,No,27,Yes,No,Fiber optic,No,No,No,Yes,No,Yes,Month-to-month,Yes,Mailed check,73.8,1974.69,No
6064-IREKB,Male,0,Yes,No,40,Yes,Yes,Fiber optic,No,No,No,No,No,No,Two year,Yes,Electronic check,60.19,2397.55,Yes
6065-QWTUD,Male,0,No,No,28,Yes,No,No,No internet service,No internet service,No internet service,No internet service,No internet service,No internet service,Two year,No,Mailed check,18.25,473.98,No
6066-VRXTH,Male,0,No,Yes,31,Yes,Yes,No,No internet service,No internet service,No internet service,No internet service,No internet service,No internet service,Month-to-month,Yes,Mailed check,18.25,646.41,No
6067-SLKPE,Female,1,Yes,No,68,Yes,No,Fiber optic,Yes,Yes,No,No,No,Yes,Month-to-month,No,Electronic check,77.74,5236.86,Yes
6068-CLOPM,Female,0,Yes,No,33,Yes,No,Fiber optic,No,No,Yes,Yes,No,No,Month-to-month,Yes,Electronic check,57.19,1871.28,Yes
6069-GOCLH,Female,1,Yes,Yes,58,Yes,Yes,Fiber optic,No,Yes,Yes,No,Yes,Yes,Month-to-month,No,Electronic check,88.89,5104.68,Yes
6070-YLRCL,Female,0,Yes,No,60,Yes,No,Fiber optic,No,No,Yes,Yes,Yes,No,One year,Yes,Mailed check,78.95,4726.26,Yes
6071-WUZWB,Female,0,No,No,51,No,No phone service,Fiber optic,No,No,No,No,No,Yes,Month-to-month,Yes,Bank transfer (automatic),69.67,3454.25,Yes
6072-NNDQO,Male,1,No,No,62,Yes,No,Fiber optic,No,No,No,No,No,Yes,Two year,No,Electronic check,64.52,3973.65,No
6073-PEXQW,Male,1,No,No,25,Yes,Yes,No,No internet service,No internet service,No internet service,No internet service,No internet service,No internet service,Month-to-month,No,Mailed check,18.48,513.56,No
6074-GWOQL,Female,0,No,No,11,Yes,Yes,DSL,No,Yes,No,No,Yes,No,One year,Yes,Mailed check,49.46,548.19,Yes
6075-KSKBO,Male,1,No,No,21,Yes,No,DSL,No,Yes,No,No,Yes,No,One year,No,Credit card (automatic),54.64,1070.98,Yes
6076-ERUUP,Male,0,No,Yes,72,Yes,No,DSL,No,No,No,No,No,Yes,Month-to-month,No,Bank transfer (automatic),41.85,3025.62,Yes
6077-DWJVB,Male,0,Yes,Yes,55,Yes,No,No,No internet service,No internet service,No internet service,No internet service,No internet service,No internet service,One year,No,Credit card (automatic),18.25,1027.68,No
6078-ODPGY,Male,0,No,No,5,Yes,Yes,Fiber optic,Yes,Yes,Yes,No,No,Yes,Month-to-month,Yes,Electronic check,83.75,431.78,Yes
6079-YLCQI,Male,0,No,No,35,Yes,Yes,Fiber optic,No,Yes,Yes,No,No,No,Month-to-month,No,Electronic check,64.99,2290.89,Yes
6080-HWFOJ,Female,0,Yes,No,58,Yes,Yes,Fiber optic,No,No,No,Yes,Yes,No,Month-to-month,Yes,Credit card (automatic),72.37,4273.89,Yes
6081-WYFON,Female,0,No,No,58,No,No phone service,No,No internet service,No internet service,No internet service,No internet service,No internet service,No internet service,Month-to-month,Yes,Bank transfer (automatic),22.55,1366.2,No
6082-ZSMNC,Female,0,No,No,67,Yes,No,Fiber optic,No,No,No,No,Yes,Yes,Month-to-month,Yes,Mailed check,75.03,4988.85,Yes
6083-DZNNZ,Male,0,No,No,51,Yes,Yes,Fiber optic,Yes,Yes,No,No,Yes,No,Two year,Yes,Mailed check,79.68,4034.26,No
6084-HJINH,Male,0,Yes,No,67,Yes,No,DSL,No,Yes,Yes,Yes,No,Yes,Month-to-month,No,Bank transfer (automatic),60.55,4015.85,No
6085-KJRDD,Male,0,No,No,50,No,No phone service,Fiber optic,Yes,No,Yes,No,Yes,No,Month-to-month,Yes,Credit card (automatic),76.25,3819.56,No
6086-LRHCR,Male,0,No,No,67,No,No phone service,DSL,No,No,No,No,No,Yes,Month-to-month,Yes,Mailed check,51.8,3502.18,No
6087-GAVMC,Female,0,Yes,Yes,25,Yes,No,No,No internet service,No internet service,No internet service,No internet service,No internet service,No internet service,Two year,Yes,Electronic check,18.68,395.01,No
6088-COUSD,Male,0,No,Yes,72,Yes,No,Fiber optic,No,Yes,Yes,No,No,Yes,Month-to-month,Yes,Credit card (automatic),70.53,5090.32,Yes
6089-MMOSP,Female,0,No,No,40,Yes,No,DSL,No,No,No,Yes,Yes,No,Month-to-month,Yes,Mailed check,49.3,1933.75,No
6090-GCZTB,Female,0,Yes,No,4,Yes,No,DSL,No,Yes,Yes,No,Yes,No,Two year,No,Credit card (automatic),56.3,169.08,No
6091-RYKAP,Female,0,No,No,52,Yes,No,DSL,No,No,Yes,Yes,No,Yes,One year,No,Bank transfer (automatic),49.87,2598.38,No
6092-QPJQC,Female,1,Yes,No,37,No,No phone service,DSL,Yes,No,No,No,No,No,One year,Yes,Electronic check,44.12,1724.75,Yes
6093-RSNUY,Male,0,No,Yes,52,Yes,No,Fiber optic,Yes,No,No,Yes,No,No,Two year,Yes,Electronic check,64.44,3350.48,No
6094-BLKQF,Male,0,No,No,55,Yes,Yes,No,No internet service,No internet service,No internet service,No internet service,No internet service,No internet service,Month-to-month,No,Mailed check,23.27,1328.63,No
6095-SMGVK,Female,0,No,Yes,18,Yes,No,Fiber optic,No,Yes,Yes,No,No,No,Month-to-month,No,Electronic check,64.06,1161.76,No
6096-GMMUA,Male,0,Yes,Yes,64,No,No phone service,DSL,No,Yes,No,No,No,Yes,Two year,No,Credit card (automatic),50.39,3217.6,No
6097-SSWON,Male,0,No,No,68,Yes,No,Fiber optic,No,Yes,Yes,No,Yes,Yes,One year,No,Electronic check,82.38,5626.07,No
6098-CUTDG,Male,1,No,No,52,Yes,No,No,No internet service,No internet service,No internet service,No internet service,No internet service,No internet service,One year,No,Credit card (automatic),25.05,1272.84,No
6099-AWXSC,Female,0,Yes,No,18,Yes,Yes,No,No internet service,No internet service,No internet service,No internet service,No internet service,No internet service,Month-to-month,Yes,Mailed check,20.93,301.01,No
6100-TOMVN,Female,0,No,No,65,Yes,Yes,DSL,Yes,Yes,No,No,No,No,Month-to-month,No,Mailed check,44.49,2824.7,No
6101-GAMDL,Female,0,Yes,No,47,Yes,No,Fiber optic,No,No,Yes,No,Yes,No,Month-to-month,Yes,Credit card (automatic),71.81,3366.65,Yes
6102-GBQAZ,Female,0,Yes,No,65,Yes,No,Fiber optic,No,No,Yes,Yes,No,No,One year,No,Mailed check,56.08,3662.64,No
6103-NVUAZ,Female,1,No,No,72,Yes,No,Fiber optic,No,Yes,No,No,Yes,Yes,One year,Yes,Mailed check,85.31,6152.51,No
6104-CKGYI,Female,0,No,No,17,Yes,No,Fiber optic,No,Yes,No,No,No,No,Two year,Yes,Electronic check,70.13,1158.49,No
6105-VCASZ,Female,0,No,No,38,Yes,Yes,Fiber optic,Yes,No,Yes,Yes,No,Yes,One year,Yes,Bank transfer (automatic),71.28,2706.81,No
6106-BUXEQ,Male,0,Yes,Yes,72,Yes,Yes,Fiber optic,Yes,Yes,No,No,Yes,No,Month-to-month,No,Mailed check,74.62,5344.72,Yes
6107-SEWUN,Female,0,Yes,No,50,Yes,No,DSL,No,Yes,No,No,No,Yes,Two year,Yes,Mailed check,57.19,2795.2,No
6108-JUGHH,Male,0,No,No,22,Yes,No,Fiber optic,Yes,No,No,No,Yes,Yes,Two year,Yes,Electronic check,84.44,1765.08,No
6109-GMNSK,Female,0,Yes,No,32,No,No phone service,No,No internet service,No internet service,No internet service,No internet service,No internet service,No internet service,Month-to-month,Yes,Electronic check,20.71,644.06,No
6110-BQFIS,Male,0,Yes,Yes,59,Yes,No,DSL,No,No,No,No,No,No,Month-to-month,Yes,Electronic check,45.62,2729.05,No
6111-EIYGD,Male,0,No,No,58,Yes,No,Fiber optic,No,No,Yes,No,Yes,No,One year,Yes,Credit card (automatic),66.81,3869.5,Yes
6112-RRTQD,Male,0,No,No,25,Yes,Yes,DSL,No,No,Yes,Yes,Yes,No,Two year,Yes,Bank transfer (automatic),51.45,1212.71,No
6113-VPVWE,Male,1,Yes,No,16,No,No phone service,Fiber optic,No,No,No,No,No,Yes,One year,Yes,Mailed check,71.05,1190.06,Yes
6114-IBBDT,Female,0,Yes,Yes,52,Yes,No,No,No internet service,No internet service,No internet service,No internet service,No internet service,No internet service,Two year,Yes,Electronic check,18.25,909.48,No
6115-TQTUY,Female,0,No,No,42,Yes,Yes,Fiber optic,No,No,No,Yes,Yes,No,Month-to-month,No,Electronic check,73.32,2960.92,Yes
6116-SCEJF,Female,0,No,No,47,Yes,No,Fiber optic,Yes,No,No,Yes,Yes,No,Month-to-month,Yes,Electronic check,77.29,3625.19,No
6117-CQJXL,Female,0,Yes,No,19,Yes,Yes,Fiber optic,Yes,No,Yes,Yes,No,No,One year,Yes,Mailed check,64.09,1270.57,No
6118-ARSVT,Female,0,No,No,34,Yes,Yes,DSL,No,Yes,No,No,No,No,Month-to-month,Yes,Electronic check,49.83,1700.67,No
6119-DOIFL,Female,0,Yes,No,32,Yes,Yes,Fiber optic,Yes,Yes,Yes,Yes,No,No,Month-to-month,No,Credit card (automatic),60.72,1886.78,No
6120-RWOSI,Female,0,No,Yes,1,Yes,No,Fiber optic,Yes,Yes,No,Yes,No,No,Month-to-month,No,Mailed check,67.53,18.8,No
6121-VXMPM,Female,0,Yes,Yes,33,Yes,Yes,No,No internet service,No internet service,No internet service,No internet service,No internet service,No internet service,Two year,Yes,Credit card (automatic),23.29,822.07,No
6122-ARVCQ,Female,0,No,No,31,No,No phone service,Fiber optic,Yes,No,Yes,No,Yes,Yes,Two year,No,Electronic check,81.82,2502.24,No
6123-VEYFU,Female,0,No,No,20,Yes,Yes,Fiber optic,Yes,Yes,No,Yes,Yes,Yes,Month-to-month,Yes,Electronic check,85.23,1636.83,Yes
6124-QQAGV,Female,0,No,No,4,Yes,Yes,No,No internet service,No internet service,No internet service,No internet service,No internet service,No internet service,Two year,No,Credit card (automatic),21.83,26.87,No
6125-PEPDK,Male,0,No,Yes,27,Yes,No,No,No internet service,No internet service,No internet service,No internet service,No internet service,No internet service,Month-to-month,Yes,Bank transfer (automatic),18.25,472.66,No
6126-NMXHU,Male,1,Yes,No,47,No,No phone service,Fiber optic,No,Yes,No,No,No,No,Two year,No,Bank transfer (automatic),68.06,3262.05,No
6127-TORGU,Male,0,No,No,68,Yes,Yes,Fiber optic,Yes,Yes,Yes,No,Yes,Yes,Month-to-month,Yes,Mailed check,94.57,6462.14,No
6128-SYIKJ,Male,0,Yes,No,69,Yes,No,No,No internet service,No internet service,No internet service,No internet service,No internet service,No internet service,Month-to-month,Yes,Mailed check,18.99,1313.62,No
6129-NPHAL,Male,0,Yes,Yes,39,Yes,Yes,DSL,Yes,No,Yes,No,No,No,Month-to-month,Yes,Electronic check,44.12,1840.45,No
6130-CBPDB,Female,0,Yes,No,5,Yes,No,DSL,Yes,Yes,Yes,No,Yes,Yes,Month-to-month,Yes,Electronic check,67.02,360.22,Yes
6131-LXQTU,Female,0,No,No,13,Yes,No,DSL,Yes,No,Yes,Yes,No,No,Month-to-month,Yes,Electronic check,44.77,717.75,Yes
6132-JTHRY,Male,0,Yes,Yes,66,Yes,Yes,DSL,No,No,No,No,No,Yes,Two year,Yes,Mailed check,47.98,3143.29,No
6133-RRBLJ,Female,0,No,No,10,Yes,Yes,Fiber optic,No,Yes,No,No,No,No,Two year,No,Electronic check,71.32,711.41,Yes
6134-HSJKN,Male,0,No,No,38,Yes,No,No,No internet service,No internet service,No internet service,No internet service,No internet service,No internet service,Month-to-month,Yes,Bank transfer (automatic),26.65,973.19,No
6135-ZOXWJ,Female,1,No,No,40,Yes,No,DSL,No,Yes,No,Yes,No,No,Month-to-month,Yes,Bank transfer (automatic),44.38,1779.0,No
6136-DGKXV,Female,0,No,No,23,Yes,No,No,No internet service,No internet service,No internet service,No internet service,No internet service,No internet service,Month-to-month,Yes,Bank transfer (automatic),24.38,548.79,No
6137-VCEZB,Male,0,Yes,No,42,Yes,No,Fiber optic,Yes,No,No,No,Yes,Yes,Month-to-month,Yes,Credit card (automatic),87.39,3823.87,Yes
6138-LUEGD,Male,0,Yes,No,25,Yes,No,Fiber optic,No,No,Yes,Yes,Yes,Yes,Month-to-month,Yes,Bank transfer (automatic),75.52,1874.42,Yes
6139-KVIDV,Male,0,No,Yes,28,Yes,Yes,Fiber optic,No,No,Yes,No,No,No,Two year,No,Mailed check,54.27,1573.87,Yes
6140-IZLPA,Female,0,Yes,Yes,1,Yes,Yes,Fiber optic,Yes,No,Yes,Yes,No,No,Two year,Yes,Mailed check,62.99,60.17,No
6141-HATSD,Male,0,Yes,Yes,29,Yes,No,DSL,No,Yes,No,No,No,Yes,Two year,No,Electronic check,50.67,1500.04,No
6142-NWNII,Female,0,Yes,No,56,Yes,No,DSL,No,No,Yes,No,No,Yes,Month-to-month,Yes,Mailed check,51.43,2895.69,No
6143-ZQOJQ,Female,0,Yes,Yes,58,Yes,Yes,No,No internet service,No internet service,No internet service,No internet service,No internet service,No internet service,Two year,No,Bank transfer (automatic),22.45,1323.04,No
6144-IDNCY,Female,0,No,No,18,Yes,No,DSL,Yes,Yes,No,Yes,No,Yes,One year,No,Electronic check,56.41,1014.24,No
6145-ULVAA,Female,1,Yes,No,53,Yes,No,DSL,No,Yes,Yes,No,No,No,Month-to-month,Yes,Credit card (automatic),49.28,2525.88,No
6146-MNPGJ,Male,0,No,No,69,Yes,Yes,Fiber optic,No,Yes,Yes,No,Yes,No,Month-to-month,No,Mailed check,83.17,5782.72,No
6147-OHKXN,Male,1,Yes,No,22,Yes,Yes,No,No internet service,No internet service,No internet service,No internet service,No internet service,No internet service,Two year,Yes,Mailed check,18.25,306.51,No
6148-MWMIQ,Male,1,No,No,32,Yes,Yes,Fiber optic,Yes,No,No,Yes,No,Yes,Two year,Yes,Electronic check,77.01,2536.01,No
6149-RSMLU,Male,1,No,Yes,65,Yes,Yes,Fiber optic,Yes,No,No,Yes,Yes,No,Two year,Yes,Electronic check,77.51,5063.88,No
6150-TTHXK,Female,0,No,No,10,Yes,No,Fiber optic,No,Yes,No,No,Yes,No,Two year,No,Credit card (automatic),75.08,763.63,No
6151-GAJOD,Male,0,Yes,No,17,Yes,Yes,No,No internet service,No internet service,No internet service,No internet service,No internet service,No internet service,Two year,No,Mailed check,28.04,477.79,No
6152-AKESS,Male,0,Yes,No,64,No,No phone service,DSL,No,Yes,Yes,No,Yes,Yes,Month-to-month,No,Credit card (automatic),68.57,4453.21,Yes
6153-DBGMT,Male,0,No,No,31,Yes,No,DSL,Yes,No,No,Yes,No,No,One year,Yes,Bank transfer (automatic),48.64,1573.95,No
6154-ULBVI,Male,0,Yes,Yes,3,Yes,No,DSL,No,Yes,Yes,No,No,No,Month-to-month,No,Credit card (automatic),42.98,51.86,Yes
6155-PHXRD,Female,0,Yes,No,35,Yes,No,DSL,No,No,No,Yes,No,No,Two year,No,Bank transfer (automatic),44.65,1444.79,No
6156-XKQHS,Female,0,No,No,56,Yes,No,DSL,No,Yes,No,Yes,Yes,No,Two year,Yes,Bank transfer (automatic),53.61,3031.03,No
6157-HFWBO,Female,1,No,Yes,32,Yes,No,Fiber optic,No,No,No,No,Yes,No,Two year,Yes,Credit card (automatic),73.41,2348.65,No
6158-AFSDM,Female,0,No,No,13,No,No phone service,No,No internet service,No internet service,No internet service,No internet service,No internet service,No internet service,Month-to-month,Yes,Bank transfer (automatic),18.25,206.33,No
6159-OICBP,Male,0,No,Yes,47,Yes,Yes,Fiber optic,No,No,Yes,No,Yes,No,Month-to-month,Yes,Electronic check,73.34,3452.58,Yes
6160-RRFRK,Female,0,No,No,36,Yes,Yes,DSL,No,No,No,No,No,Yes,Month-to-month,Yes,Bank transfer (automatic),53.32,1869.43,Yes
6161-GWWNR,Male,1,No,No,4,Yes,Yes,Fiber optic,No,No,No,No,No,No,Month-to-month,No,Electronic check,61.42,269.94,Yes
6162-GJHXN,Male,1,Yes,No,49,No,No phone service,Fiber optic,No,No,Yes,No,Yes,No,Two year,No,Mailed check,58.53,2825.85,No
6163-RENVY,Male,0,No,No,60,No,No phone service,No,No internet service,No internet service,No internet service,No internet service,No internet service,No internet service,Month-to-month,Yes,Credit card (automatic),24.56,1465.16,No
6164-VZVJZ,Male,0,No,Yes,68,Yes,No,No,No internet service,No internet service,No internet service,No internet service,No internet service,No internet service,Month-to-month,Yes,Credit card (automatic),25.86,1781.84,No
6165-OFIJW,Female,0,Yes,No,37,Yes,Yes,Fiber optic,No,Yes,No,No,No,No,Two year,No,Mailed check,59.03,2152.66,No
6166-QANDB,Female,0,No,No,45,Yes,No,Fiber optic,Yes,No,Yes,Yes,Yes,No,Two year,Yes,Credit card (automatic),79.79,3567.27,No
6167-CGWNL,Male,0,Yes,Yes,14,Yes,Yes,Fiber optic,Yes,Yes,No,Yes,No,Yes,One year,No,Mailed check,74.49,1035.99,No
6168-SROAY,Female,0,No,No,36,Yes,No,No,No internet service,No internet service,No internet service,No internet service,No internet service,No internet service,Month-to-month,No,Electronic check,18.25,669.76,Yes
6169-ZCYOD,Female,0,No,Yes,26,Yes,Yes,DSL,No,No,No,No,No,Yes,One year,Yes,Electronic check,48.95,1340.19,No
6170-OJFMG,Male,0,Yes,No,0,Yes,No,DSL,No,Yes,No,No,Yes,No,Month-to-month,Yes,Electronic check,59.9,18.8,No
6171-ZVAVK,Male,1,Yes,Yes,28,Yes,No,Fiber optic,No,No,Yes,Yes,No,Yes,Month-to-month,Yes,Bank transfer (automatic),72.92,2077.8,No
6172-NFESZ,Female,0,No,No,71,Yes,Yes,Fiber optic,Yes,No,No,No,Yes,No,Two year,No,Mailed check,74.8,5338.11,No
6173-SZMGH,Male,0,No,Yes,6,No,No phone service,DSL,Yes,No,Yes,No,No,Yes,Month-to-month,Yes,Electronic check,53.86,336.47,Yes
6174-NSSWZ,Female,0,Yes,No,28,Yes,Yes,Fiber optic,No,Yes,No,No,No,No,One year,Yes,Mailed check,67.15,1923.15,Yes
6175-LWINF,Male,0,No,No,30,Yes,No,DSL,Yes,No,No,No,Yes,No,One year,Yes,Credit card (automatic),55.61,1745.42,No
6176-OMGKJ,Male,0,Yes,No,37,Yes,No,Fiber optic,No,Yes,No,Yes,Yes,No,Month-to-month,Yes,Electronic check,79.92,2960.57,Yes
6177-AGRWC,Male,0,Yes,No,7,No,No phone service,Fiber optic,Yes,No,No,Yes,Yes,Yes,Month-to-month,Yes,Bank transfer (automatic),80.67,598.61,Yes
6178-IEWXM,Male,0,No,Yes,36,Yes,Yes,Fiber optic,No,No,No,Yes,No,Yes,Month-to-month,Yes,Electronic check,79.45,2831.62,No
6179-PPLRK,Female,0,No,Yes,58,Yes,Yes,Fiber optic,No,No,No,No,No,Yes,Two year,No,Credit card (automatic),74.5,4303.15,No
6180-QGOFF,Female,0,Yes,No,53,No,No phone service,No,No internet service,No internet service,No internet service,No internet service,No internet service,No internet service,Month-to-month,Yes,Mailed check,18.25,915.75,No
6181-RSTSB,Female,1,No,No,57,Yes,No,DSL,Yes,Yes,No,No,No,No,Two year,No,Electronic check,50.85,2883.0,No
6182-CNVYD,Female,0,Yes,No,25,Yes,No,Fiber optic,No,No,No,No,No,No,Month-to-month,Yes,Credit card (automatic),53.96,1362.44,No
6183-VQFSI,Male,0,No,No,47,Yes,No,Fiber optic,No,No,Yes,No,Yes,Yes,One year,Yes,Electronic check,79.49,3735.33,Yes
6184-DGDKV,Male,1,Yes,Yes,10,Yes,Yes,DSL,No,No,Yes,Yes,No,Yes,One year,Yes,Mailed check,38.27,370.81,No
6185-WBJFH,Female,0,Yes,No,22,No,No phone service,DSL,No,No,No,No,Yes,No,Month-to-month,Yes,Electronic check,43.14,936.79,No
6186-OMVBT,Female,0,Yes,Yes,33,Yes,No,DSL,No,Yes,Yes,No,No,Yes,Two year,Yes,Credit card (automatic),54.68,1797.74,No
6187-AOGXZ,Female,0,Yes,Yes,32,Yes,Yes,Fiber optic,No,No,Yes,Yes,No,No,Month-to-month,Yes,Mailed check,57.47,1832.72,No
6188-RJOEX,Female,0,Yes,Yes,1,Yes,Yes,DSL,Yes,Yes,No,No,No,Yes,Two year,Yes,Electronic check,65.19,142.89,No
6189-KHUHF,Female,0,Yes,No,60,Yes,No,DSL,No,Yes,No,No,No,No,One year,No,Credit card (automatic),42.96,2575.57,No
6190-OOEMN,Male,0,No,No,3,Yes,Yes,Fiber optic,No,No,No,No,No,No,Two year,Yes,Credit card (automatic),62.26,135.12,No
6191-KTULT,Female,0,Yes,Yes,11,Yes,No,Fiber optic,No,Yes,No,No,Yes,No,Two year,Yes,Electronic check,81.22,985.85,Yes
6192-ACHWL,Female,0,Yes,Yes,28,Yes,Yes,DSL,Yes,Yes,Yes,No,No,No,Month-to-month,Yes,Bank transfer (automatic),43.13,1204.89,No
6193-OWCYV,Male,0,No,Yes,41,Yes,No,No,No internet service,No internet service,No internet service,No internet service,No internet service,No internet service,One year,Yes,Mailed check,18.25,739.99,No
6194-HXSTF,Male,1,Yes,No,56,Yes,Yes,DSL,Yes,No,No,Yes,No,Yes,One year,Yes,Credit card (automatic),51.73,2851.44,No
6195-RKLWB,Female,0,No,No,49,Yes,No,DSL,No,Yes,No,Yes,Yes,No,One year,Yes,Mailed check,54.62,2637.99,No
6196-EDIMM,Female,0,Yes,No,65,Yes,No,DSL,Yes,No,No,No,No,No,Month-to-month,No,Electronic check,48.44,3227.97,Yes
6197-OBWMG,Female,0,Yes,No,6,No,No phone service,DSL,No,No,No,No,No,Yes,Two year,Yes,Credit card (automatic),42.83,211.72,No
6198-WQHRO,Male,0,Yes,No,56,Yes,No,DSL,No,Yes,Yes,No,No,No,Month-to-month,Yes,Mailed check,38.79,2134.13,No
6199-OEBPE,Female,0,Yes,Yes,45,Yes,Yes,Fiber optic,No,No,No,No,No,No,Month-to-month,Yes,Bank transfer (automatic),60.28,2742.5,Yes
6200-WFLET,Female,0,No,Yes,21,Yes,Yes,No,No internet service,No internet service,No internet service,No internet service,No internet service,No internet service,One year,No,Electronic check,18.25,305.56,No
6201-HKNXQ,Male,0,Yes,No,10,Yes,Yes,Fiber optic,No,No,No,No,No,No,Month-to-month,Yes,Credit card (automatic),56.53,615.98,No
6202-JBCMQ,Male,0,No,No,32,Yes,No,DSL,Yes,No,No,No,Yes,Yes,Month-to-month,Yes,Credit card (automatic),61.09,1985.41,Yes
6203-CJHDM,Male,0,No,No,53,No,No phone service,No,No internet service,No internet service,No internet service,No internet service,No internet service,No internet service,Two year,Yes,Electronic check,18.25,960.25,No
6204-GGPEQ,Male,0,Yes,Yes,19,Yes,No,DSL,No,Yes,No,Yes,Yes,Yes,One year,No,Electronic check,72.75,1401.69,No
6205-JDWNE,Female,0,No,No,4,Yes,No,Fiber optic,No,No,Yes,Yes,No,Yes,Month-to-month,Yes,Electronic check,66.53,344.41,Yes
6206-BNXRX,Male,0,Yes,Yes,67,Yes,Yes,DSL,No,No,No,No,No,Yes,Two year,No,Mailed check,45.11,3062.57,No
6207-KPRPU,Male,0,No,Yes,13,Yes,No,Fiber optic,No,Yes,No,Yes,No,No,Month-to-month,No,Electronic check,61.97,849.83,Yes
6208-DANLX,Male,1,No,No,2,Yes,No,Fiber optic,Yes,No,No,No,No,No,One year,No,Electronic check,61.43,149.57,Yes
6209-JSDTU,Female,0,Yes,Yes,57,Yes,No,Fiber optic,No,No,No,Yes,No,No,Two year,No,Bank transfer (automatic),63.14,3589.17,No
6210-CYDZO,Male,1,No,Yes,26,No,No phone service,Fiber optic,No,No,Yes,Yes,Yes,No,One year,Yes,Mailed check,72.2,1871.74,No
6211-KPDFH,Female,0,Yes,Yes,3,Yes,Yes,No,No internet service,No internet service,No internet service,No internet service,No internet service,No internet service,Month-to-month,No,Bank transfer (automatic),18.25,65.28,Yes
6212-MWTDE,Male,0,Yes,Yes,66,Yes,No,DSL,Yes,Yes,No,No,No,No,One year,Yes,Bank transfer (automatic),49.27,3283.16,No
6213-JELAX,Female,0,Yes,Yes,63,Yes,Yes,Fiber optic,No,Yes,Yes,No,No,Yes,One year,No,Mailed check,71.61,4490.21,No
6214-JESST,Female,0,No,Yes,41,No,No phone service,DSL,No,Yes,Yes,Yes,No,No,Month-to-month,Yes,Bank transfer (automatic),45.81,1904.22,No
6215-LWPEQ,Female,0,Yes,No,28,Yes,Yes,Fiber optic,No,No,Yes,Yes,No,No,Month-to-month,No,Credit card (automatic),65.42,1819.66,Yes
6216-NLMUN,Male,0,Yes,No,34,Yes,No,DSL,No,No,Yes,No,Yes,No,One year,Yes,Bank transfer (automatic),55.24,1890.09,No
6217-EVWER,Female,0,Yes,No,18,Yes,Yes,No,No internet service,No internet service,No internet service,No internet service,No internet service,No internet service,Month-to-month,No,Credit card (automatic),22.16,403.01,No
6218-NRTAG,Male,0,Yes,No,68,Yes,Yes,Fiber optic,No,No,Yes,No,Yes,No,Month-to-month,Yes,Credit card (automatic),67.1,4582.36,No
6219-QCJGL,Male,0,Yes,Yes,30,Yes,No,Fiber optic,No,Yes,No,No,Yes,No,Month-to-month,No,Mailed check,71.44,2161.35,Yes
6220-VOWUP,Female,0,Yes,Yes,42,Yes,No,No,No internet service,No internet service,No internet service,No internet service,No internet service,No internet service,Month-to-month,Yes,Electronic check,18.25,766.38,No
6221-HFDKQ,Male,1,Yes,No,72,Yes,No,Fiber optic,Yes,Yes,No,No,No,Yes,Month-to-month,Yes,Bank transfer (automatic),79.47,5680.62,No
6222-BFDCG,Female,0,Yes,No,20,Yes,Yes,No,No internet service,No internet service,No internet service,No internet service,No internet service,No internet service,Two year,Yes,Electronic check,18.25,433.46,No
6223-GPBHO,Male,0,No,Yes,64,Yes,No,Fiber optic,Yes,No,Yes,Yes,Yes,Yes,Month-to-month,Yes,Bank transfer (automatic),89.94,5733.41,No
6224-PAJGP,Female,0,No,No,33,Yes,Yes,DSL,No,Yes,No,Yes,Yes,Yes,Month-to-month,No,Mailed check,57.99,1972.36,No
6225-JLQML,Male,1,Yes,No,60,Yes,No,Fiber optic,No,No,No,Yes,Yes,Yes,One year,No,Bank transfer (automatic),83.71,4963.76,No
6226-ONSSZ,Female,0,No,Yes,35,Yes,No,No,No internet service,No internet service,No internet service,No internet service,No internet service,No internet service,Month-to-month,Yes,Electronic check,18.25,583.52,No
6227-NRZET,Male,0,Yes,No,40,Yes,Yes,DSL,Yes,No,Yes,No,No,No,Month-to-month,No,Mailed check,39.87,1649.64,No
6228-FRNDW,Male,0,No,No,33,Yes,No,No,No internet service,No internet service,No internet service,No internet service,No internet service,No internet service,Two year,Yes,Credit card (automatic),18.25,689.54,No
6229-AMKCQ,Female,0,Yes,No,24,No,No phone service,DSL,No,No,Yes,No,No,Yes,Month-to-month,Yes,Electronic check,45.69,1125.75,No
6230-RYJPU,Male,1,No,Yes,56,Yes,Yes,Fiber optic,No,No,No,Yes,Yes,Yes,Two year,No,Mailed check,85.44,4714.08,No
6231-MTLDH,Male,0,No,Yes,64,Yes,No,DSL,No,Yes,No,No,No,No,One year,No,Bank transfer (automatic),44.67,2915.76,No
6232-LSOPL,Female,0,No,No,21,Yes,Yes,Fiber optic,Yes,Yes,No,No,No,No,Two year,No,Bank transfer (automatic),75.79,1544.89,Yes
6233-TRVLP,Female,0,No,Yes,59,Yes,Yes,Fiber optic,No,No,No,No,No,No,One year,Yes,Electronic check,60.29,3501.98,No
6234-YTKVT,Female,0,No,Yes,53,Yes,No,DSL,No,No,No,No,Yes,No,Month-to-month,No,Bank transfer (automatic),46.03,2447.32,No
6235-NBMNF,Female,1,Yes,No,21,No,No phone service,DSL,Yes,No,Yes,Yes,No,No,One year,Yes,Mailed check,38.0,773.16,No
6236-LGDGM,Female,1,No,Yes,60,Yes,No,Fiber optic,Yes,Yes,Yes,Yes,No,Yes,Month-to-month,No,Credit card (automatic),78.14,4729.03,Yes
6237-KHSBU,Male,0,Yes,No,65,Yes,No,No,No internet service,No internet service,No internet service,No internet service,No internet service,No internet service,One year,No,Bank transfer (automatic),18.25,1211.96,No
6238-RZUJF,Female,0,Yes,No,44,Yes,Yes,DSL,No,No,Yes,No,Yes,No,One year,No,Mailed check,52.47,2291.67,No
6239-XVDSN,Male,0,Yes,No,71,Yes,Yes,DSL,No,Yes,No,Yes,Yes,No,One year,Yes,Credit card (automatic),59.96,4288.99,No
6240-NRQRR,Male,0,No,No,68,Yes,No,DSL,No,Yes,No,No,Yes,No,One year,Yes,Bank transfer (automatic),61.97,4325.5,No
6241-EIADZ,Male,1,Yes,No,63,Yes,Yes,DSL,No,Yes,No,No,No,Yes,Month-to-month,No,Mailed check,57.33,3597.95,No
6242-GKNJS,Male,0,No,No,9,Yes,Yes,Fiber optic,Yes,Yes,No,No,No,No,Two year,Yes,Electronic check,65.21,604.44,No
6243-HCHRE,Male,0,No,No,66,Yes,Yes,No,No internet service,No internet service,No internet service,No internet service,No internet service,No internet service,One year,No,Electronic check,23.39,1574.36,No
6244-TKISL,Female,0,Yes,No,10,Yes,Yes,Fiber optic,No,No,Yes,No,Yes,Yes,Month-to-month,Yes,Electronic check,83.45,863.06,Yes
6245-EPZYM,Female,0,Yes,Yes,27,Yes,Yes,DSL,No,No,Yes,No,Yes,No,Two year,Yes,Credit card (automatic),45.87,1343.39,No
6246-FPRQL,Female,1,No,Yes,4,Yes,No,Fiber optic,No,No,Yes,No,Yes,No,Month-to-month,No,Electronic check,71.06,342.14,Yes
6247-AGNRW,Female,0,No,Yes,11,Yes,Yes,DSL,Yes,Yes,Yes,Yes,No,Yes,One year,Yes,Credit card (automatic),57.34,581.78,No
6248-ATJOK,Female,0,Yes,No,43,Yes,No,DSL,No,Yes,Yes,Yes,No,No,One year,Yes,Bank transfer (automatic),40.67,1701.28,No
6249-DOUPZ,Female,0,Yes,No,28,Yes,Yes,Fiber optic,No,Yes,No,No,No,No,Month-to-month,Yes,Electronic check,69.8,1948.66,Yes
6250-OQWKR,Male,0,Yes,Yes,35,Yes,No,DSL,Yes,No,No,Yes,No,Yes,Month-to-month,No,Credit card (automatic),55.61,1975.67,No
6251-POKMR,Female,0,Yes,Yes,34,Yes,No,Fiber optic,Yes,Yes,Yes,No,Yes,No,Two year,Yes,Credit card (automatic),85.02,2942.06,No
6252-HIVKQ,Female,0,Yes,No,7,Yes,No,DSL,No,Yes,No,No,No,No,One year,Yes,Mailed check,44.19,360.44,Yes
6253-AKGHS,Female,0,No,No,15,Yes,No,No,No internet service,No internet service,No internet service,No internet service,No internet service,No internet service,Month-to-month,Yes,Mailed check,18.25,272.95,Yes
6254-YDDSX,Female,0,No,No,42,Yes,No,DSL,Yes,Yes,No,No,No,No,Month-to-month,Yes,Credit card (automatic),40.55,1733.23,Yes
6255-IQRAN,Female,1,No,No,68,No,No phone service,Fiber optic,No,No,Yes,No,Yes,No,Month-to-month,Yes,Mailed check,78.56,5421.71,Yes
6256-DJWNG,Male,1,Yes,Yes,15,No,No phone service,DSL,No,No,Yes,No,No,Yes,One year,No,Mailed check,55.43,858.19,No
6257-LVPEK,Male,0,Yes,No,55,Yes,No,DSL,No,No,Yes,No,No,Yes,One year,No,Credit card (automatic),45.76,2536.17,No
6258-DMHGK,Male,0,No,Yes,40,No,No phone service,Fiber optic,Yes,No,Yes,No,Yes,No,Month-to-month,No,Electronic check,63.63,2594.49,Yes
6259-KZQVN,Female,1,No,No,7,No,No phone service,No,No internet service,No internet service,No internet service,No internet service,No internet service,No internet service,Two year,Yes,Credit card (automatic),25.25,188.52,No
6260-BTUHV,Female,0,Yes,No,53,Yes,No,Fiber optic,No,Yes,No,No,Yes,No,One year,Yes,Credit card (automatic),76.68,4099.31,No
6261-BUOEF,Female,0,No,No,4,No,No phone service,No,No internet service,No internet service,No internet service,No internet service,No internet service,No internet service,One year,No,Electronic check,24.14,190.65,No
6262-QHSEW,Male,0,No,No,8,Yes,No,DSL,No,No,Yes,No,Yes,Yes,One year,Yes,Bank transfer (automatic),50.01,342.65,No
6263-SNJMV,Male,1,No,No,65,Yes,Yes,DSL,No,No,No,No,Yes,No,One year,Yes,Electronic check,43.64,2828.17,No
6264-EGJKC,Female,0,No,No,70,No,No phone service,DSL,No,No,No,No,Yes,Yes,Two year,Yes,Mailed check,60.56,4209.87,No
6265-MBDCO,Female,0,No,No,29,Yes,No,Fiber optic,Yes,No,No,No,No,No,Two year,No,Bank transfer (automatic),61.67,1755.59,Yes
6266-DWUDO,Male,0,Yes,Yes,64,Yes,Yes,No,No internet service,No internet service,No internet service,No internet service,No internet service,No internet service,Month-to-month,Yes,Bank transfer (automatic),18.25,1140.53,No
6267-FWELG,Male,0,No,No,29,No,No phone service,Fiber optic,Yes,Yes,No,No,No,Yes,Month-to-month,No,Bank transfer (automatic),70.01,1924.42,No
6268-CGLOS,Male,0,Yes,Yes,46,Yes,No,Fiber optic,No,Yes,Yes,No,No,No,One year,No,Mailed check,62.82,2868.4,No
6269-FHFZC,Female,1,Yes,No,30,Yes,No,No,No internet service,No internet service,No internet service,No internet service,No internet service,No internet service,Two year,Yes,Bank transfer (automatic),21.03,685.1,No
6270-EIXPV,Male,0,Yes,No,59,Yes,No,Fiber optic,No,No,No,No,Yes,Yes,Month-to-month,Yes,Mailed check,83.35,4856.22,No
6271-PIRMK,Female,0,Yes,No,8,Yes,Yes,Fiber optic,Yes,Yes,No,No,No,Yes,Two year,Yes,Electronic check,82.0,570.14,No
6272-YJJFP,Female,1,No,No,53,Yes,No,DSL,No,No,No,Yes,No,Yes,One year,Yes,Electronic check,47.83,2506.56,No
6273-YLDEB,Female,0,Yes,No,60,Yes,Yes,Fiber optic,Yes,No,Yes,No,No,No,Month-to-month,Yes,Bank transfer (automatic),68.98,4100.43,No
6274-SADLB,Male,0,No,No,63,Yes,Yes,Fiber optic,Yes,No,No,Yes,No,Yes,Month-to-month,Yes,Mailed check,72.92,4636.47,Yes
6275-LPBQZ,Male,0,Yes,Yes,5,Yes,No,No,No internet service,No internet service,No internet service,No internet service,No internet service,No internet service,Month-to-month,Yes,Mailed check,29.51,234.98,Yes
6276-BDFWG,Male,0,Yes,No,44,Yes,No,Fiber optic,No,No,No,No,Yes,No,Month-to-month,No,Mailed check,71.75,3268.37,No
6277-WOTLE,Male,0,No,No,64,Yes,No,DSL,No,No,No,Yes,No,No,One year,Yes,Credit card (automatic),39.72,2505.32,No
6278-NPKLS,Female,1,Yes,No,36,Yes,No,DSL,Yes,Yes,No,No,No,No,Two year,Yes,Bank transfer (automatic),50.13,1834.86,No
6279-QXZGI,Female,0,No,No,72,Yes,No,Fiber optic,No,No,No,Yes,No,No,Month-to-month,No,Bank transfer (automatic),55.67,4007.17,No
6280-NZTLO,Female,1,Yes,No,16,Yes,No,No,No internet service,No internet service,No internet service,No internet service,No internet service,No internet service,Two year,Yes,Bank transfer (automatic),23.82,402.09,No
6281-LUUWM,Female,0,No,Yes,24,Yes,No,Fiber optic,No,No,No,No,Yes,Yes,Month-to-month,Yes,Bank transfer (automatic),76.15,1856.28,No
6282-IXGAJ,Male,0,Yes,No,49,No,No phone service,DSL,No,No,No,No,No,No,Month-to-month,Yes,Electronic check,45.29,2216.04,Yes
6283-FZOOI,Female,0,No,No,70,Yes,Yes,DSL,No,Yes,Yes,Yes,No,Yes,One year,Yes,Electronic check,56.04,3875.66,No
6284-MWAIC,Male,1,Yes,No,30,Yes,Yes,No,No internet service,No internet service,No internet service,No internet service,No internet service,No internet service,Month-to-month,Yes,Bank transfer (automatic),18.25,509.15,No
6285-ITYOX,Female,0,No,No,31,Yes,Yes,DSL,No,Yes,No,No,No,No,Month-to-month,Yes,Electronic check,47.06,1469.39,Yes
6286-GDYTQ,Male,0,No,No,47,No,No phone service,DSL,No,Yes,No,Yes,No,Yes,Two year,No,Electronic check,51.7,2448.56,No
6287-VDZSE,Female,0,Yes,No,16,No,No phone service,Fiber optic,No,No,No,No,No,Yes,Month-to-month,Yes,Electronic check,66.23,1028.86,Yes
6288-PCKYV,Female,0,Yes,Yes,60,Yes,Yes,DSL,Yes,Yes,No,No,No,Yes,Two year,Yes,Mailed check,60.93,3644.74,No
6289-OSUXN,Male,0,No,Yes,56,Yes,No,DSL,No,Yes,Yes,No,No,No,Month-to-month,No,Electronic check,46.53,2664.11,Yes
6290-PXFEU,Female,0,No,No,56,Yes,No,DSL,Yes,No,No,Yes,Yes,No,Month-to-month,Yes,Electronic check,52.75,2954.71,No
6291-QPBKD,Male,0,Yes,Yes,69,Yes,No,No,No internet service,No internet service,No internet service,No internet service,No internet service,No internet service,Two year,No,Electronic check,18.25,1282.68,No
6292-FGQHA,Female,0,No,Yes,32,No,No phone service,DSL,Yes,Yes,No,Yes,Yes,No,Month-to-month,No,Electronic check,58.08,1933.75,Yes
6293-YOTLO,Male,1,No,No,18,Yes,Yes,No,No internet service,No internet service,No internet service,No internet service,No internet service,No internet service,One year,Yes,Mailed check,22.91,419.52,No
6294-WVOIP,Male,0,No,No,14,Yes,Yes,DSL,Yes,Yes,No,Yes,No,Yes,Month-to-month,No,Bank transfer (automatic),63.26,862.92,Yes
6295-BOOGU,Male,0,No,No,34,Yes,Yes,No,No internet service,No internet service,No internet service,No internet service,No internet service,No internet service,Month-to-month,Yes,Bank transfer (automatic),22.79,750.53,Yes
6296-MWQKJ,Male,0,No,No,48,Yes,No,No,No internet service,No internet service,No internet service,No internet service,No internet service,No internet service,Two year,Yes,Bank transfer (automatic),18.25,907.83,No
6297-YANEH,Female,0,No,Yes,35,Yes,No,Fiber optic,No,Yes,No,Yes,No,Yes,Two year,No,Electronic check,85.66,2922.96,No
6298-AGBGG,Male,1,No,Yes,53,Yes,Yes,Fiber optic,No,Yes,Yes,No,No,No,One year,No,Bank transfer (automatic),53.7,2921.39,No
6299-IVDWG,Male,0,Yes,No,35,Yes,Yes,DSL,No,No,No,Yes,No,Yes,Month-to-month,Yes,Bank transfer (automatic),45.38,1646.47,No
6300-TRMKI,Male,0,No,No,52,Yes,No,Fiber optic,Yes,Yes,No,Yes,No,No,Month-to-month,Yes,Mailed check,72.54,3705.11,Yes
6301-NHUNU,Male,0,No,No,59,Yes,No,Fiber optic,No,No,No,No,No,No,Month-to-month,No,Bank transfer (automatic),67.61,3963.6,Yes
6302-QYNZX,Female,0,No,Yes,43,Yes,No,No,No internet service,No internet service,No internet service,No internet service,No internet service,No internet service,One year,Yes,Bank transfer (automatic),21.62,904.24,No
6303-EJFJK,Male,0,Yes,No,32,Yes,Yes,Fiber optic,Yes,Yes,No,No,Yes,Yes,Two year,No,Mailed check,88.41,2856.06,No
6304-ZXFJN,Female,0,Yes,No,43,Yes,No,DSL,No,Yes,No,No,No,No,Month-to-month,Yes,Credit card (automatic),50.89,2150.69,No
6305-TCGBG,Female,0,No,Yes,54,Yes,No,DSL,Yes,No,Yes,Yes,No,No,Month-to-month,Yes,Electronic check,42.53,2177.65,Yes
6306-QMZUI,Male,0,No,Yes,43,No,No phone service,No,No internet service,No internet service,No internet service,No internet service,No internet service,No internet service,Month-to-month,Yes,Electronic check,18.25,846.1,No
6307-MOMQH,Male,0,Yes,No,50,Yes,Yes,DSL,Yes,No,No,Yes,No,No,Month-to-month,Yes,Electronic check,49.02,2336.56,No
6308-IIHPT,Male,0,Yes,Yes,50,Yes,Yes,Fiber optic,No,No,No,Yes,No,Yes,Month-to-month,No,Bank transfer (automatic),77.28,3948.47,Yes
6309-GQGFE,Male,0,No,No,6,Yes,No,Fiber optic,No,No,No,No,Yes,No,One year,Yes,Credit card (automatic),62.13,353.44,No
6310-QHZAP,Female,0,No,Yes,0,Yes,No,DSL,No,No,No,No,Yes,No,Month-to-month,Yes,Credit card (automatic),58.27,18.8,No
6311-QCMHP,Female,0,No,Yes,12,No,No phone service,Fiber optic,Yes,Yes,Yes,No,No,Yes,Two year,Yes,Credit card (automatic),84.53,1001.12,No
6312-XGUOX,Male,0,No,No,72,Yes,No,No,No internet service,No internet service,No internet service,No internet service,No internet service,No internet service,Month-to-month,Yes,Credit card (automatic),24.12,1714.38,No
6313-BXBJE,Male,0,Yes,Yes,47,Yes,No,No,No internet service,No internet service,No internet service,No internet service,No internet service,No internet service,Month-to-month,Yes,Credit card (automatic),24.31,1146.13,No
6314-DOMQU,Female,0,No,Yes,46,Yes,No,Fiber optic,No,Yes,No,Yes,No,Yes,Month-to-month,Yes,Mailed check,78.25,3586.16,Yes
6315-WARON,Female,0,No,No,46,Yes,No,Fiber optic,No,No,No,Yes,No,Yes,Two year,Yes,Bank transfer (automatic),72.26,3281.69,No
6316-ILEWB,Male,0,No,Yes,9,Yes,Yes,Fiber optic,Yes,No,Yes,Yes,No,Yes,Two year,No,Electronic check,73.77,694.52,No
6317-WWGUI,Male,1,Yes,No,25,Yes,Yes,DSL,Yes,No,No,No,No,No,One year,Yes,Electronic check,38.71,956.23,No
6318-RDBXA,Male,0,Yes,No,49,Yes,No,Fiber optic,No,No,No,No,No,Yes,Month-to-month,Yes,Credit card (automatic),65.48,3307.2,No
6319-YLMNE,Male,0,No,Yes,46,Yes,Yes,No,No internet service,No internet service,No internet service,No internet service,No internet service,No internet service,Two year,No,Mailed check,21.36,938.34,No
6320-CDQSK,Male,0,No,Yes,43,Yes,Yes,DSL,No,Yes,Yes,No,No,Yes,One year,Yes,Mailed check,55.47,2409.91,Yes
6321-HLRRI,Male,1,No,No,0,Yes,No,No,No internet service,No internet service,No internet service,No internet service,No internet service,No internet service,Month-to-month,No,Electronic check,18.25,18.8,Yes
6322-EUQMF,Female,0,No,No,62,Yes,No,No,No internet service,No internet service,No internet service,No internet service,No internet service,No internet service,Month-to-month,No,Electronic check,18.25,1100.17,No
6323-XVNOW,Female,0,Yes,No,16,Yes,No,DSL,No,Yes,No,No,No,No,Month-to-month,Yes,Bank transfer (automatic),44.78,715.57,No
6324-NDRAL,Female,0,No,No,16,Yes,No,No,No internet service,No internet service,No internet service,No internet service,No internet service,No internet service,Two year,Yes,Credit card (automatic),18.25,324.29,Yes
6325-VIJUR,Female,1,No,Yes,38,Yes,Yes,Fiber optic,No,Yes,No,Yes,Yes,Yes,Month-to-month,Yes,Mailed check,81.28,3128.71,No
6326-QSDPG,Male,0,No,No,42,Yes,Yes,Fiber optic,No,No,No,Yes,No,No,Two year,Yes,Bank transfer (automatic),64.07,2682.9,No
6327-IHYGJ,Male,0,No,No,40,Yes,No,Fiber optic,No,No,Yes,No,Yes,Yes,Month-to-month,Yes,Bank transfer (automatic),74.87,3073.5,Yes
6328-HXQLN,Female,0,Yes,Yes,14,Yes,Yes,Fiber optic,Yes,No,No,No,Yes,No,One year,Yes,Mailed check,74.84,1089.43,No
6329-LYBLN,Male,0,No,Yes,0,Yes,Yes,No,No internet service,No internet service,No internet service,No internet service,No internet service,No internet service,Two year,No,Mailed check,22.5,18.8,No
6330-GZZMU,Male,0,Yes,No,57,Yes,No,DSL,Yes,Yes,Yes,Yes,No,Yes,Two year,Yes,Bank transfer (automatic),60.42,3478.5,No
6331-DAQCQ,Male,0,No,No,53,No,No phone service,Fiber optic,No,No,No,No,Yes,Yes,Month-to-month,Yes,Mailed check,78.12,4090.14,No
6332-HCJBV,Female,1,No,Yes,4,Yes,No,Fiber optic,Yes,Yes,No,Yes,No,No,Month-to-month,No,Electronic check,77.92,368.73,Yes
6333-DNKNM,Female,0,No,No,61,Yes,No,DSL,Yes,Yes,Yes,No,Yes,Yes,Month-to-month,Yes,Electronic check,74.37,4471.63,No
6334-DBBKV,Female,0,No,Yes,70,Yes,Yes,No,No internet service,No internet service,No internet service,No internet service,No internet service,No internet service,Two year,Yes,Electronic check,29.26,2069.99,No
6335-EITUQ,Female,0,Yes,No,45,Yes,No,No,No internet service,No internet service,No internet service,No internet service,No internet service,No internet service,Month-to-month,No,Mailed check,18.25,817.15,Yes
6336-LRCEU,Female,1,Yes,Yes,64,Yes,No,Fiber optic,Yes,No,No,Yes,Yes,No,Two year,Yes,Credit card (automatic),75.86,4783.39,No
6337-TNPZS,Female,1,No,No,27,Yes,Yes,DSL,No,No,No,No,No,No,Two year,No,Mailed check,45.07,1155.8,No
6338-IQVGJ,Female,0,Yes,No,40,Yes,No,No,No internet service,No internet service,No internet service,No internet service,No internet service,No internet service,Month-to-month,Yes,Bank transfer (automatic),29.75,1188.46,Yes
6339-DJCXI,Male,0,Yes,No,22,Yes,Yes,No,No internet service,No internet service,No internet service,No internet service,No internet service,No internet service,Month-to-month,No,Credit card (automatic),25.12,547.63,No
6340-MAOOK,Female,0,No,No,31,Yes,No,DSL,No,No,No,Yes,No,Yes,One year,No,Credit card (automatic),48.09,1453.26,No
6341-JYGAG,Male,0,No,No,57,Yes,No,Fiber optic,Yes,Yes,No,No,Yes,No,Month-to-month,Yes,Credit card (automatic),80.21,4552.49,Yes
6342-EZWPY,Male,0,Yes,Yes,38,No,No phone service,DSL,Yes,No,No,No,No,No,One year,Yes,Electronic check,44.96,1634.97,No
6343-HVBHN,Female,0,Yes,Yes,32,Yes,No,DSL,No,Yes,No,Yes,No,No,Month-to-month,Yes,Electronic check,45.64,1388.38,No
6344-DXOGT,Male,0,Yes,No,57,Yes,No,DSL,No,Yes,No,No,Yes,Yes,Month-to-month,Yes,Bank transfer (automatic),63.55,3606.56,No
6345-HKBIF,Male,0,No,No,31,Yes,No,Fiber optic,No,No,No,Yes,No,Yes,One year,Yes,Bank transfer (automatic),70.86,2105.12,No
6346-WZACJ,Female,0,Yes,No,49,Yes,No,No,No internet service,No internet service,No internet service,No internet service,No internet service,No internet service,Month-to-month,No,Credit card (automatic),18.25,883.38,No
6347-ELWAI,Male,0,No,Yes,50,Yes,No,DSL,No,Yes,Yes,No,No,No,Two year,Yes,Bank transfer (automatic),40.13,2029.15,No
6348-UMSGZ,Female,0,No,No,18,Yes,No,Fiber optic,No,No,No,No,No,Yes,Month-to-month,Yes,Bank transfer (automatic),73.68,1316.14,Yes
6349-PHZZS,Male,1,Yes,Yes,2,Yes,No,No,No internet service,No internet service,No internet service,No internet service,No internet service,No internet service,Two year,Yes,Bank transfer (automatic),30.15,84.38,No
6350-GWDJY,Male,0,Yes,No,16,Yes,Yes,Fiber optic,No,No,No,No,No,Yes,Month-to-month,Yes,Bank transfer (automatic),71.2,1101.49,Yes
6351-AQUMS,Male,1,No,Yes,42,No,No phone service,No,No internet service,No internet service,No internet service,No internet service,No internet service,No internet service,One year,No,Credit card (automatic),18.25,665.71,No
6352-ZMIEW,Male,0,Yes,No,28,Yes,Yes,No,No internet service,No internet service,No internet service,No internet service,No internet service,No internet service,Two year,No,Mailed check,18.25,537.41,No
6353-ABKDI,Female,0,No,Yes,43,Yes,Yes,Fiber optic,No,Yes,No,No,Yes,No,Month-to-month,Yes,Electronic check,71.2,3046.92,Yes
6354-EEYHB,Female,0,No,No,51,Yes,No,Fiber optic,No,No,No,No,No,Yes,Month-to-month,No,Electronic check,69.76,3502.05,Yes
6355-GQZKO,Female,0,Yes,No,27,Yes,No,DSL,Yes,Yes,Yes,Yes,No,No,Month-to-month,No,Electronic check,51.56,1373.36,No
6356-YCMRT,Male,0,Yes,No,33,Yes,Yes,Fiber optic,No,No,No,No,No,Yes,Month-to-month,Yes,Credit card (automatic),66.36,2149.53,Yes
6357-TCBET,Male,0,No,No,53,Yes,No,Fiber optic,No,Yes,No,No,No,No,Month-to-month,Yes,Bank transfer (automatic),64.88,3477.16,Yes
6358-EMHPR,Male,1,Yes,Yes,1,Yes,No,Fiber optic,No,No,Yes,No,No,Yes,One year,No,Mailed check,72.67,23.55,No
6359-YZPAH,Male,0,Yes,No,16,Yes,Yes,Fiber optic,No,No,Yes,No,No,No,One year,No,Bank transfer (automatic),64.84,993.66,No
6360-UBXEZ,Female,0,Yes,No,17,Yes,Yes,No,No internet service,No internet service,No internet service,No internet service,No internet service,No internet service,Month-to-month,Yes,Electronic check,21.06,354.69,Yes
6361-ONZCG,Male,0,No,Yes,27,Yes,Yes,No,No internet service,No internet service,No internet service,No internet service,No internet service,No internet service,Month-to-month,Yes,Bank transfer (automatic),18.25,493.01,Yes
6362-DKZLO,Female,0,No,No,27,Yes,Yes,DSL,Yes,No,No,No,No,No,Month-to-month,Yes,Credit card (automatic),37.78,1006.43,No
6363-FZXAR,Male,0,Yes,No,51,Yes,No,Fiber optic,No,No,No,Yes,No,No,One year,No,Bank transfer (automatic),58.48,2880.41,No
6364-NXGJI,Male,0,No,No,15,Yes,No,No,No internet service,No internet service,No internet service,No internet service,No internet service,No internet service,Month-to-month,No,Credit card (automatic),24.14,280.09,No
6365-BHVAT,Female,0,Yes,No,32,Yes,Yes,Fiber optic,No,Yes,No,Yes,No,No,One year,Yes,Bank transfer (automatic),66.05,2120.3,No
6366-BGYPV,Female,0,No,No,4,Yes,Yes,No,No internet service,No internet service,No internet service,No internet service,No internet service,No internet service,Month-to-month,No,Mailed check,22.44,31.99,No
6367-DUQDZ,Female,0,Yes,Yes,44,No,No phone service,Fiber optic,Yes,Yes,No,No,Yes,No,One year,Yes,Bank transfer (automatic),84.05,3723.14,No
6368-CIVOT,Female,0,Yes,No,36,Yes,No,Fiber optic,No,Yes,No,Yes,No,Yes,Two year,No,Electronic check,81.27,2808.55,No
6369-CLOTH,Male,0,No,Yes,51,Yes,Yes,DSL,Yes,No,No,Yes,No,Yes,Two year,Yes,Credit card (automatic),57.97,2930.75,No
6370-LUMOK,Female,0,Yes,No,63,Yes,No,DSL,No,Yes,No,Yes,Yes,No,Month-to-month,Yes,Bank transfer (automatic),57.11,3535.46,No
6371-QUXLT,Female,1,Yes,No,61,Yes,No,No,No internet service,No internet service,No internet service,No internet service,No internet service,No internet service,One year,No,Mailed check,18.25,1038.49,No
6372-RPCIG,Male,0,No,No,4,No,No phone service,Fiber optic,No,No,No,Yes,Yes,No,Month-to-month,Yes,Credit card (automatic),72.87,212.34,No
6373-SESJT,Male,0,No,No,10,No,No phone service,Fiber optic,No,No,Yes,No,No,Yes,Month-to-month,No,Electronic check,79.33,776.68,Yes
6374-LHCSK,Male,1,No,No,2,Yes,Yes,Fiber optic,No,No,Yes,Yes,No,No,Month-to-month,Yes,Mailed check,53.13,67.96,Yes
6375-HZMZW,Male,0,No,No,50,Yes,No,Fiber optic,No,No,No,No,No,No,Two year,Yes,Bank transfer (automatic),65.24,3229.16,No
6376-WJRLG,Female,0,No,No,59,Yes,Yes,Fiber optic,No,No,Yes,No,No,No,Month-to-month,No,Bank transfer (automatic),65.67,3814.39,Yes
6377-ZKJCG,Female,0,Yes,Yes,65,Yes,No,No,No internet service,No internet service,No internet service,No internet service,No internet service,No internet service,One year,Yes,Electronic check,21.54,1440.78,No
6378-DHHFM,Male,1,Yes,Yes,56,Yes,Yes,No,No internet service,No internet service,No internet service,No internet service,No internet service,No internet service,Month-to-month,No,Electronic check,18.25,1019.2,No
6379-LCFVS,Female,0,Yes,No,16,Yes,No,No,No internet service,No internet service,No internet service,No internet service,No internet service,No internet service,Month-to-month,No,Credit card (automatic),18.25,271.22,Yes
6380-KDOBO,Female,0,Yes,No,2,Yes,Yes,Fiber optic,Yes,Yes,Yes,Yes,Yes,No,Month-to-month,No,Electronic check,80.88,191.62,No
6381-QBGZP,Male,0,No,No,2,Yes,No,Fiber optic,No,No,Yes,No,No,Yes,Month-to-month,Yes,Mailed check,77.71,155.08,No
6382-EPYSB,Female,0,Yes,No,39,Yes,No,DSL,No,Yes,No,No,Yes,Yes,Month-to-month,Yes,Credit card (automatic),56.67,2169.28,No
6383-ODBWJ,Female,0,Yes,No,62,No,No phone service,DSL,Yes,Yes,No,Yes,Yes,No,One year,No,Bank transfer (automatic),58.57,3644.92,No
6384-VXERD,Male,0,Yes,No,50,Yes,No,DSL,No,Yes,No,No,Yes,Yes,One year,Yes,Mailed check,68.69,3515.25,No
6385-ARTFT,Female,0,Yes,Yes,0,Yes,No,Fiber optic,No,No,No,No,No,Yes,Month-to-month,No,Bank transfer (automatic),68.06,18.8,No
6386-TNZJR,Female,0,No,No,50,Yes,No,DSL,No,Yes,Yes,No,No,No,Month-to-month,Yes,Electronic check,43.82,2212.18,Yes
6387-ILJXX,Male,0,Yes,Yes,3,Yes,Yes,No,No internet service,No internet service,No internet service,No internet service,No internet service,No internet service,Month-to-month,No,Bank transfer (automatic),27.29,137.55,No
6388-USFNY,Female,0,Yes,No,3,Yes,No,Fiber optic,Yes,No,No,Yes,No,No,Month-to-month,Yes,Electronic check,68.2,208.59,Yes
6389-HWNKX,Male,0,No,Yes,46,No,No phone service,DSL,No,Yes,No,No,No,No,One year,Yes,Electronic check,47.39,2227.61,No
6390-PTFOO,Male,0,No,No,38,Yes,Yes,DSL,Yes,No,No,No,No,No,Month-to-month,Yes,Electronic check,38.84,1462.14,Yes
6391-NULBH,Male,0,No,Yes,48,Yes,No,Fiber optic,No,No,No,No,Yes,Yes,Month-to-month,Yes,Electronic check,76.79,3567.3,Yes
6392-SNEXI,Male,0,No,Yes,56,Yes,Yes,No,No internet service,No internet service,No internet service,No internet service,No internet service,No internet service,Month-to-month,Yes,Electronic check,20.73,1092.0,No
6393-MINEB,Male,0,No,No,38,Yes,Yes,No,No internet service,No internet service,No internet service,No internet service,No internet service,No internet service,Two year,Yes,Bank transfer (automatic),19.89,782.11,No
6394-GPKKW,Male,0,Yes,Yes,67,Yes,Yes,Fiber optic,Yes,No,No,No,No,No,Two year,Yes,Mailed check,66.61,4548.28,No
6395-LMHXP,Female,0,Yes,No,16,Yes,Yes,DSL,No,No,Yes,No,No,No,Month-to-month,Yes,Electronic check,47.23,716.12,Yes
6396-UAMKD,Male,1,No,No,14,Yes,Yes,No,No internet service,No internet service,No internet service,No internet service,No internet service,No internet service,Two year,No,Bank transfer (automatic),20.04,357.43,No
6397-DOCXS,Female,0,Yes,No,27,Yes,Yes,No,No internet service,No internet service,No internet service,No internet service,No internet service,No internet service,Month-to-month,Yes,Electronic check,22.55,553.05,No
6398-UBFVX,Male,0,Yes,No,15,Yes,No,No,No internet service,No internet service,No internet service,No internet service,No internet service,No internet service,Month-to-month,No,Credit card (automatic),18.25,251.91,No
6399-HQEBZ,Male,0,Yes,No,5,Yes,No,DSL,No,No,No,No,Yes,No,Month-to-month,Yes,Credit card (automatic),47.45,233.81,Yes
6400-LEJIT,Male,0,Yes,Yes,31,Yes,Yes,Fiber optic,No,No,Yes,No,Yes,No,Two year,Yes,Mailed check,72.87,2280.49,Yes
6401-HAXFX,Female,0,No,No,24,Yes,No,No,No internet service,No internet service,No internet service,No internet service,No internet service,No internet service,Two year,No,Mailed check,18.25,463.86,No
6402-VKCOK,Female,0,Yes,No,38,Yes,Yes,DSL,Yes,No,No,No,Yes,Yes,Two year,Yes,Electronic check,60.23,2283.31,No
6403-XEZPU,Male,1,Yes,Yes,16,Yes,No,Fiber optic,Yes,No,Yes,No,Yes,Yes,Two year,Yes,Electronic check,95.82,1655.58,No
6404-GFIGC,Female,1,No,Yes,45,Yes,No,DSL,No,Yes,No,No,Yes,Yes,Month-to-month,Yes,Credit card (automatic),68.57,3099.95,Yes
6405-KLUYK,Male,0,No,No,52,No,No phone service,DSL,No,No,No,No,No,Yes,Month-to-month,No,Mailed check,47.27,2424.72,Yes
6406-ZBAXX,Male,0,No,No,50,Yes,No,Fiber optic,Yes,No,No,No,No,Yes,Two year,No,Electronic check,80.64,4120.83,No
6407-BNMXE,Female,0,Yes,No,17,No,No phone service,No,No internet service,No internet service,No internet service,No internet service,No internet service,No internet service,Month-to-month,Yes,Mailed check,18.25,321.09,No
6408-BWWSQ,Male,0,Yes,No,19,Yes,Yes,DSL,No,Yes,No,Yes,No,Yes,Month-to-month,No,Electronic check,48.18,979.18,No
6409-KPTRT,Male,0,No,No,4,Yes,Yes,No,No internet service,No internet service,No internet service,No internet service,No internet service,No internet service,Month-to-month,No,Mailed check,18.25,18.8,No
6410-HBQKN,Female,0,Yes,No,61,Yes,No,Fiber optic,No,Yes,Yes,Yes,Yes,No,Month-to-month,Yes,Electronic check,71.12,4345.95,Yes
6411-POOCZ,Male,0,Yes,No,11,Yes,No,Fiber optic,No,No,Yes,No,No,Yes,Month-to-month,Yes,Mailed check,66.85,719.65,Yes
6412-GLVVW,Male,0,No,Yes,29,Yes,No,Fiber optic,No,No,No,No,Yes,Yes,One year,No,Electronic check,74.53,2134.69,Yes
6413-XCSJH,Female,1,Yes,Yes,15,Yes,No,Fiber optic,No,No,No,Yes,No,No,Month-to-month,Yes,Mailed check,59.89,907.3,Yes
6414-PPLWZ,Female,0,Yes,No,1,Yes,Yes,No,No internet service,No internet service,No internet service,No internet service,No internet service,No internet service,Month-to-month,Yes,Bank transfer (automatic),23.45,79.91,Yes
6415-ETFYF,Male,0,Yes,No,2,Yes,No,DSL,Yes,No,No,No,No,Yes,One year,Yes,Electronic check,54.01,100.34,No
6416-HQLVN,Male,0,Yes,No,7,Yes,No,Fiber optic,Yes,Yes,No,No,Yes,No,Two year,Yes,Electronic check,78.83,622.9,Yes
6417-BSFRD,Female,1,Yes,No,36,Yes,No,DSL,No,No,No,Yes,No,Yes,Month-to-month,Yes,Bank transfer (automatic),52.09,1813.41,No
6418-VEFOF,Female,1,Yes,Yes,52,Yes,No,DSL,Yes,No,No,No,No,No,Month-to-month,Yes,Mailed check,43.75,2290.79,No
6419-HIUVF,Male,0,Yes,Yes,54,Yes,No,Fiber optic,No,No,No,Yes,No,No,One year,Yes,Mailed check,62.92,3424.14,No
6420-VBPTA,Female,1,Yes,No,48,Yes,No,DSL,No,Yes,Yes,No,No,No,One year,Yes,Electronic check,44.09,1997.73,No
6421-PAAGP,Female,0,Yes,Yes,58,Yes,Yes,DSL,No,Yes,Yes,No,No,No,Month-to-month,Yes,Mailed check,49.78,2911.31,No
6422-QPPFR,Female,0,No,Yes,59,Yes,No,DSL,No,Yes,No,No,No,No,Month-to-month,No,Mailed check,44.47,2611.03,No
6423-VVCHD,Male,0,No,No,45,No,No phone service,DSL,Yes,No,Yes,No,Yes,No,One year,No,Electronic check,50.68,2301.14,No
6424-WDQVE,Male,0,Yes,No,62,Yes,Yes,Fiber optic,Yes,Yes,Yes,No,Yes,No,Two year,Yes,Credit card (automatic),84.42,5293.46,No
6425-YNOYL,Male,0,No,No,31,Yes,Yes,Fiber optic,Yes,No,No,No,No,Yes,Month-to-month,Yes,Mailed check,82.61,2572.38,No
6426-MXWRN,Male,0,No,No,65,Yes,Yes,Fiber optic,No,No,Yes,No,No,Yes,Month-to-month,Yes,Electronic check,66.04,4279.08,Yes
6427-XSVZG,Male,0,No,No,3,Yes,No,Fiber optic,No,Yes,Yes,No,No,No,One year,No,Credit card (automatic),68.72,130.68,No
6428-FEDRY,Female,0,Yes,Yes,28,Yes,Yes,DSL,No,No,No,No,No,No,One year,Yes,Mailed check,34.52,962.53,No
6429-NPWWT,Female,0,No,No,48,Yes,No,No,No internet service,No internet service,No internet service,No internet service,No internet service,No internet service,Two year,No,Bank transfer (automatic),18.25,948.23,No
6430-NEVKL,Female,0,No,No,22,Yes,Yes,DSL,No,Yes,Yes,Yes,Yes,No,Month-to-month,No,Mailed check,59.04,1144.27,No
6431-RDMTM,Male,0,Yes,Yes,2,Yes,Yes,Fiber optic,No,Yes,Yes,No,Yes,Yes,Two year,No,Bank transfer (automatic),87.37,233.01,No
6432-DWWGW,Male,0,No,No,53,Yes,No,DSL,No,No,No,No,No,Yes,Month-to-month,Yes,Electronic check,51.05,2737.14,No
6433-BUZRU,Female,0,No,No,20,Yes,No,DSL,No,No,No,No,Yes,No,Month-to-month,Yes,Mailed check,50.41,1005.39,No
6434-FPCVO,Female,1,Yes,No,43,Yes,No,Fiber optic,Yes,No,Yes,No,No,No,Two year,Yes,Mailed check,69.5,3018.56,No
6435-UTJIK,Female,0,Yes,No,19,Yes,Yes,DSL,Yes,No,Yes,No,No,No,Month-to-month,Yes,Mailed check,41.42,844.06,Yes
6436-NXLGK,Female,0,Yes,No,56,Yes,No,Fiber optic,No,No,No,No,No,No,Two year,Yes,Bank transfer (automatic),67.52,3759.22,No
6437-QYIVW,Male,0,Yes,No,68,Yes,No,Fiber optic,Yes,No,Yes,No,No,Yes,Month-to-month,Yes,Bank transfer (automatic),78.48,5341.14,Yes
6438-MPCEW,Male,1,Yes,No,70,Yes,No,No,No internet service,No internet service,No internet service,No internet service,No internet service,No internet service,Two year,Yes,Mailed check,18.25,1277.87,No
6439-QAUIW,Female,0,No,No,51,Yes,No,Fiber optic,No,No,Yes,Yes,Yes,No,Month-to-month,No,Bank transfer (automatic),65.13,3398.83,No
6440-QMOUH,Male,1,No,No,16,Yes,No,DSL,No,No,No,Yes,Yes,No,Month-to-month,Yes,Electronic check,45.17,723.0,Yes
6441-HBWJE,Male,0,No,No,65,Yes,Yes,Fiber optic,No,Yes,No,Yes,No,No,One year,Yes,Electronic check,67.92,4422.12,No
6442-PYSAM,Male,1,No,No,11,Yes,No,Fiber optic,No,Yes,Yes,No,No,Yes,Month-to-month,No,Electronic check,76.78,891.53,Yes
6443-DGABP,Male,0,Yes,No,57,Yes,Yes,DSL,Yes,Yes,No,No,No,Yes,Month-to-month,Yes,Electronic check,56.95,3271.53,No
6444-NEYNQ,Female,1,Yes,Yes,4,Yes,No,DSL,No,No,No,Yes,Yes,No,Two year,No,Electronic check,50.09,211.29,Yes
6445-LTLCU,Female,0,No,No,71,Yes,Yes,Fiber optic,No,Yes,No,No,Yes,No,One year,Yes,Mailed check,79.9,5606.65,No
6446-UZBUY,Male,1,Yes,No,55,Yes,No,Fiber optic,Yes,Yes,No,No,No,Yes,Month-to-month,No,Electronic check,84.11,4604.87,Yes
6447-UOKJR,Female,0,No,No,45,Yes,No,DSL,No,No,No,No,No,No,Month-to-month,Yes,Bank transfer (automatic),40.4,1836.06,No
6448-WVWXZ,Male,0,Yes,Yes,71,Yes,Yes,No,No internet service,No internet service,No internet service,No internet service,No internet service,No internet service,Two year,Yes,Bank transfer (automatic),23.54,1677.7,No
6449-UBGGX,Female,0,No,No,17,Yes,No,DSL,Yes,No,Yes,No,No,Yes,Month-to-month,No,Mailed check,63.3,1069.16,No
6450-GZWNY,Female,0,Yes,No,43,Yes,No,Fiber optic,Yes,Yes,Yes,Yes,No,No,Two year,No,Credit card (automatic),73.07,3176.6,No
6451-XBBWZ,Female,0,Yes,No,42,Yes,Yes,No,No internet service,No internet service,No internet service,No internet service,No internet service,No internet service,Two year,No,Bank transfer (automatic),18.25,874.59,No
6452-OKJCQ,Female,0,No,No,21,Yes,No,No,No internet service,No internet service,No internet service,No internet service,No internet service,No internet service,Month-to-month,Yes,Credit card (automatic),20.14,426.68,No
6453-IONSQ,Female,0,No,No,59,Yes,Yes,Fiber optic,No,No,Yes,No,No,No,Two year,Yes,Mailed check,62.44,3716.77,No
6454-VTQPT,Female,1,Yes,No,62,Yes,Yes,DSL,Yes,No,No,Yes,No,Yes,Month-to-month,Yes,Mailed check,60.68,3752.16,Yes
6455-HGLAZ,Female,0,No,Yes,23,Yes,Yes,No,No internet service,No internet service,No internet service,No internet service,No internet service,No internet service,Two year,No,Mailed check,18.25,363.58,No
6456-LYFPR,Male,0,Yes,No,64,Yes,No,DSL,No,No,Yes,No,Yes,No,Two year,Yes,Mailed check,55.14,3513.74,No
6457-SWCCE,Female,1,Yes,No,28,Yes,No,No,No internet service,No internet service,No internet service,No internet service,No internet service,No internet service,One year,Yes,Electronic check,18.46,526.6,No
6458-CSENU,Male,0,No,No,0,Yes,No,Fiber optic,No,No,No,No,No,Yes,Month-to-month,No,Electronic check,66.43,18.8,Yes
6459-PYAQK,Female,0,Yes,No,0,Yes,No,No,No internet service,No internet service,No internet service,No internet service,No internet service,No internet service,One year,No,Mailed check,18.25,18.8,No
6460-IUDBI,Female,1,No,No,72,Yes,No,Fiber optic,No,Yes,No,No,No,Yes,Month-to-month,No,Bank transfer (automatic),70.51,4990.44,Yes
6461-VYEDW,Female,0,No,No,20,Yes,Yes,No,No internet service,No internet service,No internet service,No internet service,No internet service,No internet service,Month-to-month,No,Credit card (automatic),20.77,392.17,Yes
6462-EXXRM,Male,0,Yes,No,27,Yes,Yes,Fiber optic,Yes,Yes,No,Yes,Yes,No,Month-to-month,Yes,Credit card (automatic),79.93,2077.59,No
6463-EZXSW,Male,1,Yes,Yes,17,Yes,Yes,DSL,Yes,No,No,No,Yes,No,Month-to-month,No,Electronic check,52.54,908.37,Yes
6464-CVRFF,Male,1,Yes,No,51,Yes,No,Fiber optic,No,No,Yes,Yes,No,No,Month-to-month,No,Mailed check,60.11,3064.76,Yes
6465-XEAHY,Male,0,Yes,No,65,Yes,No,Fiber optic,No,No,No,No,No,No,Month-to-month,Yes,Bank transfer (automatic),64.02,4151.86,No
6466-AUFTN,Male,0,No,No,61,No,No phone service,Fiber optic,No,No,No,No,No,No,Month-to-month,Yes,Bank transfer (automatic),70.64,4233.45,No
6467-KBUDM,Female,0,Yes,Yes,18,Yes,No,No,No internet service,No internet service,No internet service,No internet service,No internet service,No internet service,Month-to-month,Yes,Credit card (automatic),19.26,338.82,No
6468-GFCIN,Male,0,Yes,No,1,Yes,No,Fiber optic,Yes,Yes,Yes,No,No,Yes,Month-to-month,No,Mailed check,88.48,161.35,Yes
6469-TKENS,Male,0,No,No,69,Yes,Yes,Fiber optic,Yes,Yes,No,No,No,Yes,Month-to-month,Yes,Mailed check,80.29,5512.65,No
6470-HGGXW,Male,0,No,No,54,Yes,Yes,DSL,No,Yes,No,Yes,No,No,Month-to-month,Yes,Mailed check,41.66,2254.8,No
6471-CCRMA,Female,0,No,Yes,56,No,No phone service,No,No internet service,No internet service,No internet service,No internet service,No internet service,No internet service,One year,No,Credit card (automatic),27.37,1542.33,No
6472-EDPOR,Female,0,No,No,10,Yes,Yes,DSL,No,No,No,No,Yes,No,Month-to-month,Yes,Electronic check,46.69,390.52,No
6473-QNNSF,Female,0,No,No,15,Yes,No,DSL,Yes,No,No,No,Yes,Yes,Two year,Yes,Bank transfer (automatic),64.36,890.27,No
6474-MRZOW,Male,1,No,No,61,Yes,Yes,Fiber optic,No,No,Yes,No,No,No,Month-to-month,Yes,Mailed check,58.0,3466.86,No
6475-GSQIK,Female,1,Yes,No,26,Yes,No,No,No internet service,No internet service,No internet service,No internet service,No internet service,No internet service,Month-to-month,Yes,Electronic check,34.6,918.92,Yes
6476-EBOXL,Male,0,No,No,21,Yes,No,Fiber optic,Yes,Yes,Yes,No,No,Yes,Month-to-month,No,Electronic check,76.86,1675.49,Yes
6477-JJTKJ,Female,0,Yes,No,2,No,No phone service,Fiber optic,Yes,No,No,No,No,No,Month-to-month,Yes,Bank transfer (automatic),60.5,208.36,Yes
6478-GNMES,Female,0,No,No,2,Yes,Yes,Fiber optic,Yes,No,No,No,Yes,Yes,Month-to-month,Yes,Electronic check,92.22,177.51,No
6479-JHRAE,Female,0,Yes,No,20,Yes,Yes,DSL,No,Yes,No,No,No,No,Month-to-month,Yes,Credit card (automatic),42.96,913.91,Yes
6480-KTKPJ,Female,0,No,No,42,No,No phone service,No,No internet service,No internet service,No internet service,No internet service,No internet service,No internet service,Two year,No,Mailed check,18.25,746.5,No
6481-OGOYP,Female,0,No,Yes,69,Yes,Yes,Fiber optic,No,Yes,Yes,No,No,Yes,Month-to-month,Yes,Credit card (automatic),79.92,5454.04,No
6482-FKQOP,Male,0,No,Yes,36,Yes,No,Fiber optic,Yes,No,No,No,No,No,Month-to-month,Yes,Mailed check,59.96,2115.28,No
6483-XBDSF,Male,0,No,No,55,Yes,No,Fiber optic,Yes,Yes,No,No,Yes,No,One year,Yes,Electronic check,78.3,4284.86,No
6484-RUKIC,Female,0,Yes,Yes,38,No,No phone service,DSL,No,Yes,Yes,No,No,Yes,One year,Yes,Electronic check,58.71,2229.12,Yes
6485-BROYV,Male,0,No,Yes,19,Yes,No,Fiber optic,No,No,Yes,No,No,No,Month-to-month,Yes,Bank transfer (automatic),61.5,1164.85,No
6486-RSOQR,Female,0,Yes,No,64,Yes,Yes,No,No internet service,No internet service,No internet service,No internet service,No internet service,No internet service,Month-to-month,No,Electronic check,18.25,1198.72,Yes
6487-RKRWC,Female,0,No,Yes,34,No,No phone service,Fiber optic,No,No,No,No,No,No,Month-to-month,No,Bank transfer (automatic),59.19,2002.71,No
6488-MNDRE,Female,0,No,No,42,Yes,No,Fiber optic,No,No,No,No,No,No,Month-to-month,No,Bank transfer (automatic),55.7,2386.25,Yes
6489-NYLYG,Female,0,No,No,20,Yes,No,DSL,No,No,Yes,No,No,Yes,Month-to-month,Yes,Mailed check,55.89,1085.42,Yes
6490-LHUUC,Female,0,Yes,No,9,Yes,No,No,No internet service,No internet service,No internet service,No internet service,No internet service,No internet service,One year,Yes,Mailed check,21.64,174.37,No
6491-VACKR,Female,1,Yes,Yes,44,Yes,No,DSL,No,Yes,Yes,No,Yes,Yes,Month-to-month,Yes,Credit card (automatic),54.74,2490.81,No
6492-GIDWX,Female,0,No,No,2,Yes,No,DSL,No,No,Yes,No,Yes,No,Month-to-month,Yes,Credit card (automatic),38.03,18.8,No
6493-JRWPL,Male,0,Yes,Yes,42,Yes,Yes,Fiber optic,No,Yes,No,Yes,Yes,Yes,Month-to-month,Yes,Credit card (automatic),87.89,3813.13,No
6494-SXVCH,Male,1,No,No,51,Yes,No,Fiber optic,No,No,Yes,No,Yes,Yes,One year,Yes,Mailed check,80.47,4129.03,No
6495-SISQM,Female,0,No,No,40,Yes,Yes,No,No internet service,No internet service,No internet service,No internet service,No internet service,No internet service,Month-to-month,Yes,Bank transfer (automatic),24.21,1120.54,No
6496-BDKBD,Male,0,Yes,No,40,Yes,Yes,DSL,No,Yes,No,No,Yes,Yes,Two year,Yes,Electronic check,58.41,2404.64,Yes
6497-DTAYZ,Female,0,No,Yes,8,Yes,No,Fiber optic,Yes,No,No,Yes,Yes,No,Two year,Yes,Credit card (automatic),74.73,587.08,No
6498-KWBSH,Male,0,No,Yes,45,Yes,No,DSL,Yes,No,No,No,Yes,No,Month-to-month,No,Electronic check,57.67,2531.69,Yes
6499-WTDYP,Male,0,No,No,15,Yes,Yes,DSL,Yes,No,Yes,Yes,No,No,Two year,No,Mailed check,39.06,663.54,No
6500-OEEOW,Female,0,No,No,46,Yes,No,Fiber optic,No,No,No,No,Yes,No,Two year,No,Electronic check,64.97,2906.07,No
6501-QCRKZ,Female,1,Yes,No,27,Yes,Yes,No,No internet service,No internet service,No internet service,No internet service,No internet service,No internet service,Month-to-month,Yes,Mailed check,18.25,516.54,Yes
6502-FLVZQ,Male,0,Yes,No,27,Yes,Yes,Fiber optic,Yes,No,No,No,No,No,Two year,Yes,Bank transfer (automatic),75.59,1993.8,No
6503-NFJPR,Female,1,No,No,10,Yes,Yes,No,No internet service,No internet service,No internet service,No internet service,No internet service,No internet service,Month-to-month,Yes,Mailed check,18.25,230.75,No
6504-TFSCL,Male,1,Yes,Yes,28,Yes,No,No,No internet service,No internet service,No internet service,No internet service,No internet service,No internet service,One year,No,Credit card (automatic),23.41,575.16,No
6505-PCPDY,Female,1,No,No,55,Yes,Yes,No,No internet service,No internet service,No internet service,No internet service,No internet service,No internet service,One year,No,Bank transfer (automatic),24.8,1402.66,No
6506-TMDDG,Male,0,No,No,71,Yes,Yes,Fiber optic,Yes,Yes,Yes,No,Yes,No,Two year,No,Mailed check,78.15,5573.3,No
6507-ULBPG,Male,0,No,No,56,Yes,No,DSL,No,No,No,No,No,Yes,Month-to-month,Yes,Mailed check,50.99,2866.91,No
6508-SKAIE,Male,0,No,No,52,Yes,Yes,Fiber optic,No,Yes,Yes,Yes,No,Yes,Two year,Yes,Mailed check,65.08,3403.46,No
6509-ZQAQL,Female,0,No,Yes,58,Yes,Yes,Fiber optic,No,Yes,No,No,No,No,Month-to-month,No,Credit card (automatic),74.64,4339.8,Yes
6510-YMXKM,Male,1,Yes,No,34,Yes,Yes,Fiber optic,No,No,No,No,No,No,Month-to-month,Yes,Mailed check,60.39,2015.47,No
6511-MFZVF,Female,0,Yes,No,51,Yes,No,DSL,Yes,Yes,Yes,No,Yes,Yes,Two year,Yes,Bank transfer (automatic),69.16,3465.95,No
6512-TUJSC,Female,0,Yes,Yes,35,Yes,No,Fiber optic,No,Yes,No,Yes,No,Yes,Two year,Yes,Mailed check,68.09,2376.9,No
6513-ZGEHE,Female,1,Yes,Yes,57,Yes,Yes,Fiber optic,No,No,Yes,No,No,No,Two year,Yes,Bank transfer (automatic),56.78,3338.06,No
6514-LDSRC,Female,0,No,No,1,Yes,Yes,DSL,Yes,Yes,No,No,No,No,Month-to-month,No,Electronic check,62.27,90.87,Yes
6515-GHOUQ,Female,0,No,No,27,Yes,Yes,Fiber optic,No,Yes,No,No,No,Yes,Month-to-month,Yes,Credit card (automatic),74.06,1963.75,No
6516-SDPZM,Male,0,Yes,Yes,69,Yes,Yes,Fiber optic,Yes,Yes,Yes,No,No,Yes,Month-to-month,No,Mailed check,76.88,5341.12,Yes
6517-LDLQZ,Female,0,Yes,Yes,62,Yes,No,Fiber optic,Yes,No,No,Yes,Yes,No,Two year,Yes,Electronic check,72.24,4464.51,No
6518-ILZOT,Female,0,No,No,51,No,No phone service,No,No internet service,No internet service,No internet service,No internet service,No internet service,No internet service,Two year,Yes,Electronic check,18.25,887.88,No
6519-BINDD,Male,0,No,Yes,59,Yes,Yes,DSL,No,Yes,Yes,No,No,Yes,Month-to-month,No,Credit card (automatic),54.69,3287.73,No
6520-FXEXQ,Male,1,Yes,Yes,35,Yes,No,Fiber optic,No,No,No,No,Yes,Yes,Month-to-month,Yes,Bank transfer (automatic),81.89,2901.95,Yes
6521-MTQSW,Female,0,Yes,No,61,No,No phone service,No,No internet service,No internet service,No internet service,No internet service,No internet service,No internet service,One year,No,Electronic check,18.25,1112.16,No
6522-AUQVY,Female,0,No,Yes,42,Yes,No,DSL,Yes,Yes,No,No,Yes,Yes,One year,Yes,Mailed check,71.32,3070.11,No
6523-CNLOF,Female,0,Yes,No,38,Yes,Yes,DSL,Yes,Yes,No,No,No,No,One year,Yes,Mailed check,51.34,1975.85,No
6524-TVBDM,Male,0,No,No,4,Yes,Yes,Fiber optic,No,Yes,Yes,No,No,No,Month-to-month,Yes,Mailed check,47.68,201.94,Yes
6525-MWVYW,Female,0,No,No,49,Yes,Yes,DSL,No,No,Yes,Yes,No,No,Two year,No,Mailed check,41.15,1927.11,No
6526-QFKSP,Female,0,Yes,No,15,Yes,Yes,DSL,Yes,No,No,Yes,No,Yes,Month-to-month,Yes,Bank transfer (automatic),57.6,928.59,No
6527-HAJBS,Male,0,Yes,No,51,Yes,No,No,No internet service,No internet service,No internet service,No internet service,No internet service,No internet service,Two year,No,Credit card (automatic),18.25,853.1,No
6528-NCWXI,Male,0,No,Yes,68,Yes,No,Fiber optic,No,Yes,Yes,No,Yes,No,Two year,No,Mailed check,78.73,5362.37,No
6529-WHKOF,Male,0,Yes,No,70,Yes,Yes,DSL,Yes,Yes,No,Yes,No,No,Two year,No,Electronic check,44.15,3105.86,No
6530-BACYW,Female,0,Yes,No,2,Yes,Yes,No,No internet service,No internet service,No internet service,No internet service,No internet service,No internet service,One year,Yes,Electronic check,20.77,18.8,No
6531-RNQBS,Female,0,No,No,9,Yes,No,Fiber optic,Yes,Yes,Yes,Yes,Yes,Yes,One year,No,Mailed check,90.74,762.12,No
6532-VIHJI,Female,0,Yes,No,50,Yes,No,Fiber optic,No,No,No,No,Yes,No,Month-to-month,Yes,Electronic check,74.98,3755.55,No
6533-HGVXF,Male,0,No,No,68,Yes,No,Fiber optic,No,Yes,Yes,No,No,Yes,Month-to-month,Yes,Electronic check,77.81,5321.98,No
6534-BIISI,Male,1,No,No,31,Yes,No,No,No internet service,No internet service,No internet service,No internet service,No internet service,No internet service,One year,No,Electronic check,18.64,544.07,No
6535-BSPVN,Female,0,No,Yes,4,Yes,No,DSL,No,Yes,Yes,Yes,No,No,Month-to-month,No,Electronic check,58.35,204.65,No
6536-TXAMV,Male,0,Yes,Yes,42,Yes,No,Fiber optic,No,No,No,No,Yes,No,Month-to-month,No,Mailed check,77.22,3186.23,Yes
6537-BVNAO,Male,1,Yes,No,11,No,No phone service,No,No internet service,No internet service,No internet service,No internet service,No internet service,No internet service,Two year,Yes,Bank transfer (automatic),18.25,118.98,No
6538-RIVHG,Male,0,Yes,Yes,30,Yes,No,DSL,No,Yes,No,No,No,No,Month-to-month,Yes,Mailed check,43.67,1302.55,No
6539-IIKDG,Male,1,No,No,21,Yes,Yes,No,No internet service,No internet service,No internet service,No internet service,No internet service,No internet service,Month-to-month,Yes,Bank transfer (automatic),19.3,368.57,No
6540-UGDLZ,Female,0,Yes,No,58,Yes,Yes,No,No internet service,No internet service,No internet service,No internet service,No internet service,No internet service,One year,Yes,Bank transfer (automatic),18.25,1091.68,No
6541-QTZCI,Female,1,Yes,No,51,Yes,Yes,No,No internet service,No internet service,No internet service,No internet service,No internet service,No internet service,Month-to-month,Yes,Bank transfer (automatic),18.25,964.36,No
6542-ETPHU,Male,0,No,No,46,Yes,Yes,No,No internet service,No internet service,No internet service,No internet service,No internet service,No internet service,One year,No,Electronic check,23.29,1101.19,No
6543-PSPRO,Male,0,No,No,48,Yes,No,Fiber optic,No,No,No,No,No,Yes,Month-to-month,No,Mailed check,70.36,3341.58,Yes
6544-XRNXP,Male,1,Yes,No,55,Yes,No,Fiber optic,No,No,No,No,No,No,Two year,No,Electronic check,53.92,3013.11,Yes
6545-EHPUA,Male,1,Yes,No,30,Yes,Yes,No,No internet service,No internet service,No internet service,No internet service,No internet service,No internet service,Two year,Yes,Credit card (automatic),19.11,525.45,No
6546-KKBVS,Male,0,No,No,58,Yes,Yes,DSL,No,No,Yes,No,No,No,Month-to-month,Yes,Credit card (automatic),34.76,2057.21,No
6547-XECZW,Female,1,No,Yes,69,Yes,No,Fiber optic,No,No,No,No,Yes,No,One year,Yes,Mailed check,67.25,4665.08,No
6548-HDMYV,Male,0,No,No,42,Yes,Yes,DSL,No,No,Yes,Yes,No,Yes,One year,Yes,Bank transfer (automatic),64.28,2734.15,No
6549-NAEUG,Female,0,Yes,No,4,Yes,No,Fiber optic,No,Yes,No,No,No,No,Month-to-month,No,Mailed check,66.23,195.01,Yes
6550-WFOOH,Female,0,Yes,No,3,Yes,Yes,No,No internet service,No internet service,No internet service,No internet service,No internet service,No internet service,Month-to-month,No,Mailed check,23.94,134.13,Yes
6551-BNPWJ,Male,0,No,No,14,Yes,No,Fiber optic,Yes,No,Yes,No,Yes,No,Month-to-month,No,Credit card (automatic),79.97,1127.91,No
6552-OWDLJ,Female,0,No,No,1,Yes,Yes,No,No internet service,No internet service,No internet service,No internet service,No internet service,No internet service,One year,Yes,Electronic check,21.05,19.63,Yes
6553-BDTFN,Male,0,Yes,No,48,No,No phone service,Fiber optic,Yes,Yes,No,No,Yes,No,Two year,Yes,Bank transfer (automatic),80.89,3835.16,No
6554-WCOZA,Male,0,Yes,No,55,No,No phone service,Fiber optic,No,No,Yes,No,No,Yes,Month-to-month,Yes,Bank transfer (automatic),73.22,3997.37,Yes
6555-SYAMH,Male,0,No,No,7,Yes,No,Fiber optic,Yes,No,No,No,No,No,Month-to-month,Yes,Credit card (automatic),65.43,447.52,No
6556-RVCWR,Female,0,No,Yes,15,Yes,Yes,No,No internet service,No internet service,No internet service,No internet service,No internet service,No internet service,Two year,No,Electronic check,21.24,308.4,No
6557-TZIFT,Female,0,Yes,Yes,63,Yes,No,No,No internet service,No internet service,No internet service,No internet service,No internet service,No internet service,Month-to-month,Yes,Credit card (automatic),19.5,1311.72,No
6558-BZYDY,Female,0,No,No,23,Yes,No,No,No internet service,No internet service,No internet service,No internet service,No internet service,No internet service,Month-to-month,Yes,Bank transfer (automatic),18.25,416.36,No
6559-RGKEH,Male,1,No,No,54,Yes,Yes,No,No internet service,No internet service,No internet service,No internet service,No internet service,No internet service,Two year,No,Credit card (automatic),18.25,970.31,No
6560-KXTTO,Female,0,No,No,53,Yes,No,No,No internet service,No internet service,No internet service,No internet service,No internet service,No internet service,One year,Yes,Mailed check,18.25,955.58,No
6561-XCGXH,Female,0,Yes,No,68,Yes,Yes,No,No internet service,No internet service,No internet service,No internet service,No internet service,No internet service,One year,No,Bank transfer (automatic),18.33,1265.63,No
6562-KJTIO,Female,0,No,No,59,No,No phone service,DSL,No,No,Yes,No,No,Yes,One year,No,Electronic check,48.93,2898.37,No
6563-ZTXVE,Male,0,Yes,No,30,Yes,No,DSL,Yes,Yes,No,Yes,No,No,Two year,No,Mailed check,56.02,1628.37,No
6564-ODEOQ,Female,0,Yes,Yes,19,Yes,No,No,No internet service,No internet service,No internet service,No internet service,No internet service,No internet service,Month-to-month,No,Bank transfer (automatic),21.3,497.06,Yes
6565-WHYSI,Male,0,No,No,53,Yes,No,Fiber optic,No,No,No,No,Yes,No,Month-to-month,Yes,Electronic check,71.69,3787.69,Yes
6566-JEJVA,Female,0,No,No,8,Yes,Yes,No,No internet service,No internet service,No internet service,No internet service,No internet service,No internet service,Month-to-month,Yes,Credit card (automatic),18.25,80.14,No
6567-YYVXD,Female,1,No,No,33,Yes,No,Fiber optic,Yes,No,Yes,No,No,No,Month-to-month,Yes,Bank transfer (automatic),63.97,2078.63,Yes
6568-UEWGW,Female,0,Yes,Yes,64,Yes,Yes,DSL,No,No,No,Yes,No,No,One year,Yes,Electronic check,35.05,2241.08,No
6569-ETHQA,Male,0,Yes,No,15,Yes,No,No,No internet service,No internet service,No internet service,No internet service,No internet service,No internet service,Month-to-month,No,Credit card (automatic),28.79,515.22,No
6570-VRLCT,Male,0,No,Yes,69,Yes,Yes,Fiber optic,No,Yes,Yes,Yes,No,No,One year,No,Electronic check,60.3,4148.36,No
6571-NPRJW,Female,0,Yes,No,5,Yes,Yes,Fiber optic,Yes,No,Yes,Yes,Yes,No,Month-to-month,Yes,Mailed check,77.17,343.4,Yes
6572-OJASB,Female,0,Yes,No,34,Yes,No,Fiber optic,Yes,Yes,Yes,No,No,No,Two year,No,Bank transfer (automatic),83.62,2825.98,No
6573-MYPHC,Male,0,No,No,2,Yes,No,Fiber optic,No,Yes,No,No,Yes,No,Month-to-month,Yes,Mailed check,77.26,148.04,Yes
6574-USNKL,Male,0,No,Yes,20,Yes,No,Fiber optic,Yes,No,No,No,Yes,Yes,One year,No,Electronic check,68.92,1370.97,Yes
6575-KKVUR,Female,1,No,No,6,Yes,Yes,No,No internet service,No internet service,No internet service,No internet service,No internet service,No internet service,One year,No,Electronic check,25.26,63.69,No
6576-JPHFS,Female,0,Yes,No,29,Yes,No,No,No internet service,No internet service,No internet service,No internet service,No internet service,No internet service,One year,Yes,Credit card (automatic),19.54,516.58,No
6577-MOMAU,Male,0,No,No,21,Yes,No,DSL,Yes,No,No,No,No,Yes,Month-to-month,Yes,Electronic check,47.36,1035.26,Yes
6578-BMBYK,Female,0,No,No,13,Yes,No,DSL,No,No,No,Yes,No,Yes,Month-to-month,No,Electronic check,50.61,677.74,No
6579-MJWVO,Male,0,No,No,54,Yes,Yes,DSL,No,No,Yes,No,No,Yes,Month-to-month,No,Credit card (automatic),53.32,2896.55,No
6580-ANJRK,Female,0,Yes,No,66,Yes,No,Fiber optic,Yes,Yes,Yes,No,Yes,Yes,Month-to-month,Yes,Electronic check,83.61,5488.24,No
6581-GOCBV,Female,1,No,No,4,Yes,Yes,No,No internet service,No internet service,No internet service,No internet service,No internet service,No internet service,Month-to-month,No,Bank transfer (automatic),22.28,18.8,No
6582-HHKPB,Female,0,No,No,68,Yes,Yes,Fiber optic,No,No,Yes,No,Yes,No,Two year,Yes,Bank transfer (automatic),71.88,4892.64,No
6583-VEGTM,Female,0,No,No,58,Yes,No,DSL,Yes,Yes,No,Yes,No,No,Month-to-month,Yes,Bank transfer (automatic),56.61,3304.12,No
6584-BZCIJ,Male,0,No,No,8,Yes,No,No,No internet service,No internet service,No internet service,No internet service,No internet service,No internet service,One year,Yes,Bank transfer (automatic),20.16,252.72,No
6585-XMYUM,Female,0,Yes,Yes,47,Yes,No,DSL,Yes,Yes,No,Yes,No,No,Month-to-month,Yes,Mailed check,52.28,2415.57,No
6586-EWGQO,Female,0,No,Yes,36,No,No phone service,DSL,Yes,No,Yes,Yes,No,Yes,Month-to-month,No,Credit card (automatic),47.15,1729.78,No
6587-EXGBX,Female,0,No,No,67,Yes,No,DSL,Yes,No,Yes,No,No,Yes,Month-to-month,No,Bank transfer (automatic),57.12,3855.25,Yes
6588-RJANS,Female,0,Yes,No,19,Yes,Yes,No,No internet service,No internet service,No internet service,No internet service,No internet service,No internet service,Two year,Yes,Mailed check,21.63,318.7,No
6589-PSFLC,Female,0,Yes,No,49,No,No phone service,DSL,No,Yes,No,Yes,Yes,No,Month-to-month,Yes,Mailed check,53.35,2629.77,No
6590-GXCYQ,Female,0,Yes,No,23,Yes,Yes,DSL,Yes,No,No,No,No,Yes,Month-to-month,Yes,Bank transfer (automatic),57.77,1285.33,No
6591-OSSWK,Male,0,No,Yes,70,Yes,Yes,No,No internet service,No internet service,No internet service,No internet service,No internet service,No internet service,Month-to-month,No,Electronic check,25.16,1789.61,Yes
6592-UTBGS,Female,0,No,No,48,Yes,No,DSL,Yes,No,Yes,No,Yes,No,Month-to-month,Yes,Bank transfer (automatic),51.98,2531.96,Yes
6593-GJLWR,Male,0,Yes,No,7,Yes,Yes,Fiber optic,Yes,Yes,No,Yes,Yes,No,One year,No,Bank transfer (automatic),78.2,514.17,No
6594-WFZTU,Male,0,No,No,72,Yes,No,DSL,Yes,No,No,Yes,No,Yes,Two year,Yes,Mailed check,66.25,4790.42,No
6595-HECBV,Male,1,No,Yes,5,Yes,Yes,Fiber optic,Yes,No,Yes,No,Yes,Yes,Month-to-month,Yes,Mailed check,76.21,474.58,Yes
6596-FGHDL,Male,0,No,No,39,Yes,No,DSL,No,No,Yes,No,Yes,Yes,Month-to-month,Yes,Credit card (automatic),65.88,2585.91,Yes
6597-XLQVV,Female,0,Yes,No,53,Yes,Yes,Fiber optic,No,No,Yes,No,No,No,Two year,No,Electronic check,72.39,3820.77,No
6598-SILUQ,Female,1,No,No,16,Yes,No,Fiber optic,No,No,Yes,No,Yes,No,Month-to-month,Yes,Bank transfer (automatic),62.29,1007.08,Yes
6599-WJSZZ,Female,0,No,No,50,Yes,Yes,No,No internet service,No internet service,No internet service,No internet service,No internet service,No internet service,Two year,Yes,Electronic check,27.82,1362.67,No
6600-KTVXM,Male,0,Yes,No,1,No,No phone service,Fiber optic,No,Yes,No,Yes,No,Yes,Two year,No,Credit card (automatic),79.07,36.86,Yes
6601-DOLYX,Female,0,Yes,No,29,Yes,Yes,No,No internet service,No internet service,No internet service,No internet service,No internet service,No internet service,Two year,No,Credit card (automatic),25.02,775.68,No
6602-ZJVGX,Male,0,Yes,No,31,Yes,Yes,Fiber optic,Yes,Yes,No,Yes,No,No,Month-to-month,No,Bank transfer (automatic),71.26,2200.46,No
6603-BUGHU,Male,1,No,No,49,No,No phone service,Fiber optic,Yes,No,No,No,Yes,Yes,Month-to-month,No,Bank transfer (automatic),81.91,4044.8,Yes
6604-SFUHY,Female,1,No,No,70,Yes,No,No,No internet service,No internet service,No internet service,No internet service,No internet service,No internet service,Two year,Yes,Mailed check,18.25,1253.27,No
6605-YVTDY,Male,0,No,No,15,Yes,No,DSL,Yes,No,No,Yes,Yes,No,Two year,No,Credit card (automatic),53.54,848.38,No
6606-TXIEF,Male,1,Yes,Yes,54,No,No phone service,DSL,No,Yes,No,No,Yes,No,Month-to-month,No,Electronic check,60.74,3308.43,Yes
6607-SLEER,Male,0,Yes,Yes,56,Yes,Yes,Fiber optic,Yes,Yes,Yes,Yes,No,Yes,Two year,Yes,Mailed check,87.88,5007.88,No
6608-ZFIKW,Male,0,No,No,44,Yes,No,Fiber optic,No,Yes,No,No,Yes,Yes,Two year,Yes,Bank transfer (automatic),93.41,4120.67,No
6609-NXBNY,Female,0,Yes,No,51,Yes,No,Fiber optic,Yes,Yes,Yes,No,No,No,Month-to-month,Yes,Bank transfer (automatic),68.65,3500.04,No
6610-SJEWD,Male,0,No,No,70,Yes,No,Fiber optic,No,Yes,No,Yes,Yes,No,Month-to-month,No,Mailed check,69.97,4880.35,No
6611-GXMJJ,Male,0,Yes,No,46,Yes,No,No,No internet service,No internet service,No internet service,No internet service,No internet service,No internet service,Month-to-month,No,Electronic check,19.85,927.2,No
6612-DPOUK,Male,0,Yes,Yes,32,Yes,No,DSL,No,Yes,Yes,Yes,No,Yes,Month-to-month,No,Bank transfer (automatic),64.46,2061.32,Yes
6613-SUXCO,Female,1,No,Yes,23,Yes,No,Fiber optic,No,Yes,No,No,No,No,One year,No,Bank transfer (automatic),64.91,1514.57,Yes
6614-PNEZQ,Female,0,No,No,34,Yes,No,DSL,Yes,No,No,No,No,Yes,One year,Yes,Mailed check,52.68,1748.05,Yes
6615-RSAYI,Male,1,Yes,Yes,63,No,No phone service,No,No internet service,No internet service,No internet service,No internet service,No internet service,No internet service,Month-to-month,Yes,Credit card (automatic),27.94,1775.67,No
6616-UNTUT,Female,0,Yes,No,59,Yes,Yes,DSL,No,No,No,Yes,No,Yes,Month-to-month,Yes,Bank transfer (automatic),43.55,2568.69,No
6617-UWKXB,Female,0,Yes,No,28,Yes,Yes,DSL,No,No,No,Yes,No,No,Two year,Yes,Bank transfer (automatic),37.24,1058.29,No
6618-TXWYE,Female,1,Yes,No,17,Yes,Yes,No,No internet service,No internet service,No internet service,No internet service,No internet service,No internet service,One year,No,Credit card (automatic),18.25,217.45,No
6619-VXOLN,Female,1,No,No,57,Yes,No,Fiber optic,Yes,Yes,No,No,No,Yes,One year,No,Electronic check,87.25,4954.95,No
6620-KUITH,Male,0,No,Yes,47,Yes,No,No,No internet service,No internet service,No internet service,No internet service,No internet service,No internet service,Month-to-month,Yes,Mailed check,22.7,1135.17,No
6621-LCUOH,Male,0,No,No,10,Yes,No,Fiber optic,No,Yes,Yes,Yes,No,No,Month-to-month,No,Credit card (automatic),69.94,670.21,Yes
6622-ZGQLT,Female,0,No,No,2,Yes,Yes,Fiber optic,No,No,Yes,No,Yes,No,Two year,Yes,Mailed check,65.08,116.94,Yes
6623-RROWC,Female,0,Yes,No,41,Yes,Yes,No,No internet service,No internet service,No internet service,No internet service,No internet service,No internet service,Two year,Yes,Electronic check,26.67,1069.2,No
6624-SOPVV,Female,0,No,Yes,17,Yes,No,No,No internet service,No internet service,No internet service,No internet service,No internet service,No internet service,Two year,Yes,Electronic check,18.25,248.7,No
6625-QAKFW,Female,0,No,No,15,Yes,Yes,Fiber optic,No,No,No,No,Yes,No,Two year,No,Electronic check,63.59,914.99,No
6626-ITPZF,Female,0,No,No,40,Yes,No,No,No internet service,No internet service,No internet service,No internet service,No internet service,No internet service,Month-to-month,Yes,Mailed check,20.82,805.7,Yes
6627-LSMMD,Female,0,No,Yes,64,Yes,No,No,No internet service,No internet service,No internet service,No internet service,No internet service,No internet service,Two year,Yes,Mailed check,24.54,1600.95,No
6628-INNQE,Female,0,No,Yes,42,Yes,Yes,Fiber optic,Yes,Yes,No,No,No,No,Month-to-month,No,Bank transfer (automatic),66.61,2786.1,No
6629-WSBMK,Male,1,No,No,42,Yes,No,No,No internet service,No internet service,No internet service,No internet service,No internet service,No internet service,Two year,No,Electronic check,18.25,809.59,No
6630-BAUCL,Male,1,No,Yes,30,Yes,Yes,DSL,Yes,Yes,No,No,No,No,Month-to-month,No,Mailed check,45.51,1373.81,No
6631-GAIRX,Female,1,No,No,27,No,No phone service,No,No internet service,No internet service,No internet service,No internet service,No internet service,No internet service,One year,No,Bank transfer (automatic),18.25,455.16,No
6632-ZTFIW,Female,0,No,No,50,Yes,No,DSL,Yes,No,No,Yes,No,Yes,Month-to-month,Yes,Credit card (automatic),68.98,3327.75,No
6633-HWRYO,Male,1,Yes,No,26,Yes,Yes,DSL,Yes,Yes,No,No,No,Yes,Two year,Yes,Mailed check,63.45,1738.53,No
6634-ANRSS,Male,0,No,No,8,Yes,No,No,No internet service,No internet service,No internet service,No internet service,No internet service,No internet service,Month-to-month,No,Electronic check,18.25,174.01,Yes
6635-JTUFQ,Female,0,Yes,No,37,Yes,No,No,No internet service,No internet service,No internet service,No internet service,No internet service,No internet service,One year,Yes,Bank transfer (automatic),18.25,641.08,No
6636-NMHVJ,Male,0,Yes,No,35,Yes,No,DSL,No,Yes,Yes,No,Yes,No,Month-to-month,Yes,Mailed check,50.9,1847.79,No
6637-IEWDF,Male,0,No,No,59,Yes,No,Fiber optic,Yes,No,Yes,Yes,No,No,Month-to-month,Yes,Mailed check,65.81,3886.66,No
6638-FMDVH,Female,0,No,No,56,Yes,No,Fiber optic,Yes,No,No,No,No,No,Month-to-month,No,Electronic check,62.59,3498.69,Yes
6639-EBIKT,Male,0,No,No,46,Yes,No,DSL,No,No,No,No,No,Yes,Month-to-month,No,Bank transfer (automatic),60.77,2897.99,Yes
6640-TKGZN,Female,0,No,Yes,67,Yes,Yes,DSL,No,No,Yes,No,No,Yes,One year,No,Electronic check,46.28,3128.36,No
6641-ZFDFC,Male,0,Yes,No,50,No,No phone service,Fiber optic,Yes,Yes,No,Yes,Yes,No,Month-to-month,Yes,Credit card (automatic),83.09,4227.08,No
6642-WFCAZ,Female,0,No,No,57,Yes,Yes,Fiber optic,Yes,Yes,Yes,No,Yes,Yes,Month-to-month,No,Electronic check,86.47,5000.47,No
6643-UZRWW,Male,0,No,No,47,Yes,No,Fiber optic,No,No,No,No,No,No,Month-to-month,Yes,Electronic check,64.18,2996.7,Yes
6644-DFQRF,Male,1,No,No,58,Yes,No,DSL,No,No,Yes,No,No,No,Month-to-month,No,Credit card (automatic),37.8,2159.14,Yes
6645-BLLDP,Female,0,Yes,No,46,Yes,Yes,No,No internet service,No internet service,No internet service,No internet service,No internet service,No internet service,Month-to-month,Yes,Mailed check,25.22,1208.52,No
6646-TJYJG,Male,0,No,No,14,Yes,Yes,Fiber optic,Yes,No,No,Yes,Yes,Yes,Month-to-month,Yes,Mailed check,87.15,1263.5,No
6647-NGLKQ,Male,0,No,No,71,Yes,No,No,No internet service,No internet service,No internet service,No internet service,No internet service,No internet service,Two year,No,Electronic check,29.06,2075.35,No
6648-KUCSV,Female,0,Yes,Yes,1,Yes,No,Fiber optic,No,No,No,Yes,Yes,Yes,Month-to-month,No,Mailed check,81.06,105.23,No
6649-DHNTX,Male,0,No,No,60,Yes,No,Fiber optic,No,Yes,No,No,No,Yes,Month-to-month,Yes,Mailed check,77.82,4654.45,No
6650-NPOLP,Male,0,Yes,Yes,39,Yes,No,DSL,No,No,No,No,No,No,One year,No,Electronic check,33.66,1284.68,No
6651-TSELE,Female,0,No,Yes,42,Yes,No,DSL,No,No,No,No,No,No,Month-to-month,Yes,Bank transfer (automatic),32.46,1327.49,No
6652-JZQOH,Female,0,No,Yes,47,Yes,Yes,Fiber optic,No,No,No,No,No,Yes,Month-to-month,No,Bank transfer (automatic),73.44,3520.57,Yes
6653-HHJTM,Female,0,No,Yes,71,Yes,No,Fiber optic,Yes,Yes,Yes,Yes,Yes,No,Month-to-month,Yes,Bank transfer (automatic),79.34,5756.12,No
6654-PIPJC,Female,0,No,No,68,Yes,No,Fiber optic,No,No,No,No,Yes,No,Month-to-month,Yes,Mailed check,73.83,5004.87,No
6655-WVYNM,Female,1,Yes,No,56,Yes,No,No,No internet service,No internet service,No internet service,No internet service,No internet service,No internet service,One year,Yes,Mailed check,18.25,1044.65,No
6656-DDFXS,Female,0,No,No,67,Yes,No,Fiber optic,No,No,Yes,No,Yes,No,One year,No,Credit card (automatic),71.26,4779.01,No
6657-KHNHN,Female,0,Yes,Yes,11,Yes,No,DSL,No,No,No,Yes,No,Yes,Two year,Yes,Electronic check,46.21,534.0,No
6658-WGURL,Female,1,Yes,Yes,67,Yes,Yes,No,No internet service,No internet service,No internet service,No internet service,No internet service,No internet service,Month-to-month,No,Bank transfer (automatic),22.36,1468.0,No
6659-NORLJ,Male,0,Yes,No,50,Yes,No,Fiber optic,Yes,Yes,No,No,Yes,Yes,One year,Yes,Electronic check,85.35,4266.48,No
6660-LHFXS,Male,0,Yes,No,28,No,No phone service,DSL,No,Yes,No,Yes,Yes,No,One year,Yes,Bank transfer (automatic),55.59,1512.23,No
6661-AMVPR,Female,0,No,No,28,Yes,No,DSL,No,Yes,Yes,No,No,No,One year,No,Mailed check,42.08,1175.37,No
6662-LYEUM,Male,0,No,Yes,12,Yes,Yes,DSL,Yes,No,Yes,Yes,No,Yes,Two year,No,Mailed check,61.37,752.59,No
6663-ZHFCY,Female,0,No,Yes,56,Yes,Yes,DSL,No,Yes,Yes,No,No,No,Month-to-month,No,Electronic check,41.44,2410.07,Yes
6664-ZTZDL,Male,0,Yes,Yes,45,Yes,No,No,No internet service,No internet service,No internet service,No internet service,No internet service,No internet service,Two year,Yes,Mailed check,18.25,793.99,No
6665-MBSDW,Male,1,No,Yes,19,No,No phone service,Fiber optic,No,No,No,No,No,Yes,Month-to-month,Yes,Bank transfer (automatic),68.6,1327.72,Yes
6666-MSHHP,Female,1,No,No,58,Yes,Yes,No,No internet service,No internet service,No internet service,No internet service,No internet service,No internet service,One year,Yes,Mailed check,24.58,1524.7,No
6667-ZKRDX,Male,0,Yes,No,35,Yes,Yes,No,No internet service,No internet service,No internet service,No internet service,No internet service,No internet service,Two year,Yes,Bank transfer (automatic),19.8,693.35,No
6668-AANDK,Male,0,Yes,Yes,0,Yes,No,DSL,No,No,Yes,No,No,No,Month-to-month,No,Credit card (automatic),39.14,18.8,No
6669-RPQXB,Male,1,No,No,2,No,No phone service,Fiber optic,Yes,Yes,No,No,No,No,Month-to-month,Yes,Bank transfer (automatic),68.25,57.95,Yes
6670-DCOBX,Female,0,Yes,No,43,Yes,Yes,No,No internet service,No internet service,No internet service,No internet service,No internet service,No internet service,Month-to-month,No,Bank transfer (automatic),21.17,923.61,No
6671-SIJUY,Male,0,Yes,No,54,No,No phone service,DSL,No,No,No,No,No,No,Two year,No,Mailed check,37.01,1983.09,No
6672-SENJP,Male,0,Yes,Yes,59,Yes,No,DSL,No,No,No,No,Yes,No,Month-to-month,Yes,Electronic check,46.02,2689.23,No
6673-FYHBR,Female,0,Yes,No,2,Yes,Yes,Fiber optic,No,Yes,Yes,No,Yes,No,Month-to-month,No,Mailed check,74.03,254.23,Yes
6674-UUUTH,Male,0,Yes,No,62,Yes,No,Fiber optic,Yes,No,Yes,No,No,No,Two year,No,Electronic check,62.08,3863.06,Yes
6675-EQPZE,Male,0,No,No,30,Yes,No,DSL,No,No,No,Yes,Yes,Yes,Two year,Yes,Bank transfer (automatic),57.62,1753.07,No
6676-QDAVF,Male,0,Yes,No,60,Yes,Yes,Fiber optic,No,Yes,No,No,No,Yes,Month-to-month,No,Electronic check,64.51,3900.15,Yes
6677-AXDBM,Male,1,Yes,Yes,48,Yes,No,DSL,Yes,No,No,Yes,No,No,One year,Yes,Bank transfer (automatic),51.56,2446.66,No
6678-NQKCG,Female,0,Yes,No,43,Yes,Yes,DSL,No,Yes,No,No,Yes,No,Month-to-month,No,Electronic check,55.09,2393.11,No
6679-JKJHE,Female,0,No,No,51,No,No phone service,DSL,No,Yes,No,Yes,No,Yes,Two year,Yes,Bank transfer (automatic),54.94,2760.89,No
6680-WBOPD,Female,0,No,Yes,30,No,No phone service,DSL,Yes,Yes,No,No,No,Yes,Month-to-month,Yes,Mailed check,55.92,1678.01,Yes
6681-VPLNL,Male,0,No,No,71,Yes,No,DSL,No,No,Yes,No,No,Yes,Month-to-month,Yes,Mailed check,47.7,3367.17,No
6682-UPPVL,Female,0,No,No,48,Yes,Yes,Fiber optic,Yes,No,Yes,No,Yes,No,Month-to-month,No,Electronic check,69.33,3265.42,Yes
6683-BWXNK,Male,0,No,No,45,Yes,No,No,No internet service,No internet service,No internet service,No internet service,No internet service,No internet service,Two year,No,Mailed check,18.25,808.03,No
6684-IVGLQ,Male,0,Yes,No,53,Yes,No,No,No internet service,No internet service,No internet service,No internet service,No internet service,No internet service,Month-to-month,No,Credit card (automatic),18.77,983.41,No
6685-IFLTJ,Female,0,Yes,No,10,Yes,No,No,No internet service,No internet service,No internet service,No internet service,No internet service,No internet service,Two year,No,Electronic check,20.63,173.5,No
6686-ILABS,Female,0,Yes,Yes,64,Yes,No,Fiber optic,Yes,No,No,No,Yes,No,Month-to-month,Yes,Electronic check,77.45,4955.24,No
6687-APPRR,Female,1,Yes,No,16,Yes,Yes,No,No internet service,No internet service,No internet service,No internet service,No internet service,No internet service,Month-to-month,Yes,Bank transfer (automatic),23.99,313.34,Yes
6688-WZMVL,Male,0,Yes,No,27,Yes,No,No,No internet service,No internet service,No internet service,No internet service,No internet service,No internet service,Month-to-month,No,Mailed check,25.99,564.94,No
6689-IEIMP,Male,0,No,No,8,Yes,No,Fiber optic,No,No,No,No,No,No,Month-to-month,Yes,Electronic check,63.17,374.53,Yes
6690-JPNYB,Male,0,Yes,No,33,Yes,Yes,Fiber optic,No,No,Yes,No,No,No,Month-to-month,No,Electronic check,59.62,1960.11,Yes
6691-YSKSK,Male,0,No,No,19,Yes,Yes,DSL,No,No,No,No,No,No,Month-to-month,Yes,Electronic check,42.17,825.92,Yes
6692-NOYGO,Female,0,No,No,2,Yes,No,DSL,No,Yes,Yes,No,No,No,One year,No,Electronic check,44.2,99.97,No
6693-XWYHD,Female,0,No,No,0,Yes,No,DSL,Yes,No,No,No,No,No,Month-to-month,Yes,Credit card (automatic),40.27,56.6,Yes
6694-RNURD,Male,0,Yes,No,59,Yes,No,Fiber optic,Yes,Yes,No,No,No,Yes,Month-to-month,Yes,Mailed check,90.27,5348.21,No
6695-BUFKA,Male,0,No,Yes,49,Yes,No,DSL,No,Yes,No,No,Yes,No,Month-to-month,Yes,Electronic check,59.72,2907.87,Yes
6696-OLXRE,Female,0,No,No,7,Yes,No,No,No internet service,No internet service,No internet service,No internet service,No internet service,No internet service,Month-to-month,No,Mailed check,22.52,127.99,No
6697-KXUSV,Female,0,No,Yes,17,Yes,Yes,Fiber optic,No,No,No,Yes,No,No,Month-to-month,Yes,Mailed check,60.92,1100.56,Yes
6698-AQHWP,Male,0,No,Yes,29,Yes,Yes,DSL,No,No,Yes,Yes,No,No,One year,No,Credit card (automatic),43.4,1371.27,No
6699-ZZKSX,Female,0,No,No,21,Yes,No,Fiber optic,No,Yes,No,No,Yes,No,Month-to-month,Yes,Bank transfer (automatic),76.51,1620.13,Yes
6700-KOHNA,Male,0,Yes,No,8,Yes,No,Fiber optic,Yes,No,No,No,No,Yes,Two year,Yes,Credit card (automatic),75.6,638.36,No
6701-JGRLB,Male,0,Yes,No,21,Yes,No,DSL,No,No,No,No,Yes,No,Two year,Yes,Electronic check,55.31,1100.09,No
6702-RUGTL,Male,0,Yes,No,9,Yes,Yes,DSL,Yes,No,No,Yes,No,Yes,One year,No,Mailed check,55.2,416.11,Yes
6703-TYNJI,Male,0,No,Yes,66,No,No phone service,Fiber optic,No,Yes,No,No,Yes,No,Month-to-month,No,Electronic check,81.22,5429.9,Yes
6704-WOZTX,Female,0,Yes,No,8,Yes,No,No,No internet service,No internet service,No internet service,No internet service,No internet service,No internet service,Month-to-month,Yes,Electronic check,20.72,87.41,No
6705-JSSLW,Female,0,Yes,No,46,Yes,Yes,Fiber optic,Yes,Yes,No,No,No,No,Month-to-month,No,Electronic check,62.71,2924.16,Yes
6706-LITDA,Male,0,No,No,39,Yes,No,Fiber optic,No,No,No,No,Yes,No,One year,Yes,Mailed check,72.4,2919.3,No
6707-PAMCL,Male,1,Yes,No,35,Yes,Yes,Fiber optic,Yes,No,Yes,Yes,Yes,No,Month-to-month,No,Bank transfer (automatic),72.04,2602.63,Yes
6708-WIDBV,Male,0,No,Yes,18,Yes,No,Fiber optic,Yes,No,No,No,Yes,No,Month-to-month,Yes,Mailed check,70.01,1250.05,No
6709-VITXM,Male,0,No,No,1,No,No phone service,DSL,Yes,No,No,Yes,No,No,Month-to-month,Yes,Credit card (automatic),41.77,21.39,No
6710-NCRIO,Male,0,Yes,Yes,44,Yes,Yes,DSL,No,No,No,No,No,Yes,Month-to-month,No,Electronic check,42.34,1873.65,Yes
6711-VXJYQ,Female,0,Yes,Yes,32,Yes,No,No,No internet service,No internet service,No internet service,No internet service,No internet service,No internet service,One year,Yes,Bank transfer (automatic),23.86,708.65,No
6712-MAKEI,Male,1,No,No,63,Yes,Yes,No,No internet service,No internet service,No internet service,No internet service,No internet service,No internet service,Month-to-month,No,Mailed check,22.1,1387.14,No
6713-GGBST,Female,0,No,No,25,Yes,Yes,Fiber optic,Yes,No,No,Yes,Yes,No,One year,No,Mailed check,76.18,1957.42,No
6714-RJYEP,Male,0,No,No,33,Yes,Yes,Fiber optic,No,No,Yes,Yes,Yes,Yes,Month-to-month,Yes,Mailed check,74.05,2556.15,No
6715-WYEOV,Male,0,Yes,No,62,Yes,No,DSL,No,No,No,Yes,Yes,Yes,One year,No,Electronic check,62.53,3935.21,No
6716-PDNXQ,Male,0,Yes,No,27,Yes,Yes,Fiber optic,Yes,Yes,Yes,No,No,Yes,Month-to-month,Yes,Credit card (automatic),90.17,2492.32,Yes
6717-QUPZI,Male,0,Yes,Yes,5,Yes,Yes,DSL,No,Yes,Yes,Yes,Yes,No,Month-to-month,Yes,Mailed check,55.94,353.25,Yes
6718-BKOCX,Female,0,No,Yes,10,Yes,No,DSL,Yes,Yes,No,No,No,Yes,One year,No,Electronic check,57.1,460.85,No
6719-PUSVF,Female,0,Yes,Yes,45,Yes,Yes,DSL,No,No,No,No,Yes,No,Month-to-month,No,Bank transfer (automatic),44.33,2000.03,Yes
6720-NEEFR,Female,1,Yes,No,19,Yes,Yes,Fiber optic,Yes,Yes,No,No,No,No,Month-to-month,Yes,Electronic check,66.25,1183.43,No
6721-VRSBQ,Male,1,No,No,35,Yes,Yes,Fiber optic,No,No,Yes,No,Yes,No,One year,Yes,Bank transfer (automatic),78.75,2702.06,No
6722-AIMDE,Female,0,Yes,No,15,Yes,No,Fiber optic,No,Yes,No,No,No,No,Month-to-month,Yes,Mailed check,62.73,932.48,No
6723-ZWRJY,Male,0,Yes,Yes,69,No,No phone service,Fiber optic,No,No,Yes,No,No,Yes,Month-to-month,Yes,Mailed check,61.87,4344.61,Yes
6724-DZZMM,Male,1,No,Yes,71,No,No phone service,No,No internet service,No internet service,No internet service,No internet service,No internet service,No internet service,Month-to-month,Yes,Credit card (automatic),21.59,1517.32,Yes
6725-QHDWC,Female,0,No,No,44,Yes,No,No,No internet service,No internet service,No internet service,No internet service,No internet service,No internet service,Two year,Yes,Electronic check,18.25,774.5,No
6726-KLIOM,Male,0,No,No,47,Yes,No,Fiber optic,Yes,No,Yes,No,No,No,Month-to-month,No,Bank transfer (automatic),59.96,2812.2,No
6727-EESKI,Male,1,No,Yes,3,Yes,No,Fiber optic,Yes,No,No,No,No,Yes,Month-to-month,Yes,Electronic check,78.17,232.1,Yes
6728-CRMYL,Female,0,No,No,47,Yes,No,No,No internet service,No internet service,No internet service,No internet service,No internet service,No internet service,Two year,No,Mailed check,18.29,782.58,No
6729-IJMTT,Female,1,No,No,66,Yes,Yes,No,No internet service,No internet service,No internet service,No internet service,No internet service,No internet service,Month-to-month,Yes,Credit card (automatic),20.94,1442.77,No
6730-MZVIX,Male,0,No,Yes,27,Yes,No,Fiber optic,No,Yes,No,No,Yes,No,Month-to-month,No,Bank transfer (automatic),75.46,2028.56,Yes
6731-JSFGO,Female,0,No,Yes,29,No,No phone service,Fiber optic,No,Yes,Yes,No,Yes,No,Month-to-month,Yes,Bank transfer (automatic),82.4,2348.07,Yes
6732-VSNPN,Female,0,No,No,28,Yes,No,No,No internet service,No internet service,No internet service,No internet service,No internet service,No internet service,Two year,Yes,Mailed check,22.19,665.87,No
6733-YTBIC,Female,0,No,No,20,Yes,No,DSL,No,No,No,No,No,No,Month-to-month,Yes,Mailed check,42.54,801.62,No
6734-FENOR,Male,0,No,No,41,Yes,No,No,No internet service,No internet service,No internet service,No internet service,No internet service,No internet service,Two year,Yes,Credit card (automatic),18.25,783.33,No
6735-QISWY,Male,0,Yes,Yes,49,Yes,Yes,No,No internet service,No internet service,No internet service,No internet service,No internet service,No internet service,Month-to-month,No,Mailed check,18.25,895.28,No
6736-IPZFH,Female,0,Yes,No,2,Yes,No,Fiber optic,Yes,Yes,No,No,No,Yes,Month-to-month,No,Bank transfer (automatic),92.95,110.64,No
6737-YCVEG,Male,0,No,Yes,64,Yes,No,Fiber optic,Yes,No,No,No,No,Yes,Month-to-month,No,Credit card (automatic),78.67,5063.58,No
6738-WYAVU,Male,0,Yes,Yes,22,No,No phone service,DSL,No,No,Yes,No,No,Yes,Month-to-month,No,Credit card (automatic),44.71,908.35,Yes
6739-DZPNA,Female,0,Yes,Yes,4,No,No phone service,DSL,No,Yes,No,No,Yes,Yes,Two year,Yes,Electronic check,70.65,274.93,Yes
6740-DJKGD,Female,0,No,No,24,Yes,No,Fiber optic,Yes,Yes,No,No,No,No,Month-to-month,Yes,Bank transfer (automatic),70.28,1613.46,No
6741-AZAQJ,Female,0,Yes,No,34,Yes,Yes,No,No internet service,No internet service,No internet service,No internet service,No internet service,No internet service,Two year,No,Electronic check,18.48,667.46,No
6742-EGYHB,Male,0,No,Yes,64,Yes,Yes,DSL,No,No,No,Yes,No,No,Two year,No,Electronic check,36.69,2304.71,No
6743-IDLZK,Male,0,No,No,38,Yes,Yes,DSL,No,Yes,No,Yes,No,No,Two year,No,Electronic check,46.33,1760.15,Yes
6744-ELUDM,Male,0,Yes,No,17,Yes,No,DSL,No,No,Yes,No,No,Yes,Month-to-month,Yes,Mailed check,56.68,1006.94,No
6745-VARDD,Male,1,Yes,Yes,24,Yes,No,Fiber optic,Yes,No,No,Yes,No,No,Month-to-month,Yes,Credit card (automatic),70.22,1622.38,No
6746-HYTFD,Female,0,Yes,No,0,Yes,No,Fiber optic,No,No,Yes,No,Yes,Yes,One year,No,Mailed check,90.76,18.8,Yes
6747-DKIND,Female,0,Yes,No,61,Yes,No,DSL,No,No,No,No,No,Yes,Month-to-month,Yes,Electronic check,48.95,2924.35,Yes
6748-MFMYC,Female,0,Yes,No,8,Yes,Yes,DSL,No,Yes,Yes,No,No,Yes,Month-to-month,No,Electronic check,55.2,386.24,Yes
6749-WGAKB,Female,0,Yes,No,40,Yes,No,Fiber optic,Yes,Yes,No,No,No,No,Month-to-month,Yes,Bank transfer (automatic),74.77,3049.16,Yes
6750-EXVNM,Female,0,No,No,21,Yes,No,DSL,No,Yes,Yes,No,No,Yes,Month-to-month,No,Credit card (automatic),58.37,1229.58,Yes
6751-PWOCF,Male,0,Yes,Yes,65,Yes,No,DSL,Yes,Yes,No,Yes,No,No,Two year,Yes,Electronic check,61.19,3956.24,No
6752-ICMMV,Female,0,No,No,44,No,No phone service,DSL,No,Yes,Yes,No,No,Yes,Month-to-month,Yes,Mailed check,66.36,2864.09,No
6753-GEZHH,Male,1,No,Yes,51,Yes,Yes,No,No internet service,No internet service,No internet service,No internet service,No internet service,No internet service,Month-to-month,Yes,Credit card (automatic),18.42,916.13,No
6754-VGSGW,Male,1,Yes,No,19,Yes,No,Fiber optic,No,Yes,No,No,No,No,Two year,No,Electronic check,54.89,1023.37,No
6755-DJMDS,Female,0,Yes,No,11,Yes,No,Fiber optic,No,Yes,No,No,Yes,No,Two year,No,Electronic check,61.2,630.37,No
6756-JGECV,Male,0,Yes,Yes,63,No,No phone service,DSL,Yes,No,Yes,No,No,No,Month-to-month,No,Mailed check,47.21,2992.7,No
6757-VVBKJ,Male,0,No,No,31,Yes,No,Fiber optic,No,No,Yes,Yes,No,No,Month-to-month,No,Mailed check,58.08,1755.13,Yes
6758-WMGJD,Female,0,No,No,61,Yes,No,Fiber optic,No,Yes,Yes,Yes,No,No,One year,No,Electronic check,68.69,4118.9,Yes
6759-VTPTF,Male,0,Yes,No,4,Yes,Yes,DSL,Yes,No,No,No,No,Yes,One year,Yes,Mailed check,52.11,146.01,No
6760-IMGRN,Female,0,No,No,43,Yes,Yes,No,No internet service,No internet service,No internet service,No internet service,No internet service,No internet service,Two year,Yes,Credit card (automatic),28.26,1190.19,No
6761-VEVMX,Female,0,No,No,28,Yes,No,No,No internet service,No internet service,No internet service,No internet service,No internet service,No internet service,Month-to-month,Yes,Credit card (automatic),18.25,578.34,Yes
6762-HOSIF,Male,0,No,Yes,32,Yes,No,No,No internet service,No internet service,No internet service,No internet service,No internet service,No internet service,Month-to-month,Yes,Electronic check,18.25,656.44,No
6763-WYNWJ,Male,1,No,No,12,Yes,No,Fiber optic,No,No,No,No,Yes,No,One year,No,Bank transfer (automatic),67.43,734.49,No
6764-IQMQS,Female,1,Yes,Yes,49,Yes,No,DSL,Yes,No,Yes,No,Yes,Yes,Month-to-month,No,Electronic check,67.66,3267.74,No
6765-MIAAE,Male,0,Yes,Yes,1,Yes,No,Fiber optic,No,Yes,No,No,Yes,Yes,One year,Yes,Bank transfer (automatic),82.58,18.8,Yes
6766-HRDVA,Female,0,No,No,27,Yes,No,DSL,No,No,No,Yes,Yes,No,Month-to-month,Yes,Mailed check,48.0,1286.22,No
6767-OTDYI,Female,0,No,No,17,Yes,Yes,DSL,Yes,No,No,No,No,Yes,One year,Yes,Electronic check,61.07,1002.65,No
6768-VXZTJ,Female,0,No,No,72,Yes,Yes,Fiber optic,No,No,Yes,No,No,Yes,Month-to-month,Yes,Credit card (automatic),75.47,5446.81,Yes
6769-XOCBV,Female,1,Yes,No,65,Yes,No,Fiber optic,Yes,Yes,Yes,No,No,No,Two year,Yes,Mailed check,71.75,4617.49,No
6770-EXAKL,Female,0,No,No,45,Yes,No,DSL,No,No,No,Yes,No,No,Month-to-month,No,Mailed check,34.69,1606.37,Yes
6771-ZCWPZ,Female,0,No,No,16,Yes,No,Fiber optic,Yes,No,No,No,Yes,Yes,Month-to-month,Yes,Credit card (automatic),87.06,1412.32,No
6772-NLTZP,Male,0,Yes,No,32,Yes,Yes,Fiber optic,Yes,No,Yes,No,No,No,Month-to-month,No,Electronic check,69.13,2201.67,Yes
6773-UHQQG,Female,1,Yes,No,32,Yes,No,No,No internet service,No internet service,No internet service,No internet service,No internet service,No internet service,One year,Yes,Bank transfer (automatic),19.39,577.09,No
6774-OIDHJ,Male,0,No,No,29,Yes,Yes,Fiber optic,No,Yes,Yes,Yes,No,Yes,Month-to-month,No,Electronic check,71.12,2173.06,Yes
6775-OWRNE,Male,0,Yes,No,21,No,No phone service,DSL,No,Yes,No,No,Yes,No,Month-to-month,Yes,Electronic check,52.4,1099.86,No
6776-IMYSK,Male,1,Yes,No,52,Yes,No,No,No internet service,No internet service,No internet service,No internet service,No internet service,No internet service,Month-to-month,Yes,Mailed check,21.35,1094.89,No
6777-LCBWV,Female,0,Yes,No,45,Yes,Yes,No,No internet service,No internet service,No internet service,No internet service,No internet service,No internet service,Month-to-month,No,Electronic check,26.85,1219.45,No
6778-OEGDE,Female,0,No,Yes,43,Yes,No,Fiber optic,No,No,No,No,Yes,No,One year,No,Mailed check,65.49,2718.02,No
6779-YPOPY,Male,0,No,No,33,Yes,No,No,No internet service,No internet service,No internet service,No internet service,No internet service,No internet service,Month-to-month,Yes,Mailed check,22.13,695.74,No
6780-DFRCY,Female,1,Yes,Yes,27,Yes,No,DSL,Yes,No,No,No,No,No,Month-to-month,Yes,Electronic check,50.21,1389.41,No
6781-VXEBW,Male,1,No,Yes,34,Yes,No,No,No internet service,No internet service,No internet service,No internet service,No internet service,No internet service,Month-to-month,Yes,Mailed check,22.26,798.6,No
6782-PFORF,Female,0,No,No,67,Yes,Yes,DSL,No,No,Yes,Yes,No,No,Month-to-month,No,Mailed check,44.96,3037.65,No
6783-MXMAP,Female,0,Yes,No,8,Yes,No,Fiber optic,No,No,No,No,No,No,Month-to-month,Yes,Mailed check,57.3,349.68,No
6784-DQRPA,Female,0,No,No,21,Yes,Yes,Fiber optic,Yes,Yes,Yes,No,No,No,Month-to-month,Yes,Credit card (automatic),69.07,1441.1,No
6785-FKFQD,Male,0,No,No,60,Yes,No,Fiber optic,No,No,Yes,No,No,No,Month-to-month,Yes,Electronic check,53.13,3143.93,Yes
6786-NNTHV,Male,0,No,Yes,24,Yes,No,DSL,Yes,No,No,No,No,Yes,Month-to-month,Yes,Credit card (automatic),51.72,1264.34,No
6787-BEDJT,Male,0,Yes,Yes,40,Yes,Yes,Fiber optic,No,No,No,No,Yes,Yes,Two year,Yes,Electronic check,75.89,3042.78,No
6788-XUCPJ,Female,0,No,No,6,Yes,Yes,No,No internet service,No internet service,No internet service,No internet service,No internet service,No internet service,Two year,Yes,Mailed check,18.25,149.06,No
6789-ODAVO,Female,1,Yes,Yes,58,Yes,Yes,No,No internet service,No internet service,No internet service,No internet service,No internet service,No internet service,One year,Yes,Electronic check,23.2,1326.77,No
6790-JTVRP,Male,0,Yes,No,71,Yes,Yes,Fiber optic,No,No,Yes,No,No,Yes,Month-to-month,No,Mailed check,61.68,4383.38,Yes
6791-UIXSQ,Male,0,No,No,66,Yes,No,Fiber optic,Yes,Yes,No,No,No,No,Month-to-month,No,Bank transfer (automatic),63.6,4269.65,No
6792-JSHSE,Male,0,No,Yes,32,Yes,No,No,No internet service,No internet service,No internet service,No internet service,No internet service,No internet service,Month-to-month,No,Electronic check,23.97,844.2,No
6793-BOQJU,Female,0,No,Yes,64,Yes,Yes,DSL,Yes,No,Yes,Yes,No,No,Month-to-month,No,Electronic check,43.74,2848.86,Yes
6794-UVBIB,Male,0,Yes,No,59,Yes,No,No,No internet service,No internet service,No internet service,No internet service,No internet service,No internet service,Month-to-month,Yes,Credit card (automatic),18.25,988.44,No
6795-RLOUY,Female,0,Yes,No,57,Yes,No,DSL,No,Yes,Yes,No,No,Yes,Month-to-month,Yes,Electronic check,57.4,3248.8,No
6796-TFRMD,Female,0,No,Yes,43,Yes,No,No,No internet service,No internet service,No internet service,No internet service,No internet service,No internet service,Month-to-month,Yes,Electronic check,18.84,876.11,No
6797-LIBPA,Male,1,Yes,Yes,47,Yes,No,No,No internet service,No internet service,No internet service,No internet service,No internet service,No internet service,Month-to-month,No,Credit card (automatic),21.29,998.58,Yes
6798-DOTAT,Female,0,Yes,No,36,Yes,No,DSL,No,No,No,No,No,No,Two year,No,Electronic check,41.0,1441.02,Yes
6799-OCMRM,Female,0,No,No,24,Yes,No,No,No internet service,No internet service,No internet service,No internet service,No internet service,No internet service,Two year,Yes,Credit card (automatic),18.77,458.23,No
6800-JTXGY,Female,0,No,No,24,No,No phone service,Fiber optic,No,No,No,No,Yes,Yes,Two year,No,Credit card (automatic),75.82,1788.47,No
6801-HARLR,Female,0,No,No,56,Yes,No,No,No internet service,No internet service,No internet service,No internet service,No internet service,No internet service,Month-to-month,Yes,Bank transfer (automatic),18.51,1044.33,No
6802-XLTIB,Male,0,Yes,No,12,Yes,No,DSL,No,Yes,No,No,No,No,Month-to-month,Yes,Electronic check,46.6,567.29,Yes
6803-NDOQS,Female,0,Yes,No,11,Yes,Yes,No,No internet service,No internet service,No internet service,No internet service,No internet service,No internet service,Two year,No,Electronic check,22.09,214.07,No
6804-FIQOE,Male,1,No,Yes,62,No,No phone service,Fiber optic,No,No,No,Yes,Yes,Yes,Two year,Yes,Electronic check,81.57,5067.51,No
6805-RWDUX,Female,0,No,No,61,Yes,Yes,Fiber optic,No,No,No,No,No,No,Month-to-month,Yes,Credit card (automatic),58.33,3535.21,No
6806-BSEZD,Male,1,No,No,27,Yes,Yes,Fiber optic,No,No,Yes,No,No,No,Two year,Yes,Credit card (automatic),61.69,1640.55,Yes
6807-ESMPL,Female,1,No,Yes,54,Yes,No,Fiber optic,Yes,No,Yes,Yes,No,Yes,Month-to-month,No,Electronic check,67.66,3668.74,Yes
6808-IXPNV,Male,0,No,Yes,41,Yes,No,DSL,Yes,Yes,No,Yes,Yes,No,Month-to-month,Yes,Bank transfer (automatic),62.01,2572.34,No
6809-ATWZU,Female,0,Yes,Yes,60,Yes,No,No,No internet service,No internet service,No internet service,No internet service,No internet service,No internet service,One year,No,Bank transfer (automatic),24.04,1444.55,No
6810-DIXSN,Male,0,Yes,No,37,Yes,No,DSL,No,No,Yes,No,No,No,Month-to-month,No,Electronic check,24.57,855.05,No
6811-VLDGQ,Male,1,Yes,No,4,Yes,Yes,No,No internet service,No internet service,No internet service,No internet service,No internet service,No internet service,Two year,Yes,Electronic check,25.25,53.62,No
6812-ANOLL,Male,0,No,Yes,47,Yes,No,DSL,Yes,Yes,Yes,No,No,No,Month-to-month,No,Electronic check,57.81,2781.72,No
6813-FZMPN,Female,0,Yes,No,34,No,No phone service,No,No internet service,No internet service,No internet service,No internet service,No internet service,No internet service,Month-to-month,Yes,Mailed check,22.37,749.21,Yes
6814-GYPWI,Female,0,Yes,No,47,Yes,No,No,No internet service,No internet service,No internet service,No internet service,No internet service,No internet service,Two year,No,Electronic check,18.25,823.82,No
6815-ZNYXG,Male,0,No,No,13,Yes,No,DSL,No,Yes,Yes,Yes,Yes,No,One year,Yes,Credit card (automatic),55.56,821.01,No
6816-LCNSK,Female,0,Yes,No,53,Yes,No,Fiber optic,Yes,Yes,No,No,No,Yes,Month-to-month,Yes,Electronic check,76.04,4095.95,No
6817-EWMJG,Male,0,Yes,No,25,Yes,No,Fiber optic,No,Yes,No,Yes,No,Yes,Month-to-month,Yes,Bank transfer (automatic),75.26,1935.3,No
6818-QPHQM,Male,0,No,No,42,Yes,Yes,Fiber optic,Yes,No,No,No,Yes,Yes,One year,No,Electronic check,86.92,3651.04,No
6819-KTREF,Female,0,No,No,41,Yes,Yes,DSL,Yes,Yes,No,No,No,No,One year,Yes,Mailed check,53.35,2175.83,No
6820-TNLDG,Female,0,Yes,No,17,Yes,No,DSL,No,No,No,No,Yes,No,Month-to-month,No,Electronic check,51.13,858.35,Yes
6821-KTBDG,Female,0,No,Yes,54,Yes,No,No,No internet service,No internet service,No internet service,No internet service,No internet service,No internet service,One year,Yes,Electronic check,18.71,994.41,No
6822-AOTVX,Female,0,Yes,No,49,Yes,No,Fiber optic,No,No,Yes,Yes,Yes,No,Two year,Yes,Credit card (automatic),77.16,3803.06,No
6823-HYENR,Female,0,No,Yes,20,Yes,Yes,DSL,No,No,No,Yes,No,Yes,Month-to-month,Yes,Bank transfer (automatic),45.73,957.57,No
6824-CBYVP,Female,0,No,No,33,No,No phone service,Fiber optic,No,Yes,No,No,Yes,Yes,Month-to-month,No,Electronic check,78.61,2463.79,Yes
6825-NPKQC,Male,0,Yes,Yes,39,Yes,Yes,No,No internet service,No internet service,No internet service,No internet service,No internet service,No internet service,Month-to-month,No,Electronic check,18.65,681.28,Yes
6826-WWECO,Male,0,No,Yes,29,Yes,No,DSL,Yes,No,Yes,No,No,No,Month-to-month,No,Mailed check,43.24,1222.94,Yes
6827-WEVCF,Male,1,Yes,Yes,69,Yes,Yes,DSL,Yes,No,Yes,No,Yes,Yes,Month-to-month,Yes,Bank transfer (automatic),60.82,4111.97,No
6828-WNXBR,Female,0,Yes,No,24,Yes,No,Fiber optic,No,No,No,No,No,No,Two year,No,Credit card (automatic),62.73,1515.77,No
6829-FXENQ,Male,0,No,Yes,68,Yes,Yes,No,No internet service,No internet service,No internet service,No internet service,No internet service,No internet service,Month-to-month,Yes,Bank transfer (automatic),18.25,1181.66,No
6830-KAJIT,Female,1,Yes,No,28,Yes,No,No,No internet service,No internet service,No internet service,No internet service,No internet service,No internet service,One year,No,Credit card (automatic),23.51,717.5,No
6831-LZAXR,Female,0,Yes,Yes,66,Yes,No,Fiber optic,No,No,No,No,Yes,No,Month-to-month,No,Bank transfer (automatic),61.79,4070.67,No
6832-LBAAY,Female,0,Yes,No,56,Yes,Yes,DSL,No,No,Yes,No,Yes,No,Month-to-month,No,Electronic check,46.21,2592.87,Yes
6833-AVLGD,Male,0,Yes,No,46,Yes,Yes,No,No internet service,No internet service,No internet service,No internet service,No internet service,No internet service,Month-to-month,Yes,Mailed check,25.09,1193.7,Yes
6834-UTDZO,Male,0,No,No,16,Yes,No,No,No internet service,No internet service,No internet service,No internet service,No internet service,No internet service,One year,Yes,Bank transfer (automatic),18.25,307.39,Yes
6835-AFNZN,Female,0,No,No,48,Yes,No,No,No internet service,No internet service,No internet service,No internet service,No internet service,No internet service,Two year,No,Electronic check,18.25,881.44,No
6836-JGWXW,Male,0,No,Yes,49,Yes,Yes,Fiber optic,Yes,Yes,No,No,Yes,No,Month-to-month,Yes,Electronic check,87.44,4266.0,No
6837-VLXSI,Female,1,Yes,Yes,4,No,No phone service,Fiber optic,No,No,No,No,No,Yes,Month-to-month,Yes,Credit card (automatic),76.98,297.68,Yes
6838-CDMJN,Female,1,No,No,12,Yes,No,DSL,No,No,No,No,No,Yes,Month-to-month,Yes,Bank transfer (automatic),44.27,495.91,Yes
6839-FHSJV,Male,0,Yes,No,62,Yes,No,Fiber optic,No,No,No,No,No,No,One year,No,Electronic check,58.85,3694.84,No
6840-EEEIW,Female,1,Yes,No,38,Yes,No,Fiber optic,No,Yes,Yes,Yes,Yes,No,Month-to-month,Yes,Electronic check,75.48,2893.52,Yes
6841-IOINF,Female,0,Yes,No,67,Yes,No,DSL,No,Yes,No,Yes,Yes,No,Two year,Yes,Credit card (automatic),57.01,3922.07,No
6842-VTHBE,Female,0,Yes,No,44,Yes,No,DSL,No,No,Yes,Yes,Yes,No,One year,Yes,Mailed check,43.04,1919.77,No
6843-QJNRA,Female,0,No,No,16,Yes,No,No,No internet service,No internet service,No internet service,No internet service,No internet service,No internet service,Month-to-month,Yes,Mailed check,18.25,300.33,Yes
6844-VBDMP,Male,0,No,No,58,Yes,No,DSL,No,No,No,No,Yes,Yes,Month-to-month,Yes,Credit card (automatic),61.85,3601.03,No
6845-EWJQK,Male,0,No,No,58,Yes,Yes,Fiber optic,Yes,Yes,No,No,No,No,One year,Yes,Bank transfer (automatic),74.74,4300.27,No
6846-EODGJ,Female,0,No,Yes,7,Yes,Yes,Fiber optic,Yes,No,No,No,No,No,One year,Yes,Mailed check,62.98,500.94,Yes
6847-WXDTZ,Female,0,Yes,No,29,Yes,Yes,Fiber optic,Yes,Yes,Yes,No,No,No,Month-to-month,Yes,Electronic check,67.51,1949.79,Yes
6848-EEKSE,Female,0,No,Yes,2,Yes,Yes,DSL,No,Yes,No,No,Yes,Yes,Month-to-month,No,Mailed check,65.69,27.55,Yes
6849-UHGHM,Male,1,No,No,16,Yes,Yes,Fiber optic,No,No,No,Yes,Yes,No,Month-to-month,No,Mailed check,70.67,1062.02,Yes
6850-ERXIB,Male,0,No,Yes,50,Yes,Yes,Fiber optic,No,Yes,No,Yes,No,No,Month-to-month,Yes,Electronic check,66.03,3292.9,Yes
6851-PNQFC,Male,0,Yes,No,23,Yes,Yes,No,No internet service,No internet service,No internet service,No internet service,No internet service,No internet service,Month-to-month,Yes,Mailed check,31.82,656.28,No
6852-QMFHY,Male,1,No,No,63,Yes,Yes,Fiber optic,No,No,No,Yes,No,No,Month-to-month,Yes,Bank transfer (automatic),55.51,3447.91,No
6853-FPFQU,Male,0,No,Yes,70,Yes,Yes,Fiber optic,No,No,No,Yes,No,Yes,Month-to-month,No,Bank transfer (automatic),65.6,4631.41,No
6854-CWLYF,Female,0,Yes,Yes,48,Yes,Yes,Fiber optic,No,No,No,Yes,No,No,One year,Yes,Mailed check,57.87,2820.27,No
6855-UGKIP,Male,0,No,Yes,19,Yes,No,No,No internet service,No internet service,No internet service,No internet service,No internet service,No internet service,Two year,No,Mailed check,20.32,417.47,No
6856-EOUZD,Male,1,Yes,Yes,28,Yes,No,Fiber optic,No,Yes,Yes,No,No,Yes,One year,No,Mailed check,71.58,2043.25,No
6857-EGCDY,Female,0,Yes,Yes,9,Yes,No,Fiber optic,Yes,Yes,No,No,No,Yes,One year,Yes,Electronic check,77.55,730.15,No
6858-OBXYE,Male,0,No,No,8,Yes,No,DSL,No,No,No,No,Yes,No,Two year,Yes,Credit card (automatic),44.6,394.27,No
6859-GVQHI,Female,0,Yes,No,70,Yes,Yes,Fiber optic,No,No,Yes,No,No,Yes,Two year,No,Bank transfer (automatic),65.34,4592.85,No
6860-JKAOH,Female,0,No,No,62,Yes,No,DSL,No,No,Yes,No,No,Yes,Month-to-month,No,Bank transfer (automatic),42.63,2672.16,No
6861-SLFJX,Male,0,Yes,No,32,Yes,No,DSL,No,Yes,No,No,No,Yes,One year,Yes,Mailed check,57.43,1919.6,No
6862-EXGGW,Male,0,Yes,No,23,Yes,No,Fiber optic,Yes,Yes,No,Yes,Yes,Yes,Month-to-month,Yes,Electronic check,87.16,1992.81,No
6863-YVVIO,Male,0,No,Yes,31,Yes,No,Fiber optic,No,No,No,No,No,Yes,Two year,Yes,Electronic check,73.91,2405.26,No
6864-FPGOW,Male,0,Yes,No,3,Yes,Yes,Fiber optic,Yes,Yes,No,No,No,Yes,Two year,No,Mailed check,82.87,230.55,No
6865-BHLKF,Female,0,No,No,61,Yes,No,Fiber optic,No,Yes,No,No,No,Yes,Month-to-month,Yes,Credit card (automatic),84.45,5127.56,Yes
6866-TMWPH,Female,0,No,Yes,21,Yes,No,DSL,No,No,Yes,No,No,Yes,One year,Yes,Electronic check,49.41,1053.03,No
6867-QZMDT,Male,0,Yes,No,22,Yes,No,Fiber optic,Yes,Yes,Yes,No,Yes,No,Month-to-month,No,Mailed check,81.28,1767.63,Yes
6868-JYVTP,Female,0,No,Yes,25,Yes,Yes,No,No internet service,No internet service,No internet service,No internet service,No internet service,No internet service,Two year,Yes,Electronic check,18.25,347.15,No
6869-QHKYE,Female,0,No,Yes,48,Yes,Yes,No,No internet service,No internet service,No internet service,No internet service,No internet service,No internet service,Month-to-month,No,Credit card (automatic),19.08,870.96,No
6870-UZPXH,Female,0,No,Yes,43,Yes,No,Fiber optic,Yes,Yes,No,No,No,No,Month-to-month,No,Electronic check,72.06,3068.86,Yes
6871-UPDFZ,Male,0,No,No,21,Yes,No,Fiber optic,No,Yes,No,No,No,No,Month-to-month,Yes,Mailed check,58.4,1206.38,Yes
6872-UHIMQ,Female,0,No,No,66,Yes,Yes,Fiber optic,No,Yes,No,No,Yes,No,Month-to-month,Yes,Electronic check,77.67,5037.63,Yes
6873-IMIFJ,Female,0,Yes,No,41,Yes,No,DSL,No,No,No,Yes,No,Yes,Two year,No,Electronic check,50.82,2047.52,Yes
6874-EGKXI,Female,1,Yes,No,51,Yes,Yes,Fiber optic,No,No,No,Yes,No,No,Month-to-month,No,Mailed check,59.63,3009.81,No
6875-YJKCH,Male,0,No,No,16,Yes,Yes,No,No internet service,No internet service,No internet service,No internet service,No internet service,No internet service,Month-to-month,No,Electronic check,20.7,294.54,No
6876-QGLPO,Female,0,No,No,13,No,No phone service,Fiber optic,Yes,Yes,No,No,No,No,Month-to-month,Yes,Electronic check,68.94,877.77,Yes
6877-UMRRX,Female,0,Yes,No,63,Yes,No,Fiber optic,No,No,No,Yes,Yes,Yes,Month-to-month,Yes,Bank transfer (automatic),81.29,5162.83,No
6878-ENKCQ,Female,1,Yes,No,44,Yes,No,Fiber optic,No,No,Yes,No,No,No,Two year,Yes,Credit card (automatic),64.88,2900.24,No
6879-WLCWB,Female,1,No,No,63,Yes,No,Fiber optic,No,No,No,Yes,Yes,No,Two year,Yes,Bank transfer (automatic),77.0,4863.69,No
6880-DRTUN,Female,0,No,No,29,Yes,No,Fiber optic,No,Yes,No,Yes,No,No,One year,Yes,Credit card (automatic),62.36,1860.86,No
6881-HBZSJ,Female,0,Yes,No,12,Yes,Yes,Fiber optic,No,No,No,No,No,Yes,One year,No,Electronic check,71.51,860.84,No
6882-EKIPZ,Female,0,No,No,25,Yes,Yes,DSL,Yes,Yes,No,Yes,No,No,Month-to-month,No,Mailed check,45.26,1187.89,Yes
6883-EONIT,Male,0,No,Yes,31,Yes,No,Fiber optic,No,Yes,No,Yes,No,Yes,Month-to-month,No,Electronic check,87.11,2719.89,Yes
6884-ZEOID,Male,0,No,No,45,Yes,Yes,Fiber optic,Yes,Yes,No,Yes,Yes,No,Month-to-month,Yes,Mailed check,84.07,3749.65,No
6885-UUDTU,Male,0,Yes,Yes,50,Yes,Yes,Fiber optic,No,No,No,No,Yes,No,Month-to-month,Yes,Bank transfer (automatic),65.45,3240.86,No
6886-VGOVQ,Male,1,No,No,33,Yes,No,DSL,No,No,No,No,No,No,Month-to-month,No,Electronic check,47.45,1593.85,No
6887-RGSJM,Male,0,Yes,No,27,Yes,No,DSL,No,Yes,No,No,No,Yes,Month-to-month,Yes,Credit card (automatic),46.92,1304.89,No
6888-BVTKE,Male,1,No,Yes,18,Yes,Yes,DSL,Yes,No,No,No,Yes,No,Month-to-month,Yes,Electronic check,50.72,862.6,Yes
6889-FCACC,Female,0,Yes,No,47,Yes,No,DSL,No,Yes,Yes,Yes,No,No,Two year,No,Mailed check,41.97,2074.9,No
6890-VDGOK,Male,0,No,No,71,Yes,Yes,Fiber optic,No,Yes,No,No,Yes,No,Month-to-month,No,Credit card (automatic),73.86,5289.33,No
6891-RLDXK,Male,0,Yes,No,33,Yes,Yes,Fiber optic,No,No,Yes,No,No,No,Month-to-month,Yes,Electronic check,63.03,2059.49,No
6892-FZSZR,Male,0,No,Yes,15,Yes,No,No,No internet service,No internet service,No internet service,No internet service,No internet service,No internet service,Month-to-month,No,Bank transfer (automatic),18.25,222.63,No
6893-OCQAB,Male,0,No,Yes,70,Yes,No,No,No internet service,No internet service,No internet service,No internet service,No internet service,No internet service,Month-to-month,No,Mailed check,18.25,1201.48,Yes
6894-SIHLO,Female,0,No,Yes,26,No,No phone service,No,No internet service,No internet service,No internet service,No internet service,No internet service,No internet service,Month-to-month,No,Electronic check,19.23,569.4,No
6895-YWGUP,Female,0,Yes,Yes,50,Yes,No,No,No internet service,No internet service,No internet service,No internet service,No internet service,No internet service,Two year,No,Mailed check,23.27,1204.08,No
6896-GTULQ,Female,0,Yes,No,53,Yes,No,Fiber optic,No,No,No,Yes,Yes,No,Month-to-month,No,Bank transfer (automatic),68.28,3620.69,Yes
6897-KDSBB,Female,0,Yes,No,16,Yes,No,DSL,No,No,No,No,No,No,Month-to-month,No,Bank transfer (automatic),41.33,678.94,No
6898-XQXIV,Male,1,Yes,Yes,71,Yes,No,Fiber optic,No,No,No,No,No,No,Month-to-month,Yes,Bank transfer (automatic),62.06,4294.86,Yes
6899-AJWOU,Female,1,Yes,Yes,67,Yes,Yes,DSL,No,Yes,No,No,No,No,One year,Yes,Electronic check,47.39,3060.11,No
6900-OYWUB,Male,0,No,No,0,No,No phone service,Fiber optic,No,Yes,Yes,Yes,Yes,No,Month-to-month,No,Bank transfer (automatic),61.93,23.91,Yes
6901-NDRIB,Female,1,No,No,13,Yes,Yes,DSL,No,Yes,No,Yes,No,No,One year,Yes,Mailed check,46.38,615.91,No
6902-BRQIH,Male,0,Yes,No,6,Yes,Yes,DSL,No,No,Yes,No,No,No,Month-to-month,Yes,Mailed check,31.19,194.14,Yes
6903-BBELP,Male,0,Yes,Yes,63,Yes,No,Fiber optic,No,No,Yes,Yes,Yes,No,Month-to-month,Yes,Credit card (automatic),69.9,4480.29,Yes
6904-NTBXH,Female,0,No,No,71,Yes,Yes,DSL,Yes,No,No,No,No,No,Two year,Yes,Bank transfer (automatic),44.06,3164.04,No
6905-DTITZ,Female,0,Yes,Yes,7,Yes,Yes,Fiber optic,Yes,Yes,No,No,No,No,Month-to-month,Yes,Bank transfer (automatic),73.23,487.61,Yes
6906-YSBPK,Female,0,No,No,53,No,No phone service,No,No internet service,No internet service,No internet service,No internet service,No internet service,No internet service,One year,Yes,Mailed check,18.25,942.58,No
6907-HLCMB,Female,0,Yes,No,23,Yes,No,DSL,No,Yes,No,No,Yes,Yes,Two year,No,Bank transfer (automatic),59.42,1395.91,No
6908-MHOXU,Female,0,Yes,No,54,Yes,No,DSL,Yes,No,No,No,Yes,No,Month-to-month,Yes,Bank transfer (automatic),52.84,2880.75,No
6909-IKVUC,Female,0,Yes,Yes,0,Yes,No,DSL,Yes,No,Yes,Yes,No,No,Month-to-month,Yes,Electronic check,43.05,93.24,Yes
6910-GNOIT,Female,0,Yes,Yes,71,Yes,No,Fiber optic,Yes,Yes,No,Yes,No,Yes,Month-to-month,No,Mailed check,81.32,5738.18,Yes
6911-KGLSR,Male,0,No,No,68,Yes,No,DSL,Yes,Yes,No,No,Yes,Yes,Two year,No,Electronic check,64.06,4308.13,No
6912-MKAFU,Female,0,Yes,No,31,Yes,No,No,No internet service,No internet service,No internet service,No internet service,No internet service,No internet service,One year,No,Electronic check,21.14,663.26,No
6913-BMMSI,Male,0,No,No,0,Yes,No,Fiber optic,No,No,Yes,No,Yes,No,Two year,No,Credit card (automatic),69.34,18.8,No
6914-SWAWY,Male,1,Yes,Yes,65,Yes,Yes,DSL,No,Yes,No,No,No,No,Month-to-month,Yes,Mailed check,52.07,3441.99,No
6915-HWZNX,Female,0,No,No,41,Yes,No,DSL,Yes,Yes,Yes,No,Yes,Yes,One year,Yes,Electronic check,64.6,2655.98,Yes
6916-PDRNI,Male,0,No,No,8,Yes,No,Fiber optic,Yes,No,Yes,No,No,No,Month-to-month,Yes,Credit card (automatic),69.38,577.44,Yes
6917-OCDWR,Female,1,No,No,23,Yes,Yes,No,No internet service,No internet service,No internet service,No internet service,No internet service,No internet service,Month-to-month,No,Electronic check,18.83,346.47,No
6918-NOHJX,Male,1,Yes,Yes,18,Yes,Yes,Fiber optic,Yes,No,Yes,Yes,Yes,Yes,Two year,No,Mailed check,81.72,1534.2,No
6919-LUIHQ,Female,0,No,No,50,No,No phone service,DSL,Yes,No,No,Yes,Yes,Yes,Month-to-month,No,Bank transfer (automatic),72.61,3630.52,No
6920-IMNEI,Female,0,Yes,Yes,1,Yes,No,Fiber optic,No,No,Yes,Yes,No,No,Month-to-month,Yes,Mailed check,57.83,18.8,No
6921-YZZPS,Female,0,Yes,No,9,Yes,Yes,No,No internet service,No internet service,No internet service,No internet service,No internet service,No internet service,Month-to-month,Yes,Mailed check,21.98,218.04,Yes
6922-XWGLZ,Female,0,No,No,68,Yes,Yes,DSL,Yes,No,No,No,No,No,Month-to-month,Yes,Electronic check,43.91,2950.18,Yes
6923-BRRPK,Female,0,No,No,5,Yes,No,Fiber optic,Yes,No,No,Yes,No,No,Month-to-month,Yes,Mailed check,63.86,271.27,No
6924-BNDGB,Male,0,Yes,Yes,61,Yes,Yes,DSL,Yes,Yes,No,No,Yes,No,Month-to-month,Yes,Credit card (automatic),63.0,3858.32,No
6925-UNGIH,Female,0,No,Yes,65,Yes,No,Fiber optic,No,No,Yes,Yes,No,No,Month-to-month,Yes,Electronic check,63.71,4089.67,No
6926-IGSQZ,Female,0,Yes,No,7,Yes,No,No,No internet service,No internet service,No internet service,No internet service,No internet service,No internet service,Month-to-month,Yes,Electronic check,18.25,154.83,Yes
6927-WMKVR,Male,0,Yes,No,67,Yes,Yes,Fiber optic,No,Yes,No,No,No,No,Month-to-month,No,Mailed check,61.59,4107.42,Yes
6928-QPJDD,Female,1,No,Yes,58,Yes,No,No,No internet service,No internet service,No internet service,No internet service,No internet service,No internet service,Month-to-month,Yes,Bank transfer (automatic),18.25,1053.6,No
6929-VKUYH,Male,0,No,No,49,No,No phone service,Fiber optic,Yes,No,Yes,No,No,Yes,Month-to-month,No,Credit card (automatic),73.31,3612.84,Yes
6930-IPJWI,Female,0,Yes,No,35,Yes,No,No,No internet service,No internet service,No internet service,No internet service,No internet service,No internet service,Month-to-month,Yes,Bank transfer (automatic),26.97,876.98,No
6931-CYBIM,Male,0,No,No,7,Yes,Yes,Fiber optic,Yes,Yes,No,No,Yes,No,Month-to-month,Yes,Mailed check,87.74,617.73,Yes
6932-FDNKB,Female,0,No,No,16,Yes,No,Fiber optic,Yes,No,No,Yes,No,No,Month-to-month,No,Electronic check,64.99,1111.47,No
6933-ZCEYG,Female,0,No,Yes,58,Yes,Yes,No,No internet service,No internet service,No internet service,No internet service,No internet service,No internet service,Two year,Yes,Mailed check,27.74,1630.44,No
6934-KLKSM,Male,0,Yes,No,7,Yes,No,DSL,Yes,No,No,No,Yes,No,Month-to-month,Yes,Electronic check,60.77,458.17,Yes
6935-DNLBH,Male,0,Yes,No,42,Yes,No,DSL,No,No,No,Yes,No,No,Month-to-month,Yes,Mailed check,43.23,1841.08,No
6936-VSMUU,Male,0,No,No,62,Yes,No,DSL,No,No,Yes,Yes,No,No,One year,Yes,Mailed check,33.61,2006.84,No
6937-AEVZZ,Male,0,No,No,11,Yes,No,DSL,No,Yes,No,Yes,No,Yes,Two year,Yes,Electronic check,53.66,610.68,No
6938-KKMBS,Male,0,No,No,55,Yes,No,No,No internet service,No internet service,No internet service,No internet service,No internet service,No internet service,Month-to-month,No,Electronic check,18.25,1002.04,Yes
6939-PZENS,Female,0,No,Yes,48,Yes,No,DSL,No,No,No,Yes,Yes,No,Month-to-month,Yes,Mailed check,44.68,2120.21,No
6940-EUXZI,Female,0,Yes,No,51,Yes,No,DSL,Yes,No,No,No,Yes,No,Month-to-month,No,Credit card (automatic),56.63,2981.24,No
6941-XLPSO,Male,0,No,No,10,Yes,Yes,DSL,No,Yes,No,Yes,No,Yes,Month-to-month,Yes,Electronic check,57.96,444.09,Yes
6942-QOCQM,Male,0,Yes,Yes,26,Yes,No,Fiber optic,No,Yes,Yes,Yes,Yes,Yes,Two year,Yes,Electronic check,73.97,2089.82,No
6943-IMPSN,Male,1,Yes,No,61,Yes,No,Fiber optic,Yes,No,No,No,No,Yes,Month-to-month,No,Electronic check,72.69,4479.48,Yes
6944-HVSYX,Female,0,Yes,No,8,Yes,No,Fiber optic,No,No,Yes,No,No,No,Two year,Yes,Mailed check,54.68,481.08,Yes
6945-CWURP,Female,0,No,No,35,No,No phone service,Fiber optic,Yes,No,No,No,No,Yes,One year,Yes,Mailed check,75.08,2553.51,No
6946-NPXQT,Male,0,Yes,Yes,45,Yes,Yes,Fiber optic,Yes,No,Yes,No,No,No,Month-to-month,Yes,Mailed check,61.34,2743.01,No
6947-KMKDZ,Female,1,Yes,Yes,28,Yes,Yes,No,No internet service,No internet service,No internet service,No internet service,No internet service,No internet service,Month-to-month,Yes,Credit card (automatic),21.46,489.91,No
6948-NEDAN,Male,0,Yes,No,67,Yes,No,DSL,Yes,No,No,No,No,No,One year,No,Electronic check,50.88,3372.62,No
6949-GJBJC,Female,0,Yes,No,40,Yes,Yes,Fiber optic,No,No,No,No,Yes,No,Month-to-month,Yes,Credit card (automatic),70.34,2794.95,Yes
6950-UHJHN,Male,1,Yes,Yes,27,Yes,Yes,No,No internet service,No internet service,No internet service,No internet service,No internet service,No internet service,Month-to-month,No,Mailed check,23.92,662.16,No
6951-RIVID,Male,1,No,No,63,Yes,Yes,DSL,Yes,Yes,No,No,Yes,Yes,Two year,Yes,Electronic check,76.54,4801.49,No
6952-CNNUP,Female,0,Yes,Yes,23,Yes,Yes,Fiber optic,No,No,Yes,No,No,No,Two year,Yes,Mailed check,60.74,1386.19,No
6953-ETWXO,Female,0,Yes,No,15,Yes,Yes,Fiber optic,No,No,Yes,Yes,Yes,No,One year,Yes,Bank transfer (automatic),63.22,950.96,Yes
6954-UIGMW,Male,0,No,Yes,21,Yes,No,DSL,Yes,Yes,Yes,No,No,Yes,Month-to-month,No,Electronic check,54.05,1082.05,Yes
6955-HLDPZ,Male,0,No,No,46,Yes,No,Fiber optic,No,No,Yes,Yes,No,No,Month-to-month,Yes,Credit card (automatic),59.45,2714.76,No
6956-FEANI,Female,0,No,No,16,Yes,Yes,No,No internet service,No internet service,No internet service,No internet service,No internet service,No internet service,One year,Yes,Electronic check,29.06,420.05,No
6957-RFOPH,Male,0,Yes,No,0,Yes,No,DSL,Yes,Yes,No,Yes,No,No,Two year,Yes,Mailed check,40.94,18.8,No
6958-SENGD,Male,0,No,No,30,Yes,Yes,Fiber optic,No,Yes,No,Yes,No,Yes,Month-to-month,Yes,Credit card (automatic),77.13,2297.4,Yes
6959-UADNW,Male,0,Yes,No,11,Yes,No,Fiber optic,No,No,No,Yes,No,No,Month-to-month,Yes,Bank transfer (automatic),61.21,686.69,Yes
6960-PZGJJ,Male,0,No,No,19,Yes,No,Fiber optic,Yes,No,No,No,No,No,Month-to-month,No,Electronic check,67.87,1277.15,No
6961-DLFMU,Male,1,Yes,No,18,Yes,Yes,Fiber optic,No,No,Yes,No,Yes,No,One year,Yes,Mailed check,69.43,1229.01,Yes
6962-AHWPE,Male,1,Yes,No,4,Yes,Yes,Fiber optic,No,No,Yes,No,Yes,Yes,Two year,Yes,Electronic check,80.04,260.15,No
6963-ZZGZC,Female,0,No,No,14,Yes,No,No,No internet service,No internet service,No internet service,No internet service,No internet service,No internet service,Month-to-month,Yes,Mailed check,19.81,206.38,No
6964-XUBBT,Female,0,Yes,No,24,Yes,Yes,DSL,No,No,Yes,Yes,Yes,No,Month-to-month,No,Credit card (automatic),44.66,1067.73,Yes
6965-WJTIR,Male,0,Yes,No,34,Yes,No,No,No internet service,No internet service,No internet service,No internet service,No internet service,No internet service,Month-to-month,No,Electronic check,18.25,601.93,Yes
6966-FTFZY,Male,0,No,No,54,No,No phone service,Fiber optic,No,No,No,Yes,No,Yes,One year,Yes,Electronic check,80.0,4339.33,No
6967-JYIIC,Female,0,No,Yes,62,Yes,No,DSL,No,Yes,No,No,No,No,Month-to-month,No,Electronic check,43.74,2628.89,Yes
6968-LKNYS,Male,0,No,No,46,Yes,Yes,DSL,Yes,Yes,Yes,Yes,Yes,No,Month-to-month,No,Credit card (automatic),54.56,2543.98,No
6969-JSEVI,Female,0,No,No,66,Yes,Yes,DSL,No,Yes,No,Yes,No,No,Month-to-month,No,Electronic check,50.47,3293.4,No
6970-AOXDZ,Female,0,No,No,63,Yes,Yes,Fiber optic,Yes,Yes,No,No,Yes,No,Month-to-month,No,Electronic check,77.52,4862.85,No
6971-GFOFG,Male,0,No,No,21,Yes,Yes,Fiber optic,Yes,No,No,No,No,No,Month-to-month,Yes,Credit card (automatic),66.36,1404.91,Yes
6972-TVCUM,Male,0,No,No,68,Yes,No,DSL,No,No,No,Yes,No,No,Month-to-month,Yes,Mailed check,42.36,2845.78,No
6973-BCMIV,Male,0,No,No,1,Yes,Yes,No,No internet service,No internet service,No internet service,No internet service,No internet service,No internet service,Month-to-month,No,Credit card (automatic),18.25,18.8,No
6974-SREJN,Female,0,No,No,24,No,No phone service,No,No internet service,No internet service,No internet service,No internet service,No internet service,No internet service,One year,No,Bank transfer (automatic),23.12,539.2,No
6975-UQCGI,Female,0,Yes,No,60,Yes,No,DSL,Yes,No,Yes,No,Yes,No,One year,Yes,Bank transfer (automatic),53.78,3161.58,No
6976-EDCZM,Male,0,No,No,4,Yes,Yes,DSL,Yes,No,No,No,No,No,Month-to-month,No,Bank transfer (automatic),49.63,122.5,Yes
6977-IWGHJ,Male,1,Yes,Yes,27,Yes,No,DSL,No,No,Yes,Yes,Yes,No,Month-to-month,Yes,Bank transfer (automatic),55.3,1525.46,Yes
6978-ATUUA,Male,0,No,Yes,65,Yes,No,Fiber optic,No,Yes,No,No,No,No,Month-to-month,No,Electronic check,68.64,4463.08,Yes
6979-SBLWM,Female,0,Yes,No,14,Yes,Yes,Fiber optic,No,No,No,Yes,No,Yes,Month-to-month,Yes,Electronic check,56.53,804.84,No
6980-NECXQ,Male,0,No,No,54,Yes,No,Fiber optic,No,No,No,Yes,Yes,No,Month-to-month,Yes,Bank transfer (automatic),71.84,3907.55,Yes
6981-ANFQD,Female,0,Yes,No,37,Yes,Yes,Fiber optic,No,Yes,Yes,No,No,No,Month-to-month,No,Credit card (automatic),70.17,2611.95,Yes
6982-FAIDI,Male,0,No,No,22,No,No phone service,No,No internet service,No internet service,No internet service,No internet service,No internet service,No internet service,Month-to-month,Yes,Electronic check,18.88,381.18,Yes
6983-IVMWQ,Male,0,Yes,No,13,No,No phone service,Fiber optic,No,Yes,No,Yes,Yes,No,Two year,Yes,Credit card (automatic),67.15,863.12,Yes
6984-UCZZF,Female,1,Yes,No,31,Yes,No,Fiber optic,Yes,Yes,No,Yes,Yes,No,Month-to-month,No,Mailed check,78.96,2409.34,Yes
6985-TONMI,Female,0,No,Yes,43,Yes,No,Fiber optic,No,No,Yes,No,No,No,One year,No,Electronic check,54.42,2356.69,Yes
6986-WONDK,Female,0,Yes,No,69,Yes,Yes,DSL,No,No,No,Yes,No,No,Two year,Yes,Credit card (automatic),40.1,2701.51,No
6987-VBPSP,Female,0,Yes,No,57,Yes,No,No,No internet service,No internet service,No internet service,No internet service,No internet service,No internet service,One year,Yes,Credit card (automatic),18.25,996.64,No
6988-GKLDP,Female,0,No,No,3,Yes,Yes,Fiber optic,No,No,Yes,Yes,No,No,Month-to-month,No,Credit card (automatic),61.48,187.05,Yes
6989-ZPGYM,Female,0,No,Yes,61,Yes,No,Fiber optic,Yes,Yes,No,Yes,No,No,Month-to-month,Yes,Mailed check,56.42,3428.63,No
6990-EAEVN,Male,0,Yes,No,59,No,No phone service,DSL,No,No,No,Yes,Yes,No,Month-to-month,Yes,Credit card (automatic),56.27,3266.76,No
6991-KBXRO,Female,0,Yes,No,58,Yes,No,Fiber optic,Yes,No,No,No,No,No,Two year,No,Electronic check,68.49,3827.34,No
6992-NYMBS,Male,0,No,Yes,28,Yes,Yes,Fiber optic,No,No,Yes,No,No,Yes,One year,No,Electronic check,64.18,1777.06,No
6993-HVQOT,Male,0,Yes,Yes,18,Yes,No,Fiber optic,Yes,Yes,Yes,No,No,Yes,Month-to-month,Yes,Mailed check,80.76,1450.55,No
6994-UNCQC,Male,0,Yes,No,16,Yes,No,Fiber optic,No,Yes,No,No,Yes,No,One year,Yes,Mailed check,79.23,1296.36,No
6995-MYRAG,Female,1,No,Yes,3,Yes,Yes,No,No internet service,No internet service,No internet service,No internet service,No internet service,No internet service,Month-to-month,No,Credit card (automatic),18.25,35.15,No
6996-WEBQU,Female,0,Yes,Yes,43,Yes,No,DSL,No,No,Yes,Yes,No,No,Month-to-month,Yes,Bank transfer (automatic),39.45,1742.28,Yes
6997-JDIUK,Male,0,No,No,3,Yes,No,DSL,No,No,No,Yes,No,Yes,Month-to-month,No,Bank transfer (automatic),40.19,160.49,Yes
6998-ZLLRD,Male,0,No,Yes,58,No,No phone service,No,No internet service,No internet service,No internet service,No internet service,No internet service,No internet service,Month-to-month,Yes,Electronic check,18.25,1047.66,No
6999-IHSXM,Male,0,No,Yes,11,Yes,Yes,DSL,No,No,Yes,No,No,No,Month-to-month,Yes,Credit card (automatic),33.53,401.37,No
7000-BSNEZ,Female,0,No,No,46,Yes,No,No,No internet service,No internet service,No internet service,No internet service,No internet service,No internet service,Month-to-month,Yes,Electronic check,18.25,880.82,No
7001-JXQTP,Male,0,No,Yes,6,Yes,Yes,DSL,No,No,Yes,No,Yes,No,Month-to-month,Yes,Electronic check,58.12,323.47,Yes
7002-QAUVO,Female,0,No,No,11,Yes,No,Fiber optic,No,Yes,No,Yes,No,No,Month-to-month,No,Mailed check,64.76,685.99,Yes
7003-QKVED,Male,0,No,No,70,Yes,Yes,No,No internet service,No internet service,No internet service,No internet service,No internet service,No internet service,Month-to-month,No,Mailed check,18.25,1288.03,No
7004-ZUXIP,Female,0,Yes,Yes,53,Yes,No,Fiber optic,Yes,No,No,No,No,Yes,One year,Yes,Bank transfer (automatic),75.74,3995.28,No
7005-LRVCO,Female,0,Yes,No,57,Yes,Yes,Fiber optic,No,Yes,No,Yes,No,No,Month-to-month,Yes,Credit card (automatic),66.92,3909.35,Yes
7006-RLMAD,Male,0,No,Yes,62,Yes,Yes,DSL,No,No,No,Yes,No,Yes,Month-to-month,Yes,Credit card (automatic),45.9,2881.01,Yes
7007-HSUZU,Female,0,Yes,Yes,14,No,No phone service,DSL,Yes,No,No,Yes,Yes,No,One year,No,Credit card (automatic),55.08,785.94,No
7008-EKYXX,Male,1,Yes,No,36,Yes,No,No,No internet service,No internet service,No internet service,No internet service,No internet service,No internet service,One year,Yes,Mailed check,25.59,893.33,No
7009-QQBXZ,Male,0,No,Yes,55,Yes,No,No,No internet service,No internet service,No internet service,No internet service,No internet service,No internet service,Two year,Yes,Bank transfer (automatic),18.25,1088.97,No
7010-ADIBC,Male,0,No,No,72,Yes,Yes,DSL,No,No,No,No,No,No,One year,No,Mailed check,37.58,2682.73,No
7011-FMOKJ,Male,0,Yes,No,30,Yes,Yes,No,No internet service,No internet service,No internet service,No internet service,No internet service,No internet service,Two year,No,Credit card (automatic),18.25,567.51,No
7012-CTIYJ,Male,0,Yes,No,14,Yes,Yes,Fiber optic,Yes,Yes,Yes,Yes,No,No,Month-to-month,No,Bank transfer (automatic),72.08,1062.77,No
7013-UWYXW,Female,0,Yes,No,1,Yes,No,Fiber optic,No,No,No,Yes,No,No,Month-to-month,No,Mailed check,57.49,80.04,Yes
7014-LHUUU,Male,0,No,No,12,No,No phone service,DSL,No,No,No,No,Yes,No,Month-to-month,Yes,Bank transfer (automatic),50.05,565.58,No
7015-QVEXH,Female,0,No,No,4,Yes,No,Fiber optic,No,Yes,No,No,Yes,No,Month-to-month,Yes,Electronic check,70.56,292.91,Yes
7016-RKVJZ,Male,1,Yes,No,47,Yes,No,Fiber optic,Yes,No,No,Yes,Yes,No,Month-to-month,No,Electronic check,72.21,3383.5,No
7017-OFSQW,Male,0,No,No,32,Yes,No,Fiber optic,No,Yes,No,No,No,Yes,Month-to-month,No,Electronic check,84.57,2677.33,Yes
7018-JEPLZ,Female,0,Yes,No,31,Yes,No,Fiber optic,No,No,No,Yes,Yes,No,Two year,No,Mailed check,66.0,2111.94,No
7019-UXEUA,Male,0,No,No,52,Yes,Yes,Fiber optic,No,Yes,No,Yes,Yes,No,Month-to-month,Yes,Mailed check,82.48,4306.15,No
7020-BEWSO,Male,0,Yes,No,20,Yes,No,DSL,No,No,No,No,No,No,Two year,Yes,Bank transfer (automatic),34.45,728.47,Yes
7021-AKRCI,Female,0,No,No,65,Yes,No,DSL,No,No,Yes,No,Yes,No,Month-to-month,Yes,Mailed check,57.92,3740.04,No
7022-XDXMI,Female,1,Yes,Yes,60,Yes,No,DSL,No,No,No,Yes,Yes,Yes,Month-to-month,No,Electronic check,59.26,3537.79,No
7023-CPVHZ,Male,1,Yes,No,53,No,No phone service,No,No internet service,No internet service,No internet service,No internet service,No internet service,No internet service,Two year,Yes,Electronic check,21.79,1151.65,No
7024-GYWQY,Male,0,Yes,Yes,40,Yes,Yes,No,No internet service,No internet service,No internet service,No internet service,No internet service,No internet service,Month-to-month,Yes,Electronic check,18.25,748.5,No
7025-PUVRP,Male,1,Yes,Yes,37,Yes,Yes,No,No internet service,No internet service,No internet service,No internet service,No internet service,No internet service,Month-to-month,No,Electronic check,21.31,862.14,No
7026-OBTDE,Male,0,No,Yes,32,Yes,Yes,DSL,No,No,No,No,Yes,No,Month-to-month,Yes,Electronic check,51.83,1656.61,Yes
7027-GOQJT,Male,0,No,No,7,Yes,No,No,No internet service,No internet service,No internet service,No internet service,No internet service,No internet service,Two year,Yes,Bank transfer (automatic),20.05,83.77,No
7028-IPXCV,Male,0,No,No,35,Yes,No,DSL,Yes,Yes,Yes,Yes,Yes,No,Month-to-month,Yes,Bank transfer (automatic),52.91,1883.14,No
7029-IHWGQ,Male,0,Yes,No,32,Yes,No,Fiber optic,No,No,No,Yes,No,No,One year,No,Mailed check,55.64,1755.81,No
7030-EGMRV,Male,0,Yes,No,28,Yes,No,Fiber optic,No,No,No,No,Yes,No,One year,Yes,Electronic check,63.67,1773.24,No
7031-NRCQS,Male,0,Yes,No,56,Yes,Yes,DSL,No,Yes,No,Yes,No,Yes,Month-to-month,No,Electronic check,54.75,3146.61,No
7032-GUDOX,Female,0,Yes,No,71,Yes,No,Fiber optic,Yes,No,Yes,No,No,No,Month-to-month,Yes,Mailed check,60.06,4235.33,No
7033-HPAYP,Female,0,Yes,No,60,Yes,No,DSL,Yes,Yes,Yes,Yes,No,No,Month-to-month,Yes,Credit card (automatic),44.0,2613.74,No
7034-YBBHL,Male,1,No,Yes,54,Yes,No,Fiber optic,No,No,No,Yes,No,Yes,Month-to-month,Yes,Electronic check,64.11,3426.24,Yes
7035-KFSRE,Female,0,Yes,No,51,Yes,Yes,Fiber optic,Yes,Yes,Yes,No,Yes,No,Two year,Yes,Electronic check,75.5,3802.44,No
7036-OHFLS,Female,0,No,No,42,No,No phone service,Fiber optic,No,No,No,No,Yes,No,Month-to-month,No,Mailed check,82.62,3439.27,Yes
7037-LLIXJ,Male,0,No,No,25,Yes,No,Fiber optic,No,Yes,Yes,No,Yes,Yes,Month-to-month,Yes,Bank transfer (automatic),87.07,2188.78,Yes
7038-VQRPD,Female,0,Yes,Yes,1,Yes,No,DSL,Yes,Yes,No,Yes,No,Yes,One year,Yes,Mailed check,60.32,18.8,No
7039-RCPNX,Female,0,No,No,54,Yes,No,No,No internet service,No internet service,No internet service,No internet service,No internet service,No internet service,Month-to-month,Yes,Bank transfer (automatic),21.3,1110.02,No
7040-IFDBW,Female,0,Yes,Yes,17,Yes,No,No,No internet service,No internet service,No internet service,No internet service,No internet service,No internet service,Two year,Yes,Electronic check,18.25,295.01,No
7041-JKGZY,Female,0,Yes,Yes,49,Yes,Yes,No,No internet service,No internet service,No internet service,No internet service,No internet service,No internet service,Month-to-month,Yes,Electronic check,24.17,1233.42,No
7042-EZDZF,Female,0,Yes,No,44,Yes,No,Fiber optic,No,No,No,No,No,No,Two year,No,Electronic check,63.66,2899.44,Yes
7043-BBPYW,Male,0,No,No,14,Yes,No,No,No internet service,No internet service,No internet service,No internet service,No internet service,No internet service,Month-to-month,No,Credit card (automatic),22.07,260.86,Yes
